2026/07/17 04:28:54 - mmengine - INFO - 
------------------------------------------------------------
System environment:
    sys.platform: linux
    Python: 3.10.20 (main, Mar  3 2026, 09:24:47) [GCC 13.3.0]
    CUDA available: True
    MUSA available: False
    numpy_random_seed: 1291609986
    GPU 0: NVIDIA GeForce RTX 5050 Laptop GPU
    CUDA_HOME: None
    GCC: x86_64-linux-gnu-gcc (Ubuntu 13.3.0-6ubuntu2~24.04.1) 13.3.0
    PyTorch: 2.7.1+cu128
    PyTorch compiling details: PyTorch built with:
  - GCC 11.2
  - C++ Version: 201703
  - Intel(R) oneAPI Math Kernel Library Version 2024.2-Product Build 20240605 for Intel(R) 64 architecture applications
  - Intel(R) MKL-DNN v3.7.1 (Git Hash 8d263e693366ef8db40acc569cc7d8edf644556d)
  - OpenMP 201511 (a.k.a. OpenMP 4.5)
  - LAPACK is enabled (usually provided by MKL)
  - NNPACK is enabled
  - CPU capability usage: AVX2
  - CUDA Runtime 12.8
  - NVCC architecture flags: -gencode;arch=compute_75,code=sm_75;-gencode;arch=compute_80,code=sm_80;-gencode;arch=compute_86,code=sm_86;-gencode;arch=compute_90,code=sm_90;-gencode;arch=compute_100,code=sm_100;-gencode;arch=compute_120,code=sm_120;-gencode;arch=compute_120,code=compute_120
  - CuDNN 90.7.1
  - Magma 2.6.1
  - Build settings: BLAS_INFO=mkl, BUILD_TYPE=Release, COMMIT_SHA=e2d141dbde55c2a4370fac5165b0561b6af4798b, CUDA_VERSION=12.8, CUDNN_VERSION=9.7.1, CXX_COMPILER=/opt/rh/gcc-toolset-11/root/usr/bin/c++, CXX_FLAGS= -D_GLIBCXX_USE_CXX11_ABI=1 -fvisibility-inlines-hidden -DUSE_PTHREADPOOL -DNDEBUG -DUSE_KINETO -DLIBKINETO_NOROCTRACER -DLIBKINETO_NOXPUPTI=ON -DUSE_FBGEMM -DUSE_PYTORCH_QNNPACK -DUSE_XNNPACK -DSYMBOLICATE_MOBILE_DEBUG_HANDLE -O2 -fPIC -Wall -Wextra -Werror=return-type -Werror=non-virtual-dtor -Werror=range-loop-construct -Werror=bool-operation -Wnarrowing -Wno-missing-field-initializers -Wno-unknown-pragmas -Wno-unused-parameter -Wno-strict-overflow -Wno-strict-aliasing -Wno-stringop-overflow -Wsuggest-override -Wno-psabi -Wno-error=old-style-cast -fdiagnostics-color=always -faligned-new -Wno-maybe-uninitialized -fno-math-errno -fno-trapping-math -Werror=format -Wno-stringop-overflow, LAPACK_INFO=mkl, PERF_WITH_AVX=1, PERF_WITH_AVX2=1, TORCH_VERSION=2.7.1, USE_CUDA=ON, USE_CUDNN=ON, USE_CUSPARSELT=1, USE_GFLAGS=OFF, USE_GLOG=OFF, USE_GLOO=ON, USE_MKL=ON, USE_MKLDNN=ON, USE_MPI=OFF, USE_NCCL=1, USE_NNPACK=ON, USE_OPENMP=ON, USE_ROCM=OFF, USE_ROCM_KERNEL_ASSERT=OFF, 

    TorchVision: 0.22.1+cu128
    OpenCV: 4.8.1
    MMEngine: 0.10.7

Runtime environment:
    cudnn_benchmark: True
    mp_cfg: {'mp_start_method': 'fork', 'opencv_num_threads': 0}
    dist_cfg: {'backend': 'nccl'}
    seed: 1291609986
    Distributed launcher: none
    Distributed training: False
    GPU number: 1
------------------------------------------------------------

2026/07/17 04:28:54 - mmengine - INFO - Config:
checkpoint = 'https://download.openmmlab.com/mmsegmentation/v0.5/pretrain/segformer/mit_b2_20220624-66e8bf70.pth'
crop_size = (
    512,
    512,
)
data_preprocessor = dict(
    bgr_to_rgb=True,
    mean=[
        123.675,
        116.28,
        103.53,
    ],
    pad_val=0,
    seg_pad_val=255,
    size=(
        512,
        512,
    ),
    std=[
        58.395,
        57.12,
        57.375,
    ],
    type='SegDataPreProcessor')
data_root = 'data/dataset_CASIA2.0/'
dataset_type = 'BaseSegDataset'
default_hooks = dict(
    checkpoint=dict(
        by_epoch=False,
        interval=4000,
        max_keep_ckpts=5,
        rule='greater',
        save_best='mIoU',
        type='CheckpointHook'),
    logger=dict(interval=50, log_metric_by_epoch=False, type='LoggerHook'),
    param_scheduler=dict(type='ParamSchedulerHook'),
    sampler_seed=dict(type='DistSamplerSeedHook'),
    timer=dict(type='IterTimerHook'),
    visualization=dict(type='SegVisualizationHook'))
default_scope = 'mmseg'
env_cfg = dict(
    cudnn_benchmark=True,
    dist_cfg=dict(backend='nccl'),
    mp_cfg=dict(mp_start_method='fork', opencv_num_threads=0))
img_ratios = [
    0.5,
    0.75,
    1.0,
    1.25,
    1.5,
    1.75,
]
launcher = 'none'
load_from = None
log_level = 'INFO'
log_processor = dict(by_epoch=False)
metainfo = dict(
    classes=(
        'background',
        'forgery',
    ),
    palette=[
        [
            0,
            0,
            0,
        ],
        [
            255,
            0,
            0,
        ],
    ])
model = dict(
    backbone=dict(
        attn_drop_rate=0.0,
        drop_path_rate=0.1,
        drop_rate=0.0,
        embed_dims=64,
        in_channels=3,
        init_cfg=dict(
            checkpoint=
            'https://download.openmmlab.com/mmsegmentation/v0.5/pretrain/segformer/mit_b2_20220624-66e8bf70.pth',
            type='Pretrained'),
        mlp_ratio=4,
        num_heads=[
            1,
            2,
            5,
            8,
        ],
        num_layers=[
            3,
            4,
            6,
            3,
        ],
        num_stages=4,
        out_indices=(
            0,
            1,
            2,
            3,
        ),
        patch_sizes=[
            7,
            3,
            3,
            3,
        ],
        qkv_bias=True,
        sr_ratios=[
            8,
            4,
            2,
            1,
        ],
        type='MixVisionTransformer'),
    data_preprocessor=dict(
        bgr_to_rgb=True,
        mean=[
            123.675,
            116.28,
            103.53,
        ],
        pad_val=0,
        seg_pad_val=255,
        size=(
            512,
            512,
        ),
        std=[
            58.395,
            57.12,
            57.375,
        ],
        type='SegDataPreProcessor'),
    decode_head=dict(
        align_corners=False,
        channels=256,
        dropout_ratio=0.1,
        ignore_index=255,
        in_channels=[
            64,
            128,
            320,
            512,
        ],
        in_index=[
            0,
            1,
            2,
            3,
        ],
        loss_decode=[
            dict(loss_weight=1.0, type='CrossEntropyLoss', use_sigmoid=False),
            dict(ignore_index=255, loss_weight=1.0, type='DiceLoss'),
        ],
        norm_cfg=dict(requires_grad=True, type='SyncBN'),
        num_classes=2,
        type='SegformerHead'),
    pretrained=None,
    test_cfg=dict(mode='whole'),
    train_cfg=dict(),
    type='EncoderDecoder')
model_version = 'segformer_v2.0.0'
norm_cfg = dict(requires_grad=True, type='SyncBN')
optim_wrapper = dict(
    optimizer=dict(
        betas=(
            0.9,
            0.999,
        ), lr=1e-05, type='AdamW', weight_decay=0.01),
    paramwise_cfg=dict(
        custom_keys=dict(
            backbone=dict(decay_mult=1.0, lr_mult=0.1),
            decode_head=dict(lr_mult=10.0),
            head=dict(lr_mult=10.0),
            norm=dict(decay_mult=0.0),
            pos_block=dict(decay_mult=0.0))),
    type='AmpOptimWrapper')
optimizer = dict(lr=0.01, momentum=0.9, type='SGD', weight_decay=0.0005)
param_scheduler = [
    dict(
        begin=0, by_epoch=False, end=1500, start_factor=1e-06,
        type='LinearLR'),
    dict(
        begin=1500,
        by_epoch=False,
        end=160000,
        eta_min=0,
        power=1.0,
        type='PolyLR'),
]
resume = False
test_cfg = dict(type='TestLoop')
test_dataloader = dict(
    batch_size=4,
    dataset=dict(
        data_prefix=dict(
            img_path='images/val', seg_map_path='annotations/val'),
        data_root='data/dataset_CASIA2.0/',
        metainfo=dict(
            classes=(
                'background',
                'forgery',
            ),
            palette=[
                [
                    0,
                    0,
                    0,
                ],
                [
                    255,
                    0,
                    0,
                ],
            ]),
        pipeline=[
            dict(type='LoadImageFromFile'),
            dict(keep_ratio=False, scale=(
                512,
                512,
            ), type='Resize'),
            dict(reduce_zero_label=False, type='LoadAnnotations'),
            dict(type='PackSegInputs'),
        ],
        type='BaseSegDataset'),
    num_workers=4,
    persistent_workers=True,
    sampler=dict(shuffle=False, type='DefaultSampler'))
test_evaluator = dict(
    iou_metrics=[
        'mIoU',
        'mDice',
    ], type='IoUMetric')
test_pipeline = [
    dict(type='LoadImageFromFile'),
    dict(keep_ratio=False, scale=(
        512,
        512,
    ), type='Resize'),
    dict(reduce_zero_label=False, type='LoadAnnotations'),
    dict(type='PackSegInputs'),
]
train_cfg = dict(
    max_iters=160000, type='IterBasedTrainLoop', val_interval=4000)
train_dataloader = dict(
    batch_size=8,
    dataset=dict(
        data_prefix=dict(
            img_path='images/train', seg_map_path='annotations/train'),
        data_root='data/dataset_CASIA2.0/',
        metainfo=dict(
            classes=(
                'background',
                'forgery',
            ),
            palette=[
                [
                    0,
                    0,
                    0,
                ],
                [
                    255,
                    0,
                    0,
                ],
            ]),
        pipeline=[
            dict(type='LoadImageFromFile'),
            dict(reduce_zero_label=False, type='LoadAnnotations'),
            dict(
                ratio_range=(
                    0.5,
                    2.0,
                ),
                scale=(
                    512,
                    512,
                ),
                type='RandomResize'),
            dict(crop_size=(
                512,
                512,
            ), type='RandomCrop'),
            dict(prob=0.5, type='RandomFlip'),
            dict(type='PhotoMetricDistortion'),
            dict(type='PackSegInputs'),
        ],
        type='BaseSegDataset'),
    num_workers=4,
    persistent_workers=True,
    sampler=dict(shuffle=True, type='InfiniteSampler'))
train_pipeline = [
    dict(type='LoadImageFromFile'),
    dict(reduce_zero_label=False, type='LoadAnnotations'),
    dict(ratio_range=(
        0.5,
        2.0,
    ), scale=(
        512,
        512,
    ), type='RandomResize'),
    dict(crop_size=(
        512,
        512,
    ), type='RandomCrop'),
    dict(prob=0.5, type='RandomFlip'),
    dict(type='PhotoMetricDistortion'),
    dict(type='PackSegInputs'),
]
tta_model = dict(type='SegTTAModel')
tta_pipeline = [
    dict(backend_args=None, type='LoadImageFromFile'),
    dict(
        transforms=[
            [
                dict(keep_ratio=True, scale_factor=0.5, type='Resize'),
                dict(keep_ratio=True, scale_factor=0.75, type='Resize'),
                dict(keep_ratio=True, scale_factor=1.0, type='Resize'),
                dict(keep_ratio=True, scale_factor=1.25, type='Resize'),
                dict(keep_ratio=True, scale_factor=1.5, type='Resize'),
                dict(keep_ratio=True, scale_factor=1.75, type='Resize'),
            ],
            [
                dict(direction='horizontal', prob=0.0, type='RandomFlip'),
                dict(direction='horizontal', prob=1.0, type='RandomFlip'),
            ],
            [
                dict(type='LoadAnnotations'),
            ],
            [
                dict(type='PackSegInputs'),
            ],
        ],
        type='TestTimeAug'),
]
val_cfg = dict(type='ValLoop')
val_dataloader = dict(
    batch_size=4,
    dataset=dict(
        data_prefix=dict(
            img_path='images/val', seg_map_path='annotations/val'),
        data_root='data/dataset_CASIA2.0/',
        metainfo=dict(
            classes=(
                'background',
                'forgery',
            ),
            palette=[
                [
                    0,
                    0,
                    0,
                ],
                [
                    255,
                    0,
                    0,
                ],
            ]),
        pipeline=[
            dict(type='LoadImageFromFile'),
            dict(keep_ratio=False, scale=(
                512,
                512,
            ), type='Resize'),
            dict(reduce_zero_label=False, type='LoadAnnotations'),
            dict(type='PackSegInputs'),
        ],
        type='BaseSegDataset'),
    num_workers=4,
    persistent_workers=True,
    sampler=dict(shuffle=False, type='DefaultSampler'))
val_evaluator = dict(
    iou_metrics=[
        'mIoU',
        'mDice',
    ], type='IoUMetric')
vis_backends = [
    dict(type='LocalVisBackend'),
]
visualizer = dict(
    name='visualizer',
    type='SegLocalVisualizer',
    vis_backends=[
        dict(type='LocalVisBackend'),
    ])
work_dir = './work_dirs/segformer_v2.0.0'

2026/07/17 04:28:56 - mmengine - INFO - Distributed training is not used, all SyncBatchNorm (SyncBN) layers in the model will be automatically reverted to BatchNormXd layers if they are used.
2026/07/17 04:28:56 - mmengine - INFO - Hooks will be executed in the following order:
before_run:
(VERY_HIGH   ) RuntimeInfoHook                    
(BELOW_NORMAL) LoggerHook                         
 -------------------- 
before_train:
(VERY_HIGH   ) RuntimeInfoHook                    
(NORMAL      ) IterTimerHook                      
(VERY_LOW    ) CheckpointHook                     
 -------------------- 
before_train_epoch:
(VERY_HIGH   ) RuntimeInfoHook                    
(NORMAL      ) IterTimerHook                      
(NORMAL      ) DistSamplerSeedHook                
 -------------------- 
before_train_iter:
(VERY_HIGH   ) RuntimeInfoHook                    
(NORMAL      ) IterTimerHook                      
 -------------------- 
after_train_iter:
(VERY_HIGH   ) RuntimeInfoHook                    
(NORMAL      ) IterTimerHook                      
(BELOW_NORMAL) LoggerHook                         
(LOW         ) ParamSchedulerHook                 
(VERY_LOW    ) CheckpointHook                     
 -------------------- 
after_train_epoch:
(NORMAL      ) IterTimerHook                      
(LOW         ) ParamSchedulerHook                 
(VERY_LOW    ) CheckpointHook                     
 -------------------- 
before_val:
(VERY_HIGH   ) RuntimeInfoHook                    
 -------------------- 
before_val_epoch:
(NORMAL      ) IterTimerHook                      
 -------------------- 
before_val_iter:
(NORMAL      ) IterTimerHook                      
 -------------------- 
after_val_iter:
(NORMAL      ) IterTimerHook                      
(NORMAL      ) SegVisualizationHook               
(BELOW_NORMAL) LoggerHook                         
 -------------------- 
after_val_epoch:
(VERY_HIGH   ) RuntimeInfoHook                    
(NORMAL      ) IterTimerHook                      
(BELOW_NORMAL) LoggerHook                         
(LOW         ) ParamSchedulerHook                 
(VERY_LOW    ) CheckpointHook                     
 -------------------- 
after_val:
(VERY_HIGH   ) RuntimeInfoHook                    
 -------------------- 
after_train:
(VERY_HIGH   ) RuntimeInfoHook                    
(VERY_LOW    ) CheckpointHook                     
 -------------------- 
before_test:
(VERY_HIGH   ) RuntimeInfoHook                    
 -------------------- 
before_test_epoch:
(NORMAL      ) IterTimerHook                      
 -------------------- 
before_test_iter:
(NORMAL      ) IterTimerHook                      
 -------------------- 
after_test_iter:
(NORMAL      ) IterTimerHook                      
(NORMAL      ) SegVisualizationHook               
(BELOW_NORMAL) LoggerHook                         
 -------------------- 
after_test_epoch:
(VERY_HIGH   ) RuntimeInfoHook                    
(NORMAL      ) IterTimerHook                      
(BELOW_NORMAL) LoggerHook                         
 -------------------- 
after_test:
(VERY_HIGH   ) RuntimeInfoHook                    
 -------------------- 
after_run:
(BELOW_NORMAL) LoggerHook                         
 -------------------- 
2026/07/17 04:28:56 - mmengine - INFO - paramwise_options -- backbone.layers.0.0.projection.weight:lr=1.0000000000000002e-06
2026/07/17 04:28:56 - mmengine - INFO - paramwise_options -- backbone.layers.0.0.projection.weight:weight_decay=0.01
2026/07/17 04:28:56 - mmengine - INFO - paramwise_options -- backbone.layers.0.0.projection.weight:lr_mult=0.1
2026/07/17 04:28:56 - mmengine - INFO - paramwise_options -- backbone.layers.0.0.projection.weight:decay_mult=1.0
2026/07/17 04:28:56 - mmengine - INFO - paramwise_options -- backbone.layers.0.0.projection.bias:lr=1.0000000000000002e-06
2026/07/17 04:28:56 - mmengine - INFO - paramwise_options -- backbone.layers.0.0.projection.bias:weight_decay=0.01
2026/07/17 04:28:56 - mmengine - INFO - paramwise_options -- backbone.layers.0.0.projection.bias:lr_mult=0.1
2026/07/17 04:28:56 - mmengine - INFO - paramwise_options -- backbone.layers.0.0.projection.bias:decay_mult=1.0
2026/07/17 04:28:56 - mmengine - INFO - paramwise_options -- backbone.layers.0.0.norm.weight:lr=1.0000000000000002e-06
2026/07/17 04:28:56 - mmengine - INFO - paramwise_options -- backbone.layers.0.0.norm.weight:weight_decay=0.01
2026/07/17 04:28:56 - mmengine - INFO - paramwise_options -- backbone.layers.0.0.norm.weight:lr_mult=0.1
2026/07/17 04:28:56 - mmengine - INFO - paramwise_options -- backbone.layers.0.0.norm.weight:decay_mult=1.0
2026/07/17 04:28:56 - mmengine - INFO - paramwise_options -- backbone.layers.0.0.norm.bias:lr=1.0000000000000002e-06
2026/07/17 04:28:56 - mmengine - INFO - paramwise_options -- backbone.layers.0.0.norm.bias:weight_decay=0.01
2026/07/17 04:28:56 - mmengine - INFO - paramwise_options -- backbone.layers.0.0.norm.bias:lr_mult=0.1
2026/07/17 04:28:56 - mmengine - INFO - paramwise_options -- backbone.layers.0.0.norm.bias:decay_mult=1.0
2026/07/17 04:28:56 - mmengine - INFO - paramwise_options -- backbone.layers.0.1.0.norm1.weight:lr=1.0000000000000002e-06
2026/07/17 04:28:56 - mmengine - INFO - paramwise_options -- backbone.layers.0.1.0.norm1.weight:weight_decay=0.01
2026/07/17 04:28:56 - mmengine - INFO - paramwise_options -- backbone.layers.0.1.0.norm1.weight:lr_mult=0.1
2026/07/17 04:28:56 - mmengine - INFO - paramwise_options -- backbone.layers.0.1.0.norm1.weight:decay_mult=1.0
2026/07/17 04:28:56 - mmengine - INFO - paramwise_options -- backbone.layers.0.1.0.norm1.bias:lr=1.0000000000000002e-06
2026/07/17 04:28:56 - mmengine - INFO - paramwise_options -- backbone.layers.0.1.0.norm1.bias:weight_decay=0.01
2026/07/17 04:28:56 - mmengine - INFO - paramwise_options -- backbone.layers.0.1.0.norm1.bias:lr_mult=0.1
2026/07/17 04:28:56 - mmengine - INFO - paramwise_options -- backbone.layers.0.1.0.norm1.bias:decay_mult=1.0
2026/07/17 04:28:56 - mmengine - INFO - paramwise_options -- backbone.layers.0.1.0.attn.attn.in_proj_weight:lr=1.0000000000000002e-06
2026/07/17 04:28:56 - mmengine - INFO - paramwise_options -- backbone.layers.0.1.0.attn.attn.in_proj_weight:weight_decay=0.01
2026/07/17 04:28:56 - mmengine - INFO - paramwise_options -- backbone.layers.0.1.0.attn.attn.in_proj_weight:lr_mult=0.1
2026/07/17 04:28:56 - mmengine - INFO - paramwise_options -- backbone.layers.0.1.0.attn.attn.in_proj_weight:decay_mult=1.0
2026/07/17 04:28:56 - mmengine - INFO - paramwise_options -- backbone.layers.0.1.0.attn.attn.in_proj_bias:lr=1.0000000000000002e-06
2026/07/17 04:28:56 - mmengine - INFO - paramwise_options -- backbone.layers.0.1.0.attn.attn.in_proj_bias:weight_decay=0.01
2026/07/17 04:28:56 - mmengine - INFO - paramwise_options -- backbone.layers.0.1.0.attn.attn.in_proj_bias:lr_mult=0.1
2026/07/17 04:28:56 - mmengine - INFO - paramwise_options -- backbone.layers.0.1.0.attn.attn.in_proj_bias:decay_mult=1.0
2026/07/17 04:28:56 - mmengine - INFO - paramwise_options -- backbone.layers.0.1.0.attn.attn.out_proj.weight:lr=1.0000000000000002e-06
2026/07/17 04:28:56 - mmengine - INFO - paramwise_options -- backbone.layers.0.1.0.attn.attn.out_proj.weight:weight_decay=0.01
2026/07/17 04:28:56 - mmengine - INFO - paramwise_options -- backbone.layers.0.1.0.attn.attn.out_proj.weight:lr_mult=0.1
2026/07/17 04:28:56 - mmengine - INFO - paramwise_options -- backbone.layers.0.1.0.attn.attn.out_proj.weight:decay_mult=1.0
2026/07/17 04:28:56 - mmengine - INFO - paramwise_options -- backbone.layers.0.1.0.attn.attn.out_proj.bias:lr=1.0000000000000002e-06
2026/07/17 04:28:56 - mmengine - INFO - paramwise_options -- backbone.layers.0.1.0.attn.attn.out_proj.bias:weight_decay=0.01
2026/07/17 04:28:56 - mmengine - INFO - paramwise_options -- backbone.layers.0.1.0.attn.attn.out_proj.bias:lr_mult=0.1
2026/07/17 04:28:56 - mmengine - INFO - paramwise_options -- backbone.layers.0.1.0.attn.attn.out_proj.bias:decay_mult=1.0
2026/07/17 04:28:56 - mmengine - INFO - paramwise_options -- backbone.layers.0.1.0.attn.sr.weight:lr=1.0000000000000002e-06
2026/07/17 04:28:56 - mmengine - INFO - paramwise_options -- backbone.layers.0.1.0.attn.sr.weight:weight_decay=0.01
2026/07/17 04:28:56 - mmengine - INFO - paramwise_options -- backbone.layers.0.1.0.attn.sr.weight:lr_mult=0.1
2026/07/17 04:28:56 - mmengine - INFO - paramwise_options -- backbone.layers.0.1.0.attn.sr.weight:decay_mult=1.0
2026/07/17 04:28:56 - mmengine - INFO - paramwise_options -- backbone.layers.0.1.0.attn.sr.bias:lr=1.0000000000000002e-06
2026/07/17 04:28:56 - mmengine - INFO - paramwise_options -- backbone.layers.0.1.0.attn.sr.bias:weight_decay=0.01
2026/07/17 04:28:56 - mmengine - INFO - paramwise_options -- backbone.layers.0.1.0.attn.sr.bias:lr_mult=0.1
2026/07/17 04:28:56 - mmengine - INFO - paramwise_options -- backbone.layers.0.1.0.attn.sr.bias:decay_mult=1.0
2026/07/17 04:28:56 - mmengine - INFO - paramwise_options -- backbone.layers.0.1.0.attn.norm.weight:lr=1.0000000000000002e-06
2026/07/17 04:28:56 - mmengine - INFO - paramwise_options -- backbone.layers.0.1.0.attn.norm.weight:weight_decay=0.01
2026/07/17 04:28:56 - mmengine - INFO - paramwise_options -- backbone.layers.0.1.0.attn.norm.weight:lr_mult=0.1
2026/07/17 04:28:56 - mmengine - INFO - paramwise_options -- backbone.layers.0.1.0.attn.norm.weight:decay_mult=1.0
2026/07/17 04:28:56 - mmengine - INFO - paramwise_options -- backbone.layers.0.1.0.attn.norm.bias:lr=1.0000000000000002e-06
2026/07/17 04:28:56 - mmengine - INFO - paramwise_options -- backbone.layers.0.1.0.attn.norm.bias:weight_decay=0.01
2026/07/17 04:28:56 - mmengine - INFO - paramwise_options -- backbone.layers.0.1.0.attn.norm.bias:lr_mult=0.1
2026/07/17 04:28:56 - mmengine - INFO - paramwise_options -- backbone.layers.0.1.0.attn.norm.bias:decay_mult=1.0
2026/07/17 04:28:56 - mmengine - INFO - paramwise_options -- backbone.layers.0.1.0.norm2.weight:lr=1.0000000000000002e-06
2026/07/17 04:28:56 - mmengine - INFO - paramwise_options -- backbone.layers.0.1.0.norm2.weight:weight_decay=0.01
2026/07/17 04:28:56 - mmengine - INFO - paramwise_options -- backbone.layers.0.1.0.norm2.weight:lr_mult=0.1
2026/07/17 04:28:56 - mmengine - INFO - paramwise_options -- backbone.layers.0.1.0.norm2.weight:decay_mult=1.0
2026/07/17 04:28:56 - mmengine - INFO - paramwise_options -- backbone.layers.0.1.0.norm2.bias:lr=1.0000000000000002e-06
2026/07/17 04:28:56 - mmengine - INFO - paramwise_options -- backbone.layers.0.1.0.norm2.bias:weight_decay=0.01
2026/07/17 04:28:56 - mmengine - INFO - paramwise_options -- backbone.layers.0.1.0.norm2.bias:lr_mult=0.1
2026/07/17 04:28:56 - mmengine - INFO - paramwise_options -- backbone.layers.0.1.0.norm2.bias:decay_mult=1.0
2026/07/17 04:28:56 - mmengine - INFO - paramwise_options -- backbone.layers.0.1.0.ffn.layers.0.weight:lr=1.0000000000000002e-06
2026/07/17 04:28:56 - mmengine - INFO - paramwise_options -- backbone.layers.0.1.0.ffn.layers.0.weight:weight_decay=0.01
2026/07/17 04:28:56 - mmengine - INFO - paramwise_options -- backbone.layers.0.1.0.ffn.layers.0.weight:lr_mult=0.1
2026/07/17 04:28:56 - mmengine - INFO - paramwise_options -- backbone.layers.0.1.0.ffn.layers.0.weight:decay_mult=1.0
2026/07/17 04:28:56 - mmengine - INFO - paramwise_options -- backbone.layers.0.1.0.ffn.layers.0.bias:lr=1.0000000000000002e-06
2026/07/17 04:28:56 - mmengine - INFO - paramwise_options -- backbone.layers.0.1.0.ffn.layers.0.bias:weight_decay=0.01
2026/07/17 04:28:56 - mmengine - INFO - paramwise_options -- backbone.layers.0.1.0.ffn.layers.0.bias:lr_mult=0.1
2026/07/17 04:28:56 - mmengine - INFO - paramwise_options -- backbone.layers.0.1.0.ffn.layers.0.bias:decay_mult=1.0
2026/07/17 04:28:56 - mmengine - INFO - paramwise_options -- backbone.layers.0.1.0.ffn.layers.1.weight:lr=1.0000000000000002e-06
2026/07/17 04:28:56 - mmengine - INFO - paramwise_options -- backbone.layers.0.1.0.ffn.layers.1.weight:weight_decay=0.01
2026/07/17 04:28:56 - mmengine - INFO - paramwise_options -- backbone.layers.0.1.0.ffn.layers.1.weight:lr_mult=0.1
2026/07/17 04:28:56 - mmengine - INFO - paramwise_options -- backbone.layers.0.1.0.ffn.layers.1.weight:decay_mult=1.0
2026/07/17 04:28:56 - mmengine - INFO - paramwise_options -- backbone.layers.0.1.0.ffn.layers.1.bias:lr=1.0000000000000002e-06
2026/07/17 04:28:56 - mmengine - INFO - paramwise_options -- backbone.layers.0.1.0.ffn.layers.1.bias:weight_decay=0.01
2026/07/17 04:28:56 - mmengine - INFO - paramwise_options -- backbone.layers.0.1.0.ffn.layers.1.bias:lr_mult=0.1
2026/07/17 04:28:56 - mmengine - INFO - paramwise_options -- backbone.layers.0.1.0.ffn.layers.1.bias:decay_mult=1.0
2026/07/17 04:28:56 - mmengine - INFO - paramwise_options -- backbone.layers.0.1.0.ffn.layers.4.weight:lr=1.0000000000000002e-06
2026/07/17 04:28:56 - mmengine - INFO - paramwise_options -- backbone.layers.0.1.0.ffn.layers.4.weight:weight_decay=0.01
2026/07/17 04:28:56 - mmengine - INFO - paramwise_options -- backbone.layers.0.1.0.ffn.layers.4.weight:lr_mult=0.1
2026/07/17 04:28:56 - mmengine - INFO - paramwise_options -- backbone.layers.0.1.0.ffn.layers.4.weight:decay_mult=1.0
2026/07/17 04:28:56 - mmengine - INFO - paramwise_options -- backbone.layers.0.1.0.ffn.layers.4.bias:lr=1.0000000000000002e-06
2026/07/17 04:28:56 - mmengine - INFO - paramwise_options -- backbone.layers.0.1.0.ffn.layers.4.bias:weight_decay=0.01
2026/07/17 04:28:56 - mmengine - INFO - paramwise_options -- backbone.layers.0.1.0.ffn.layers.4.bias:lr_mult=0.1
2026/07/17 04:28:56 - mmengine - INFO - paramwise_options -- backbone.layers.0.1.0.ffn.layers.4.bias:decay_mult=1.0
2026/07/17 04:28:56 - mmengine - INFO - paramwise_options -- backbone.layers.0.1.1.norm1.weight:lr=1.0000000000000002e-06
2026/07/17 04:28:56 - mmengine - INFO - paramwise_options -- backbone.layers.0.1.1.norm1.weight:weight_decay=0.01
2026/07/17 04:28:56 - mmengine - INFO - paramwise_options -- backbone.layers.0.1.1.norm1.weight:lr_mult=0.1
2026/07/17 04:28:56 - mmengine - INFO - paramwise_options -- backbone.layers.0.1.1.norm1.weight:decay_mult=1.0
2026/07/17 04:28:56 - mmengine - INFO - paramwise_options -- backbone.layers.0.1.1.norm1.bias:lr=1.0000000000000002e-06
2026/07/17 04:28:56 - mmengine - INFO - paramwise_options -- backbone.layers.0.1.1.norm1.bias:weight_decay=0.01
2026/07/17 04:28:56 - mmengine - INFO - paramwise_options -- backbone.layers.0.1.1.norm1.bias:lr_mult=0.1
2026/07/17 04:28:56 - mmengine - INFO - paramwise_options -- backbone.layers.0.1.1.norm1.bias:decay_mult=1.0
2026/07/17 04:28:56 - mmengine - INFO - paramwise_options -- backbone.layers.0.1.1.attn.attn.in_proj_weight:lr=1.0000000000000002e-06
2026/07/17 04:28:56 - mmengine - INFO - paramwise_options -- backbone.layers.0.1.1.attn.attn.in_proj_weight:weight_decay=0.01
2026/07/17 04:28:56 - mmengine - INFO - paramwise_options -- backbone.layers.0.1.1.attn.attn.in_proj_weight:lr_mult=0.1
2026/07/17 04:28:56 - mmengine - INFO - paramwise_options -- backbone.layers.0.1.1.attn.attn.in_proj_weight:decay_mult=1.0
2026/07/17 04:28:56 - mmengine - INFO - paramwise_options -- backbone.layers.0.1.1.attn.attn.in_proj_bias:lr=1.0000000000000002e-06
2026/07/17 04:28:56 - mmengine - INFO - paramwise_options -- backbone.layers.0.1.1.attn.attn.in_proj_bias:weight_decay=0.01
2026/07/17 04:28:56 - mmengine - INFO - paramwise_options -- backbone.layers.0.1.1.attn.attn.in_proj_bias:lr_mult=0.1
2026/07/17 04:28:56 - mmengine - INFO - paramwise_options -- backbone.layers.0.1.1.attn.attn.in_proj_bias:decay_mult=1.0
2026/07/17 04:28:56 - mmengine - INFO - paramwise_options -- backbone.layers.0.1.1.attn.attn.out_proj.weight:lr=1.0000000000000002e-06
2026/07/17 04:28:56 - mmengine - INFO - paramwise_options -- backbone.layers.0.1.1.attn.attn.out_proj.weight:weight_decay=0.01
2026/07/17 04:28:56 - mmengine - INFO - paramwise_options -- backbone.layers.0.1.1.attn.attn.out_proj.weight:lr_mult=0.1
2026/07/17 04:28:56 - mmengine - INFO - paramwise_options -- backbone.layers.0.1.1.attn.attn.out_proj.weight:decay_mult=1.0
2026/07/17 04:28:56 - mmengine - INFO - paramwise_options -- backbone.layers.0.1.1.attn.attn.out_proj.bias:lr=1.0000000000000002e-06
2026/07/17 04:28:56 - mmengine - INFO - paramwise_options -- backbone.layers.0.1.1.attn.attn.out_proj.bias:weight_decay=0.01
2026/07/17 04:28:56 - mmengine - INFO - paramwise_options -- backbone.layers.0.1.1.attn.attn.out_proj.bias:lr_mult=0.1
2026/07/17 04:28:56 - mmengine - INFO - paramwise_options -- backbone.layers.0.1.1.attn.attn.out_proj.bias:decay_mult=1.0
2026/07/17 04:28:56 - mmengine - INFO - paramwise_options -- backbone.layers.0.1.1.attn.sr.weight:lr=1.0000000000000002e-06
2026/07/17 04:28:56 - mmengine - INFO - paramwise_options -- backbone.layers.0.1.1.attn.sr.weight:weight_decay=0.01
2026/07/17 04:28:56 - mmengine - INFO - paramwise_options -- backbone.layers.0.1.1.attn.sr.weight:lr_mult=0.1
2026/07/17 04:28:56 - mmengine - INFO - paramwise_options -- backbone.layers.0.1.1.attn.sr.weight:decay_mult=1.0
2026/07/17 04:28:56 - mmengine - INFO - paramwise_options -- backbone.layers.0.1.1.attn.sr.bias:lr=1.0000000000000002e-06
2026/07/17 04:28:56 - mmengine - INFO - paramwise_options -- backbone.layers.0.1.1.attn.sr.bias:weight_decay=0.01
2026/07/17 04:28:56 - mmengine - INFO - paramwise_options -- backbone.layers.0.1.1.attn.sr.bias:lr_mult=0.1
2026/07/17 04:28:56 - mmengine - INFO - paramwise_options -- backbone.layers.0.1.1.attn.sr.bias:decay_mult=1.0
2026/07/17 04:28:56 - mmengine - INFO - paramwise_options -- backbone.layers.0.1.1.attn.norm.weight:lr=1.0000000000000002e-06
2026/07/17 04:28:56 - mmengine - INFO - paramwise_options -- backbone.layers.0.1.1.attn.norm.weight:weight_decay=0.01
2026/07/17 04:28:56 - mmengine - INFO - paramwise_options -- backbone.layers.0.1.1.attn.norm.weight:lr_mult=0.1
2026/07/17 04:28:56 - mmengine - INFO - paramwise_options -- backbone.layers.0.1.1.attn.norm.weight:decay_mult=1.0
2026/07/17 04:28:56 - mmengine - INFO - paramwise_options -- backbone.layers.0.1.1.attn.norm.bias:lr=1.0000000000000002e-06
2026/07/17 04:28:56 - mmengine - INFO - paramwise_options -- backbone.layers.0.1.1.attn.norm.bias:weight_decay=0.01
2026/07/17 04:28:56 - mmengine - INFO - paramwise_options -- backbone.layers.0.1.1.attn.norm.bias:lr_mult=0.1
2026/07/17 04:28:56 - mmengine - INFO - paramwise_options -- backbone.layers.0.1.1.attn.norm.bias:decay_mult=1.0
2026/07/17 04:28:56 - mmengine - INFO - paramwise_options -- backbone.layers.0.1.1.norm2.weight:lr=1.0000000000000002e-06
2026/07/17 04:28:56 - mmengine - INFO - paramwise_options -- backbone.layers.0.1.1.norm2.weight:weight_decay=0.01
2026/07/17 04:28:56 - mmengine - INFO - paramwise_options -- backbone.layers.0.1.1.norm2.weight:lr_mult=0.1
2026/07/17 04:28:56 - mmengine - INFO - paramwise_options -- backbone.layers.0.1.1.norm2.weight:decay_mult=1.0
2026/07/17 04:28:56 - mmengine - INFO - paramwise_options -- backbone.layers.0.1.1.norm2.bias:lr=1.0000000000000002e-06
2026/07/17 04:28:56 - mmengine - INFO - paramwise_options -- backbone.layers.0.1.1.norm2.bias:weight_decay=0.01
2026/07/17 04:28:56 - mmengine - INFO - paramwise_options -- backbone.layers.0.1.1.norm2.bias:lr_mult=0.1
2026/07/17 04:28:56 - mmengine - INFO - paramwise_options -- backbone.layers.0.1.1.norm2.bias:decay_mult=1.0
2026/07/17 04:28:56 - mmengine - INFO - paramwise_options -- backbone.layers.0.1.1.ffn.layers.0.weight:lr=1.0000000000000002e-06
2026/07/17 04:28:56 - mmengine - INFO - paramwise_options -- backbone.layers.0.1.1.ffn.layers.0.weight:weight_decay=0.01
2026/07/17 04:28:56 - mmengine - INFO - paramwise_options -- backbone.layers.0.1.1.ffn.layers.0.weight:lr_mult=0.1
2026/07/17 04:28:56 - mmengine - INFO - paramwise_options -- backbone.layers.0.1.1.ffn.layers.0.weight:decay_mult=1.0
2026/07/17 04:28:56 - mmengine - INFO - paramwise_options -- backbone.layers.0.1.1.ffn.layers.0.bias:lr=1.0000000000000002e-06
2026/07/17 04:28:56 - mmengine - INFO - paramwise_options -- backbone.layers.0.1.1.ffn.layers.0.bias:weight_decay=0.01
2026/07/17 04:28:56 - mmengine - INFO - paramwise_options -- backbone.layers.0.1.1.ffn.layers.0.bias:lr_mult=0.1
2026/07/17 04:28:56 - mmengine - INFO - paramwise_options -- backbone.layers.0.1.1.ffn.layers.0.bias:decay_mult=1.0
2026/07/17 04:28:56 - mmengine - INFO - paramwise_options -- backbone.layers.0.1.1.ffn.layers.1.weight:lr=1.0000000000000002e-06
2026/07/17 04:28:56 - mmengine - INFO - paramwise_options -- backbone.layers.0.1.1.ffn.layers.1.weight:weight_decay=0.01
2026/07/17 04:28:56 - mmengine - INFO - paramwise_options -- backbone.layers.0.1.1.ffn.layers.1.weight:lr_mult=0.1
2026/07/17 04:28:56 - mmengine - INFO - paramwise_options -- backbone.layers.0.1.1.ffn.layers.1.weight:decay_mult=1.0
2026/07/17 04:28:56 - mmengine - INFO - paramwise_options -- backbone.layers.0.1.1.ffn.layers.1.bias:lr=1.0000000000000002e-06
2026/07/17 04:28:56 - mmengine - INFO - paramwise_options -- backbone.layers.0.1.1.ffn.layers.1.bias:weight_decay=0.01
2026/07/17 04:28:56 - mmengine - INFO - paramwise_options -- backbone.layers.0.1.1.ffn.layers.1.bias:lr_mult=0.1
2026/07/17 04:28:56 - mmengine - INFO - paramwise_options -- backbone.layers.0.1.1.ffn.layers.1.bias:decay_mult=1.0
2026/07/17 04:28:56 - mmengine - INFO - paramwise_options -- backbone.layers.0.1.1.ffn.layers.4.weight:lr=1.0000000000000002e-06
2026/07/17 04:28:56 - mmengine - INFO - paramwise_options -- backbone.layers.0.1.1.ffn.layers.4.weight:weight_decay=0.01
2026/07/17 04:28:56 - mmengine - INFO - paramwise_options -- backbone.layers.0.1.1.ffn.layers.4.weight:lr_mult=0.1
2026/07/17 04:28:56 - mmengine - INFO - paramwise_options -- backbone.layers.0.1.1.ffn.layers.4.weight:decay_mult=1.0
2026/07/17 04:28:56 - mmengine - INFO - paramwise_options -- backbone.layers.0.1.1.ffn.layers.4.bias:lr=1.0000000000000002e-06
2026/07/17 04:28:56 - mmengine - INFO - paramwise_options -- backbone.layers.0.1.1.ffn.layers.4.bias:weight_decay=0.01
2026/07/17 04:28:56 - mmengine - INFO - paramwise_options -- backbone.layers.0.1.1.ffn.layers.4.bias:lr_mult=0.1
2026/07/17 04:28:56 - mmengine - INFO - paramwise_options -- backbone.layers.0.1.1.ffn.layers.4.bias:decay_mult=1.0
2026/07/17 04:28:56 - mmengine - INFO - paramwise_options -- backbone.layers.0.1.2.norm1.weight:lr=1.0000000000000002e-06
2026/07/17 04:28:56 - mmengine - INFO - paramwise_options -- backbone.layers.0.1.2.norm1.weight:weight_decay=0.01
2026/07/17 04:28:56 - mmengine - INFO - paramwise_options -- backbone.layers.0.1.2.norm1.weight:lr_mult=0.1
2026/07/17 04:28:56 - mmengine - INFO - paramwise_options -- backbone.layers.0.1.2.norm1.weight:decay_mult=1.0
2026/07/17 04:28:56 - mmengine - INFO - paramwise_options -- backbone.layers.0.1.2.norm1.bias:lr=1.0000000000000002e-06
2026/07/17 04:28:56 - mmengine - INFO - paramwise_options -- backbone.layers.0.1.2.norm1.bias:weight_decay=0.01
2026/07/17 04:28:56 - mmengine - INFO - paramwise_options -- backbone.layers.0.1.2.norm1.bias:lr_mult=0.1
2026/07/17 04:28:56 - mmengine - INFO - paramwise_options -- backbone.layers.0.1.2.norm1.bias:decay_mult=1.0
2026/07/17 04:28:56 - mmengine - INFO - paramwise_options -- backbone.layers.0.1.2.attn.attn.in_proj_weight:lr=1.0000000000000002e-06
2026/07/17 04:28:56 - mmengine - INFO - paramwise_options -- backbone.layers.0.1.2.attn.attn.in_proj_weight:weight_decay=0.01
2026/07/17 04:28:56 - mmengine - INFO - paramwise_options -- backbone.layers.0.1.2.attn.attn.in_proj_weight:lr_mult=0.1
2026/07/17 04:28:56 - mmengine - INFO - paramwise_options -- backbone.layers.0.1.2.attn.attn.in_proj_weight:decay_mult=1.0
2026/07/17 04:28:56 - mmengine - INFO - paramwise_options -- backbone.layers.0.1.2.attn.attn.in_proj_bias:lr=1.0000000000000002e-06
2026/07/17 04:28:56 - mmengine - INFO - paramwise_options -- backbone.layers.0.1.2.attn.attn.in_proj_bias:weight_decay=0.01
2026/07/17 04:28:56 - mmengine - INFO - paramwise_options -- backbone.layers.0.1.2.attn.attn.in_proj_bias:lr_mult=0.1
2026/07/17 04:28:56 - mmengine - INFO - paramwise_options -- backbone.layers.0.1.2.attn.attn.in_proj_bias:decay_mult=1.0
2026/07/17 04:28:56 - mmengine - INFO - paramwise_options -- backbone.layers.0.1.2.attn.attn.out_proj.weight:lr=1.0000000000000002e-06
2026/07/17 04:28:56 - mmengine - INFO - paramwise_options -- backbone.layers.0.1.2.attn.attn.out_proj.weight:weight_decay=0.01
2026/07/17 04:28:56 - mmengine - INFO - paramwise_options -- backbone.layers.0.1.2.attn.attn.out_proj.weight:lr_mult=0.1
2026/07/17 04:28:56 - mmengine - INFO - paramwise_options -- backbone.layers.0.1.2.attn.attn.out_proj.weight:decay_mult=1.0
2026/07/17 04:28:56 - mmengine - INFO - paramwise_options -- backbone.layers.0.1.2.attn.attn.out_proj.bias:lr=1.0000000000000002e-06
2026/07/17 04:28:56 - mmengine - INFO - paramwise_options -- backbone.layers.0.1.2.attn.attn.out_proj.bias:weight_decay=0.01
2026/07/17 04:28:56 - mmengine - INFO - paramwise_options -- backbone.layers.0.1.2.attn.attn.out_proj.bias:lr_mult=0.1
2026/07/17 04:28:56 - mmengine - INFO - paramwise_options -- backbone.layers.0.1.2.attn.attn.out_proj.bias:decay_mult=1.0
2026/07/17 04:28:56 - mmengine - INFO - paramwise_options -- backbone.layers.0.1.2.attn.sr.weight:lr=1.0000000000000002e-06
2026/07/17 04:28:56 - mmengine - INFO - paramwise_options -- backbone.layers.0.1.2.attn.sr.weight:weight_decay=0.01
2026/07/17 04:28:56 - mmengine - INFO - paramwise_options -- backbone.layers.0.1.2.attn.sr.weight:lr_mult=0.1
2026/07/17 04:28:56 - mmengine - INFO - paramwise_options -- backbone.layers.0.1.2.attn.sr.weight:decay_mult=1.0
2026/07/17 04:28:56 - mmengine - INFO - paramwise_options -- backbone.layers.0.1.2.attn.sr.bias:lr=1.0000000000000002e-06
2026/07/17 04:28:56 - mmengine - INFO - paramwise_options -- backbone.layers.0.1.2.attn.sr.bias:weight_decay=0.01
2026/07/17 04:28:56 - mmengine - INFO - paramwise_options -- backbone.layers.0.1.2.attn.sr.bias:lr_mult=0.1
2026/07/17 04:28:56 - mmengine - INFO - paramwise_options -- backbone.layers.0.1.2.attn.sr.bias:decay_mult=1.0
2026/07/17 04:28:56 - mmengine - INFO - paramwise_options -- backbone.layers.0.1.2.attn.norm.weight:lr=1.0000000000000002e-06
2026/07/17 04:28:56 - mmengine - INFO - paramwise_options -- backbone.layers.0.1.2.attn.norm.weight:weight_decay=0.01
2026/07/17 04:28:56 - mmengine - INFO - paramwise_options -- backbone.layers.0.1.2.attn.norm.weight:lr_mult=0.1
2026/07/17 04:28:56 - mmengine - INFO - paramwise_options -- backbone.layers.0.1.2.attn.norm.weight:decay_mult=1.0
2026/07/17 04:28:56 - mmengine - INFO - paramwise_options -- backbone.layers.0.1.2.attn.norm.bias:lr=1.0000000000000002e-06
2026/07/17 04:28:56 - mmengine - INFO - paramwise_options -- backbone.layers.0.1.2.attn.norm.bias:weight_decay=0.01
2026/07/17 04:28:56 - mmengine - INFO - paramwise_options -- backbone.layers.0.1.2.attn.norm.bias:lr_mult=0.1
2026/07/17 04:28:56 - mmengine - INFO - paramwise_options -- backbone.layers.0.1.2.attn.norm.bias:decay_mult=1.0
2026/07/17 04:28:56 - mmengine - INFO - paramwise_options -- backbone.layers.0.1.2.norm2.weight:lr=1.0000000000000002e-06
2026/07/17 04:28:56 - mmengine - INFO - paramwise_options -- backbone.layers.0.1.2.norm2.weight:weight_decay=0.01
2026/07/17 04:28:56 - mmengine - INFO - paramwise_options -- backbone.layers.0.1.2.norm2.weight:lr_mult=0.1
2026/07/17 04:28:56 - mmengine - INFO - paramwise_options -- backbone.layers.0.1.2.norm2.weight:decay_mult=1.0
2026/07/17 04:28:56 - mmengine - INFO - paramwise_options -- backbone.layers.0.1.2.norm2.bias:lr=1.0000000000000002e-06
2026/07/17 04:28:56 - mmengine - INFO - paramwise_options -- backbone.layers.0.1.2.norm2.bias:weight_decay=0.01
2026/07/17 04:28:56 - mmengine - INFO - paramwise_options -- backbone.layers.0.1.2.norm2.bias:lr_mult=0.1
2026/07/17 04:28:56 - mmengine - INFO - paramwise_options -- backbone.layers.0.1.2.norm2.bias:decay_mult=1.0
2026/07/17 04:28:56 - mmengine - INFO - paramwise_options -- backbone.layers.0.1.2.ffn.layers.0.weight:lr=1.0000000000000002e-06
2026/07/17 04:28:56 - mmengine - INFO - paramwise_options -- backbone.layers.0.1.2.ffn.layers.0.weight:weight_decay=0.01
2026/07/17 04:28:56 - mmengine - INFO - paramwise_options -- backbone.layers.0.1.2.ffn.layers.0.weight:lr_mult=0.1
2026/07/17 04:28:56 - mmengine - INFO - paramwise_options -- backbone.layers.0.1.2.ffn.layers.0.weight:decay_mult=1.0
2026/07/17 04:28:56 - mmengine - INFO - paramwise_options -- backbone.layers.0.1.2.ffn.layers.0.bias:lr=1.0000000000000002e-06
2026/07/17 04:28:56 - mmengine - INFO - paramwise_options -- backbone.layers.0.1.2.ffn.layers.0.bias:weight_decay=0.01
2026/07/17 04:28:56 - mmengine - INFO - paramwise_options -- backbone.layers.0.1.2.ffn.layers.0.bias:lr_mult=0.1
2026/07/17 04:28:56 - mmengine - INFO - paramwise_options -- backbone.layers.0.1.2.ffn.layers.0.bias:decay_mult=1.0
2026/07/17 04:28:56 - mmengine - INFO - paramwise_options -- backbone.layers.0.1.2.ffn.layers.1.weight:lr=1.0000000000000002e-06
2026/07/17 04:28:56 - mmengine - INFO - paramwise_options -- backbone.layers.0.1.2.ffn.layers.1.weight:weight_decay=0.01
2026/07/17 04:28:56 - mmengine - INFO - paramwise_options -- backbone.layers.0.1.2.ffn.layers.1.weight:lr_mult=0.1
2026/07/17 04:28:56 - mmengine - INFO - paramwise_options -- backbone.layers.0.1.2.ffn.layers.1.weight:decay_mult=1.0
2026/07/17 04:28:56 - mmengine - INFO - paramwise_options -- backbone.layers.0.1.2.ffn.layers.1.bias:lr=1.0000000000000002e-06
2026/07/17 04:28:56 - mmengine - INFO - paramwise_options -- backbone.layers.0.1.2.ffn.layers.1.bias:weight_decay=0.01
2026/07/17 04:28:56 - mmengine - INFO - paramwise_options -- backbone.layers.0.1.2.ffn.layers.1.bias:lr_mult=0.1
2026/07/17 04:28:56 - mmengine - INFO - paramwise_options -- backbone.layers.0.1.2.ffn.layers.1.bias:decay_mult=1.0
2026/07/17 04:28:56 - mmengine - INFO - paramwise_options -- backbone.layers.0.1.2.ffn.layers.4.weight:lr=1.0000000000000002e-06
2026/07/17 04:28:56 - mmengine - INFO - paramwise_options -- backbone.layers.0.1.2.ffn.layers.4.weight:weight_decay=0.01
2026/07/17 04:28:56 - mmengine - INFO - paramwise_options -- backbone.layers.0.1.2.ffn.layers.4.weight:lr_mult=0.1
2026/07/17 04:28:56 - mmengine - INFO - paramwise_options -- backbone.layers.0.1.2.ffn.layers.4.weight:decay_mult=1.0
2026/07/17 04:28:56 - mmengine - INFO - paramwise_options -- backbone.layers.0.1.2.ffn.layers.4.bias:lr=1.0000000000000002e-06
2026/07/17 04:28:56 - mmengine - INFO - paramwise_options -- backbone.layers.0.1.2.ffn.layers.4.bias:weight_decay=0.01
2026/07/17 04:28:56 - mmengine - INFO - paramwise_options -- backbone.layers.0.1.2.ffn.layers.4.bias:lr_mult=0.1
2026/07/17 04:28:56 - mmengine - INFO - paramwise_options -- backbone.layers.0.1.2.ffn.layers.4.bias:decay_mult=1.0
2026/07/17 04:28:56 - mmengine - INFO - paramwise_options -- backbone.layers.0.2.weight:lr=1.0000000000000002e-06
2026/07/17 04:28:56 - mmengine - INFO - paramwise_options -- backbone.layers.0.2.weight:weight_decay=0.01
2026/07/17 04:28:56 - mmengine - INFO - paramwise_options -- backbone.layers.0.2.weight:lr_mult=0.1
2026/07/17 04:28:56 - mmengine - INFO - paramwise_options -- backbone.layers.0.2.weight:decay_mult=1.0
2026/07/17 04:28:56 - mmengine - INFO - paramwise_options -- backbone.layers.0.2.bias:lr=1.0000000000000002e-06
2026/07/17 04:28:56 - mmengine - INFO - paramwise_options -- backbone.layers.0.2.bias:weight_decay=0.01
2026/07/17 04:28:56 - mmengine - INFO - paramwise_options -- backbone.layers.0.2.bias:lr_mult=0.1
2026/07/17 04:28:56 - mmengine - INFO - paramwise_options -- backbone.layers.0.2.bias:decay_mult=1.0
2026/07/17 04:28:56 - mmengine - INFO - paramwise_options -- backbone.layers.1.0.projection.weight:lr=1.0000000000000002e-06
2026/07/17 04:28:56 - mmengine - INFO - paramwise_options -- backbone.layers.1.0.projection.weight:weight_decay=0.01
2026/07/17 04:28:56 - mmengine - INFO - paramwise_options -- backbone.layers.1.0.projection.weight:lr_mult=0.1
2026/07/17 04:28:56 - mmengine - INFO - paramwise_options -- backbone.layers.1.0.projection.weight:decay_mult=1.0
2026/07/17 04:28:56 - mmengine - INFO - paramwise_options -- backbone.layers.1.0.projection.bias:lr=1.0000000000000002e-06
2026/07/17 04:28:56 - mmengine - INFO - paramwise_options -- backbone.layers.1.0.projection.bias:weight_decay=0.01
2026/07/17 04:28:56 - mmengine - INFO - paramwise_options -- backbone.layers.1.0.projection.bias:lr_mult=0.1
2026/07/17 04:28:56 - mmengine - INFO - paramwise_options -- backbone.layers.1.0.projection.bias:decay_mult=1.0
2026/07/17 04:28:56 - mmengine - INFO - paramwise_options -- backbone.layers.1.0.norm.weight:lr=1.0000000000000002e-06
2026/07/17 04:28:56 - mmengine - INFO - paramwise_options -- backbone.layers.1.0.norm.weight:weight_decay=0.01
2026/07/17 04:28:56 - mmengine - INFO - paramwise_options -- backbone.layers.1.0.norm.weight:lr_mult=0.1
2026/07/17 04:28:56 - mmengine - INFO - paramwise_options -- backbone.layers.1.0.norm.weight:decay_mult=1.0
2026/07/17 04:28:56 - mmengine - INFO - paramwise_options -- backbone.layers.1.0.norm.bias:lr=1.0000000000000002e-06
2026/07/17 04:28:56 - mmengine - INFO - paramwise_options -- backbone.layers.1.0.norm.bias:weight_decay=0.01
2026/07/17 04:28:56 - mmengine - INFO - paramwise_options -- backbone.layers.1.0.norm.bias:lr_mult=0.1
2026/07/17 04:28:56 - mmengine - INFO - paramwise_options -- backbone.layers.1.0.norm.bias:decay_mult=1.0
2026/07/17 04:28:56 - mmengine - INFO - paramwise_options -- backbone.layers.1.1.0.norm1.weight:lr=1.0000000000000002e-06
2026/07/17 04:28:56 - mmengine - INFO - paramwise_options -- backbone.layers.1.1.0.norm1.weight:weight_decay=0.01
2026/07/17 04:28:56 - mmengine - INFO - paramwise_options -- backbone.layers.1.1.0.norm1.weight:lr_mult=0.1
2026/07/17 04:28:56 - mmengine - INFO - paramwise_options -- backbone.layers.1.1.0.norm1.weight:decay_mult=1.0
2026/07/17 04:28:56 - mmengine - INFO - paramwise_options -- backbone.layers.1.1.0.norm1.bias:lr=1.0000000000000002e-06
2026/07/17 04:28:56 - mmengine - INFO - paramwise_options -- backbone.layers.1.1.0.norm1.bias:weight_decay=0.01
2026/07/17 04:28:56 - mmengine - INFO - paramwise_options -- backbone.layers.1.1.0.norm1.bias:lr_mult=0.1
2026/07/17 04:28:56 - mmengine - INFO - paramwise_options -- backbone.layers.1.1.0.norm1.bias:decay_mult=1.0
2026/07/17 04:28:56 - mmengine - INFO - paramwise_options -- backbone.layers.1.1.0.attn.attn.in_proj_weight:lr=1.0000000000000002e-06
2026/07/17 04:28:56 - mmengine - INFO - paramwise_options -- backbone.layers.1.1.0.attn.attn.in_proj_weight:weight_decay=0.01
2026/07/17 04:28:56 - mmengine - INFO - paramwise_options -- backbone.layers.1.1.0.attn.attn.in_proj_weight:lr_mult=0.1
2026/07/17 04:28:56 - mmengine - INFO - paramwise_options -- backbone.layers.1.1.0.attn.attn.in_proj_weight:decay_mult=1.0
2026/07/17 04:28:56 - mmengine - INFO - paramwise_options -- backbone.layers.1.1.0.attn.attn.in_proj_bias:lr=1.0000000000000002e-06
2026/07/17 04:28:56 - mmengine - INFO - paramwise_options -- backbone.layers.1.1.0.attn.attn.in_proj_bias:weight_decay=0.01
2026/07/17 04:28:56 - mmengine - INFO - paramwise_options -- backbone.layers.1.1.0.attn.attn.in_proj_bias:lr_mult=0.1
2026/07/17 04:28:56 - mmengine - INFO - paramwise_options -- backbone.layers.1.1.0.attn.attn.in_proj_bias:decay_mult=1.0
2026/07/17 04:28:56 - mmengine - INFO - paramwise_options -- backbone.layers.1.1.0.attn.attn.out_proj.weight:lr=1.0000000000000002e-06
2026/07/17 04:28:56 - mmengine - INFO - paramwise_options -- backbone.layers.1.1.0.attn.attn.out_proj.weight:weight_decay=0.01
2026/07/17 04:28:56 - mmengine - INFO - paramwise_options -- backbone.layers.1.1.0.attn.attn.out_proj.weight:lr_mult=0.1
2026/07/17 04:28:56 - mmengine - INFO - paramwise_options -- backbone.layers.1.1.0.attn.attn.out_proj.weight:decay_mult=1.0
2026/07/17 04:28:56 - mmengine - INFO - paramwise_options -- backbone.layers.1.1.0.attn.attn.out_proj.bias:lr=1.0000000000000002e-06
2026/07/17 04:28:56 - mmengine - INFO - paramwise_options -- backbone.layers.1.1.0.attn.attn.out_proj.bias:weight_decay=0.01
2026/07/17 04:28:56 - mmengine - INFO - paramwise_options -- backbone.layers.1.1.0.attn.attn.out_proj.bias:lr_mult=0.1
2026/07/17 04:28:56 - mmengine - INFO - paramwise_options -- backbone.layers.1.1.0.attn.attn.out_proj.bias:decay_mult=1.0
2026/07/17 04:28:56 - mmengine - INFO - paramwise_options -- backbone.layers.1.1.0.attn.sr.weight:lr=1.0000000000000002e-06
2026/07/17 04:28:56 - mmengine - INFO - paramwise_options -- backbone.layers.1.1.0.attn.sr.weight:weight_decay=0.01
2026/07/17 04:28:56 - mmengine - INFO - paramwise_options -- backbone.layers.1.1.0.attn.sr.weight:lr_mult=0.1
2026/07/17 04:28:56 - mmengine - INFO - paramwise_options -- backbone.layers.1.1.0.attn.sr.weight:decay_mult=1.0
2026/07/17 04:28:56 - mmengine - INFO - paramwise_options -- backbone.layers.1.1.0.attn.sr.bias:lr=1.0000000000000002e-06
2026/07/17 04:28:56 - mmengine - INFO - paramwise_options -- backbone.layers.1.1.0.attn.sr.bias:weight_decay=0.01
2026/07/17 04:28:56 - mmengine - INFO - paramwise_options -- backbone.layers.1.1.0.attn.sr.bias:lr_mult=0.1
2026/07/17 04:28:56 - mmengine - INFO - paramwise_options -- backbone.layers.1.1.0.attn.sr.bias:decay_mult=1.0
2026/07/17 04:28:56 - mmengine - INFO - paramwise_options -- backbone.layers.1.1.0.attn.norm.weight:lr=1.0000000000000002e-06
2026/07/17 04:28:56 - mmengine - INFO - paramwise_options -- backbone.layers.1.1.0.attn.norm.weight:weight_decay=0.01
2026/07/17 04:28:56 - mmengine - INFO - paramwise_options -- backbone.layers.1.1.0.attn.norm.weight:lr_mult=0.1
2026/07/17 04:28:56 - mmengine - INFO - paramwise_options -- backbone.layers.1.1.0.attn.norm.weight:decay_mult=1.0
2026/07/17 04:28:56 - mmengine - INFO - paramwise_options -- backbone.layers.1.1.0.attn.norm.bias:lr=1.0000000000000002e-06
2026/07/17 04:28:56 - mmengine - INFO - paramwise_options -- backbone.layers.1.1.0.attn.norm.bias:weight_decay=0.01
2026/07/17 04:28:56 - mmengine - INFO - paramwise_options -- backbone.layers.1.1.0.attn.norm.bias:lr_mult=0.1
2026/07/17 04:28:56 - mmengine - INFO - paramwise_options -- backbone.layers.1.1.0.attn.norm.bias:decay_mult=1.0
2026/07/17 04:28:56 - mmengine - INFO - paramwise_options -- backbone.layers.1.1.0.norm2.weight:lr=1.0000000000000002e-06
2026/07/17 04:28:56 - mmengine - INFO - paramwise_options -- backbone.layers.1.1.0.norm2.weight:weight_decay=0.01
2026/07/17 04:28:56 - mmengine - INFO - paramwise_options -- backbone.layers.1.1.0.norm2.weight:lr_mult=0.1
2026/07/17 04:28:56 - mmengine - INFO - paramwise_options -- backbone.layers.1.1.0.norm2.weight:decay_mult=1.0
2026/07/17 04:28:56 - mmengine - INFO - paramwise_options -- backbone.layers.1.1.0.norm2.bias:lr=1.0000000000000002e-06
2026/07/17 04:28:56 - mmengine - INFO - paramwise_options -- backbone.layers.1.1.0.norm2.bias:weight_decay=0.01
2026/07/17 04:28:56 - mmengine - INFO - paramwise_options -- backbone.layers.1.1.0.norm2.bias:lr_mult=0.1
2026/07/17 04:28:56 - mmengine - INFO - paramwise_options -- backbone.layers.1.1.0.norm2.bias:decay_mult=1.0
2026/07/17 04:28:56 - mmengine - INFO - paramwise_options -- backbone.layers.1.1.0.ffn.layers.0.weight:lr=1.0000000000000002e-06
2026/07/17 04:28:56 - mmengine - INFO - paramwise_options -- backbone.layers.1.1.0.ffn.layers.0.weight:weight_decay=0.01
2026/07/17 04:28:56 - mmengine - INFO - paramwise_options -- backbone.layers.1.1.0.ffn.layers.0.weight:lr_mult=0.1
2026/07/17 04:28:56 - mmengine - INFO - paramwise_options -- backbone.layers.1.1.0.ffn.layers.0.weight:decay_mult=1.0
2026/07/17 04:28:56 - mmengine - INFO - paramwise_options -- backbone.layers.1.1.0.ffn.layers.0.bias:lr=1.0000000000000002e-06
2026/07/17 04:28:56 - mmengine - INFO - paramwise_options -- backbone.layers.1.1.0.ffn.layers.0.bias:weight_decay=0.01
2026/07/17 04:28:56 - mmengine - INFO - paramwise_options -- backbone.layers.1.1.0.ffn.layers.0.bias:lr_mult=0.1
2026/07/17 04:28:56 - mmengine - INFO - paramwise_options -- backbone.layers.1.1.0.ffn.layers.0.bias:decay_mult=1.0
2026/07/17 04:28:56 - mmengine - INFO - paramwise_options -- backbone.layers.1.1.0.ffn.layers.1.weight:lr=1.0000000000000002e-06
2026/07/17 04:28:56 - mmengine - INFO - paramwise_options -- backbone.layers.1.1.0.ffn.layers.1.weight:weight_decay=0.01
2026/07/17 04:28:56 - mmengine - INFO - paramwise_options -- backbone.layers.1.1.0.ffn.layers.1.weight:lr_mult=0.1
2026/07/17 04:28:56 - mmengine - INFO - paramwise_options -- backbone.layers.1.1.0.ffn.layers.1.weight:decay_mult=1.0
2026/07/17 04:28:56 - mmengine - INFO - paramwise_options -- backbone.layers.1.1.0.ffn.layers.1.bias:lr=1.0000000000000002e-06
2026/07/17 04:28:56 - mmengine - INFO - paramwise_options -- backbone.layers.1.1.0.ffn.layers.1.bias:weight_decay=0.01
2026/07/17 04:28:56 - mmengine - INFO - paramwise_options -- backbone.layers.1.1.0.ffn.layers.1.bias:lr_mult=0.1
2026/07/17 04:28:56 - mmengine - INFO - paramwise_options -- backbone.layers.1.1.0.ffn.layers.1.bias:decay_mult=1.0
2026/07/17 04:28:56 - mmengine - INFO - paramwise_options -- backbone.layers.1.1.0.ffn.layers.4.weight:lr=1.0000000000000002e-06
2026/07/17 04:28:56 - mmengine - INFO - paramwise_options -- backbone.layers.1.1.0.ffn.layers.4.weight:weight_decay=0.01
2026/07/17 04:28:56 - mmengine - INFO - paramwise_options -- backbone.layers.1.1.0.ffn.layers.4.weight:lr_mult=0.1
2026/07/17 04:28:56 - mmengine - INFO - paramwise_options -- backbone.layers.1.1.0.ffn.layers.4.weight:decay_mult=1.0
2026/07/17 04:28:56 - mmengine - INFO - paramwise_options -- backbone.layers.1.1.0.ffn.layers.4.bias:lr=1.0000000000000002e-06
2026/07/17 04:28:56 - mmengine - INFO - paramwise_options -- backbone.layers.1.1.0.ffn.layers.4.bias:weight_decay=0.01
2026/07/17 04:28:56 - mmengine - INFO - paramwise_options -- backbone.layers.1.1.0.ffn.layers.4.bias:lr_mult=0.1
2026/07/17 04:28:56 - mmengine - INFO - paramwise_options -- backbone.layers.1.1.0.ffn.layers.4.bias:decay_mult=1.0
2026/07/17 04:28:56 - mmengine - INFO - paramwise_options -- backbone.layers.1.1.1.norm1.weight:lr=1.0000000000000002e-06
2026/07/17 04:28:56 - mmengine - INFO - paramwise_options -- backbone.layers.1.1.1.norm1.weight:weight_decay=0.01
2026/07/17 04:28:56 - mmengine - INFO - paramwise_options -- backbone.layers.1.1.1.norm1.weight:lr_mult=0.1
2026/07/17 04:28:56 - mmengine - INFO - paramwise_options -- backbone.layers.1.1.1.norm1.weight:decay_mult=1.0
2026/07/17 04:28:56 - mmengine - INFO - paramwise_options -- backbone.layers.1.1.1.norm1.bias:lr=1.0000000000000002e-06
2026/07/17 04:28:56 - mmengine - INFO - paramwise_options -- backbone.layers.1.1.1.norm1.bias:weight_decay=0.01
2026/07/17 04:28:56 - mmengine - INFO - paramwise_options -- backbone.layers.1.1.1.norm1.bias:lr_mult=0.1
2026/07/17 04:28:56 - mmengine - INFO - paramwise_options -- backbone.layers.1.1.1.norm1.bias:decay_mult=1.0
2026/07/17 04:28:56 - mmengine - INFO - paramwise_options -- backbone.layers.1.1.1.attn.attn.in_proj_weight:lr=1.0000000000000002e-06
2026/07/17 04:28:56 - mmengine - INFO - paramwise_options -- backbone.layers.1.1.1.attn.attn.in_proj_weight:weight_decay=0.01
2026/07/17 04:28:56 - mmengine - INFO - paramwise_options -- backbone.layers.1.1.1.attn.attn.in_proj_weight:lr_mult=0.1
2026/07/17 04:28:56 - mmengine - INFO - paramwise_options -- backbone.layers.1.1.1.attn.attn.in_proj_weight:decay_mult=1.0
2026/07/17 04:28:56 - mmengine - INFO - paramwise_options -- backbone.layers.1.1.1.attn.attn.in_proj_bias:lr=1.0000000000000002e-06
2026/07/17 04:28:56 - mmengine - INFO - paramwise_options -- backbone.layers.1.1.1.attn.attn.in_proj_bias:weight_decay=0.01
2026/07/17 04:28:56 - mmengine - INFO - paramwise_options -- backbone.layers.1.1.1.attn.attn.in_proj_bias:lr_mult=0.1
2026/07/17 04:28:56 - mmengine - INFO - paramwise_options -- backbone.layers.1.1.1.attn.attn.in_proj_bias:decay_mult=1.0
2026/07/17 04:28:56 - mmengine - INFO - paramwise_options -- backbone.layers.1.1.1.attn.attn.out_proj.weight:lr=1.0000000000000002e-06
2026/07/17 04:28:56 - mmengine - INFO - paramwise_options -- backbone.layers.1.1.1.attn.attn.out_proj.weight:weight_decay=0.01
2026/07/17 04:28:56 - mmengine - INFO - paramwise_options -- backbone.layers.1.1.1.attn.attn.out_proj.weight:lr_mult=0.1
2026/07/17 04:28:56 - mmengine - INFO - paramwise_options -- backbone.layers.1.1.1.attn.attn.out_proj.weight:decay_mult=1.0
2026/07/17 04:28:56 - mmengine - INFO - paramwise_options -- backbone.layers.1.1.1.attn.attn.out_proj.bias:lr=1.0000000000000002e-06
2026/07/17 04:28:56 - mmengine - INFO - paramwise_options -- backbone.layers.1.1.1.attn.attn.out_proj.bias:weight_decay=0.01
2026/07/17 04:28:56 - mmengine - INFO - paramwise_options -- backbone.layers.1.1.1.attn.attn.out_proj.bias:lr_mult=0.1
2026/07/17 04:28:56 - mmengine - INFO - paramwise_options -- backbone.layers.1.1.1.attn.attn.out_proj.bias:decay_mult=1.0
2026/07/17 04:28:56 - mmengine - INFO - paramwise_options -- backbone.layers.1.1.1.attn.sr.weight:lr=1.0000000000000002e-06
2026/07/17 04:28:56 - mmengine - INFO - paramwise_options -- backbone.layers.1.1.1.attn.sr.weight:weight_decay=0.01
2026/07/17 04:28:56 - mmengine - INFO - paramwise_options -- backbone.layers.1.1.1.attn.sr.weight:lr_mult=0.1
2026/07/17 04:28:56 - mmengine - INFO - paramwise_options -- backbone.layers.1.1.1.attn.sr.weight:decay_mult=1.0
2026/07/17 04:28:56 - mmengine - INFO - paramwise_options -- backbone.layers.1.1.1.attn.sr.bias:lr=1.0000000000000002e-06
2026/07/17 04:28:56 - mmengine - INFO - paramwise_options -- backbone.layers.1.1.1.attn.sr.bias:weight_decay=0.01
2026/07/17 04:28:56 - mmengine - INFO - paramwise_options -- backbone.layers.1.1.1.attn.sr.bias:lr_mult=0.1
2026/07/17 04:28:56 - mmengine - INFO - paramwise_options -- backbone.layers.1.1.1.attn.sr.bias:decay_mult=1.0
2026/07/17 04:28:56 - mmengine - INFO - paramwise_options -- backbone.layers.1.1.1.attn.norm.weight:lr=1.0000000000000002e-06
2026/07/17 04:28:56 - mmengine - INFO - paramwise_options -- backbone.layers.1.1.1.attn.norm.weight:weight_decay=0.01
2026/07/17 04:28:56 - mmengine - INFO - paramwise_options -- backbone.layers.1.1.1.attn.norm.weight:lr_mult=0.1
2026/07/17 04:28:56 - mmengine - INFO - paramwise_options -- backbone.layers.1.1.1.attn.norm.weight:decay_mult=1.0
2026/07/17 04:28:56 - mmengine - INFO - paramwise_options -- backbone.layers.1.1.1.attn.norm.bias:lr=1.0000000000000002e-06
2026/07/17 04:28:56 - mmengine - INFO - paramwise_options -- backbone.layers.1.1.1.attn.norm.bias:weight_decay=0.01
2026/07/17 04:28:56 - mmengine - INFO - paramwise_options -- backbone.layers.1.1.1.attn.norm.bias:lr_mult=0.1
2026/07/17 04:28:56 - mmengine - INFO - paramwise_options -- backbone.layers.1.1.1.attn.norm.bias:decay_mult=1.0
2026/07/17 04:28:56 - mmengine - INFO - paramwise_options -- backbone.layers.1.1.1.norm2.weight:lr=1.0000000000000002e-06
2026/07/17 04:28:56 - mmengine - INFO - paramwise_options -- backbone.layers.1.1.1.norm2.weight:weight_decay=0.01
2026/07/17 04:28:56 - mmengine - INFO - paramwise_options -- backbone.layers.1.1.1.norm2.weight:lr_mult=0.1
2026/07/17 04:28:56 - mmengine - INFO - paramwise_options -- backbone.layers.1.1.1.norm2.weight:decay_mult=1.0
2026/07/17 04:28:56 - mmengine - INFO - paramwise_options -- backbone.layers.1.1.1.norm2.bias:lr=1.0000000000000002e-06
2026/07/17 04:28:56 - mmengine - INFO - paramwise_options -- backbone.layers.1.1.1.norm2.bias:weight_decay=0.01
2026/07/17 04:28:56 - mmengine - INFO - paramwise_options -- backbone.layers.1.1.1.norm2.bias:lr_mult=0.1
2026/07/17 04:28:56 - mmengine - INFO - paramwise_options -- backbone.layers.1.1.1.norm2.bias:decay_mult=1.0
2026/07/17 04:28:56 - mmengine - INFO - paramwise_options -- backbone.layers.1.1.1.ffn.layers.0.weight:lr=1.0000000000000002e-06
2026/07/17 04:28:56 - mmengine - INFO - paramwise_options -- backbone.layers.1.1.1.ffn.layers.0.weight:weight_decay=0.01
2026/07/17 04:28:56 - mmengine - INFO - paramwise_options -- backbone.layers.1.1.1.ffn.layers.0.weight:lr_mult=0.1
2026/07/17 04:28:56 - mmengine - INFO - paramwise_options -- backbone.layers.1.1.1.ffn.layers.0.weight:decay_mult=1.0
2026/07/17 04:28:56 - mmengine - INFO - paramwise_options -- backbone.layers.1.1.1.ffn.layers.0.bias:lr=1.0000000000000002e-06
2026/07/17 04:28:56 - mmengine - INFO - paramwise_options -- backbone.layers.1.1.1.ffn.layers.0.bias:weight_decay=0.01
2026/07/17 04:28:56 - mmengine - INFO - paramwise_options -- backbone.layers.1.1.1.ffn.layers.0.bias:lr_mult=0.1
2026/07/17 04:28:56 - mmengine - INFO - paramwise_options -- backbone.layers.1.1.1.ffn.layers.0.bias:decay_mult=1.0
2026/07/17 04:28:56 - mmengine - INFO - paramwise_options -- backbone.layers.1.1.1.ffn.layers.1.weight:lr=1.0000000000000002e-06
2026/07/17 04:28:56 - mmengine - INFO - paramwise_options -- backbone.layers.1.1.1.ffn.layers.1.weight:weight_decay=0.01
2026/07/17 04:28:56 - mmengine - INFO - paramwise_options -- backbone.layers.1.1.1.ffn.layers.1.weight:lr_mult=0.1
2026/07/17 04:28:56 - mmengine - INFO - paramwise_options -- backbone.layers.1.1.1.ffn.layers.1.weight:decay_mult=1.0
2026/07/17 04:28:56 - mmengine - INFO - paramwise_options -- backbone.layers.1.1.1.ffn.layers.1.bias:lr=1.0000000000000002e-06
2026/07/17 04:28:56 - mmengine - INFO - paramwise_options -- backbone.layers.1.1.1.ffn.layers.1.bias:weight_decay=0.01
2026/07/17 04:28:56 - mmengine - INFO - paramwise_options -- backbone.layers.1.1.1.ffn.layers.1.bias:lr_mult=0.1
2026/07/17 04:28:56 - mmengine - INFO - paramwise_options -- backbone.layers.1.1.1.ffn.layers.1.bias:decay_mult=1.0
2026/07/17 04:28:56 - mmengine - INFO - paramwise_options -- backbone.layers.1.1.1.ffn.layers.4.weight:lr=1.0000000000000002e-06
2026/07/17 04:28:56 - mmengine - INFO - paramwise_options -- backbone.layers.1.1.1.ffn.layers.4.weight:weight_decay=0.01
2026/07/17 04:28:56 - mmengine - INFO - paramwise_options -- backbone.layers.1.1.1.ffn.layers.4.weight:lr_mult=0.1
2026/07/17 04:28:56 - mmengine - INFO - paramwise_options -- backbone.layers.1.1.1.ffn.layers.4.weight:decay_mult=1.0
2026/07/17 04:28:56 - mmengine - INFO - paramwise_options -- backbone.layers.1.1.1.ffn.layers.4.bias:lr=1.0000000000000002e-06
2026/07/17 04:28:56 - mmengine - INFO - paramwise_options -- backbone.layers.1.1.1.ffn.layers.4.bias:weight_decay=0.01
2026/07/17 04:28:56 - mmengine - INFO - paramwise_options -- backbone.layers.1.1.1.ffn.layers.4.bias:lr_mult=0.1
2026/07/17 04:28:56 - mmengine - INFO - paramwise_options -- backbone.layers.1.1.1.ffn.layers.4.bias:decay_mult=1.0
2026/07/17 04:28:56 - mmengine - INFO - paramwise_options -- backbone.layers.1.1.2.norm1.weight:lr=1.0000000000000002e-06
2026/07/17 04:28:56 - mmengine - INFO - paramwise_options -- backbone.layers.1.1.2.norm1.weight:weight_decay=0.01
2026/07/17 04:28:56 - mmengine - INFO - paramwise_options -- backbone.layers.1.1.2.norm1.weight:lr_mult=0.1
2026/07/17 04:28:56 - mmengine - INFO - paramwise_options -- backbone.layers.1.1.2.norm1.weight:decay_mult=1.0
2026/07/17 04:28:56 - mmengine - INFO - paramwise_options -- backbone.layers.1.1.2.norm1.bias:lr=1.0000000000000002e-06
2026/07/17 04:28:56 - mmengine - INFO - paramwise_options -- backbone.layers.1.1.2.norm1.bias:weight_decay=0.01
2026/07/17 04:28:56 - mmengine - INFO - paramwise_options -- backbone.layers.1.1.2.norm1.bias:lr_mult=0.1
2026/07/17 04:28:56 - mmengine - INFO - paramwise_options -- backbone.layers.1.1.2.norm1.bias:decay_mult=1.0
2026/07/17 04:28:56 - mmengine - INFO - paramwise_options -- backbone.layers.1.1.2.attn.attn.in_proj_weight:lr=1.0000000000000002e-06
2026/07/17 04:28:56 - mmengine - INFO - paramwise_options -- backbone.layers.1.1.2.attn.attn.in_proj_weight:weight_decay=0.01
2026/07/17 04:28:56 - mmengine - INFO - paramwise_options -- backbone.layers.1.1.2.attn.attn.in_proj_weight:lr_mult=0.1
2026/07/17 04:28:56 - mmengine - INFO - paramwise_options -- backbone.layers.1.1.2.attn.attn.in_proj_weight:decay_mult=1.0
2026/07/17 04:28:56 - mmengine - INFO - paramwise_options -- backbone.layers.1.1.2.attn.attn.in_proj_bias:lr=1.0000000000000002e-06
2026/07/17 04:28:56 - mmengine - INFO - paramwise_options -- backbone.layers.1.1.2.attn.attn.in_proj_bias:weight_decay=0.01
2026/07/17 04:28:56 - mmengine - INFO - paramwise_options -- backbone.layers.1.1.2.attn.attn.in_proj_bias:lr_mult=0.1
2026/07/17 04:28:56 - mmengine - INFO - paramwise_options -- backbone.layers.1.1.2.attn.attn.in_proj_bias:decay_mult=1.0
2026/07/17 04:28:56 - mmengine - INFO - paramwise_options -- backbone.layers.1.1.2.attn.attn.out_proj.weight:lr=1.0000000000000002e-06
2026/07/17 04:28:56 - mmengine - INFO - paramwise_options -- backbone.layers.1.1.2.attn.attn.out_proj.weight:weight_decay=0.01
2026/07/17 04:28:56 - mmengine - INFO - paramwise_options -- backbone.layers.1.1.2.attn.attn.out_proj.weight:lr_mult=0.1
2026/07/17 04:28:56 - mmengine - INFO - paramwise_options -- backbone.layers.1.1.2.attn.attn.out_proj.weight:decay_mult=1.0
2026/07/17 04:28:56 - mmengine - INFO - paramwise_options -- backbone.layers.1.1.2.attn.attn.out_proj.bias:lr=1.0000000000000002e-06
2026/07/17 04:28:56 - mmengine - INFO - paramwise_options -- backbone.layers.1.1.2.attn.attn.out_proj.bias:weight_decay=0.01
2026/07/17 04:28:56 - mmengine - INFO - paramwise_options -- backbone.layers.1.1.2.attn.attn.out_proj.bias:lr_mult=0.1
2026/07/17 04:28:56 - mmengine - INFO - paramwise_options -- backbone.layers.1.1.2.attn.attn.out_proj.bias:decay_mult=1.0
2026/07/17 04:28:56 - mmengine - INFO - paramwise_options -- backbone.layers.1.1.2.attn.sr.weight:lr=1.0000000000000002e-06
2026/07/17 04:28:56 - mmengine - INFO - paramwise_options -- backbone.layers.1.1.2.attn.sr.weight:weight_decay=0.01
2026/07/17 04:28:56 - mmengine - INFO - paramwise_options -- backbone.layers.1.1.2.attn.sr.weight:lr_mult=0.1
2026/07/17 04:28:56 - mmengine - INFO - paramwise_options -- backbone.layers.1.1.2.attn.sr.weight:decay_mult=1.0
2026/07/17 04:28:56 - mmengine - INFO - paramwise_options -- backbone.layers.1.1.2.attn.sr.bias:lr=1.0000000000000002e-06
2026/07/17 04:28:56 - mmengine - INFO - paramwise_options -- backbone.layers.1.1.2.attn.sr.bias:weight_decay=0.01
2026/07/17 04:28:56 - mmengine - INFO - paramwise_options -- backbone.layers.1.1.2.attn.sr.bias:lr_mult=0.1
2026/07/17 04:28:56 - mmengine - INFO - paramwise_options -- backbone.layers.1.1.2.attn.sr.bias:decay_mult=1.0
2026/07/17 04:28:56 - mmengine - INFO - paramwise_options -- backbone.layers.1.1.2.attn.norm.weight:lr=1.0000000000000002e-06
2026/07/17 04:28:56 - mmengine - INFO - paramwise_options -- backbone.layers.1.1.2.attn.norm.weight:weight_decay=0.01
2026/07/17 04:28:56 - mmengine - INFO - paramwise_options -- backbone.layers.1.1.2.attn.norm.weight:lr_mult=0.1
2026/07/17 04:28:56 - mmengine - INFO - paramwise_options -- backbone.layers.1.1.2.attn.norm.weight:decay_mult=1.0
2026/07/17 04:28:56 - mmengine - INFO - paramwise_options -- backbone.layers.1.1.2.attn.norm.bias:lr=1.0000000000000002e-06
2026/07/17 04:28:56 - mmengine - INFO - paramwise_options -- backbone.layers.1.1.2.attn.norm.bias:weight_decay=0.01
2026/07/17 04:28:56 - mmengine - INFO - paramwise_options -- backbone.layers.1.1.2.attn.norm.bias:lr_mult=0.1
2026/07/17 04:28:56 - mmengine - INFO - paramwise_options -- backbone.layers.1.1.2.attn.norm.bias:decay_mult=1.0
2026/07/17 04:28:56 - mmengine - INFO - paramwise_options -- backbone.layers.1.1.2.norm2.weight:lr=1.0000000000000002e-06
2026/07/17 04:28:56 - mmengine - INFO - paramwise_options -- backbone.layers.1.1.2.norm2.weight:weight_decay=0.01
2026/07/17 04:28:56 - mmengine - INFO - paramwise_options -- backbone.layers.1.1.2.norm2.weight:lr_mult=0.1
2026/07/17 04:28:56 - mmengine - INFO - paramwise_options -- backbone.layers.1.1.2.norm2.weight:decay_mult=1.0
2026/07/17 04:28:56 - mmengine - INFO - paramwise_options -- backbone.layers.1.1.2.norm2.bias:lr=1.0000000000000002e-06
2026/07/17 04:28:56 - mmengine - INFO - paramwise_options -- backbone.layers.1.1.2.norm2.bias:weight_decay=0.01
2026/07/17 04:28:56 - mmengine - INFO - paramwise_options -- backbone.layers.1.1.2.norm2.bias:lr_mult=0.1
2026/07/17 04:28:56 - mmengine - INFO - paramwise_options -- backbone.layers.1.1.2.norm2.bias:decay_mult=1.0
2026/07/17 04:28:56 - mmengine - INFO - paramwise_options -- backbone.layers.1.1.2.ffn.layers.0.weight:lr=1.0000000000000002e-06
2026/07/17 04:28:56 - mmengine - INFO - paramwise_options -- backbone.layers.1.1.2.ffn.layers.0.weight:weight_decay=0.01
2026/07/17 04:28:56 - mmengine - INFO - paramwise_options -- backbone.layers.1.1.2.ffn.layers.0.weight:lr_mult=0.1
2026/07/17 04:28:56 - mmengine - INFO - paramwise_options -- backbone.layers.1.1.2.ffn.layers.0.weight:decay_mult=1.0
2026/07/17 04:28:56 - mmengine - INFO - paramwise_options -- backbone.layers.1.1.2.ffn.layers.0.bias:lr=1.0000000000000002e-06
2026/07/17 04:28:56 - mmengine - INFO - paramwise_options -- backbone.layers.1.1.2.ffn.layers.0.bias:weight_decay=0.01
2026/07/17 04:28:56 - mmengine - INFO - paramwise_options -- backbone.layers.1.1.2.ffn.layers.0.bias:lr_mult=0.1
2026/07/17 04:28:56 - mmengine - INFO - paramwise_options -- backbone.layers.1.1.2.ffn.layers.0.bias:decay_mult=1.0
2026/07/17 04:28:56 - mmengine - INFO - paramwise_options -- backbone.layers.1.1.2.ffn.layers.1.weight:lr=1.0000000000000002e-06
2026/07/17 04:28:56 - mmengine - INFO - paramwise_options -- backbone.layers.1.1.2.ffn.layers.1.weight:weight_decay=0.01
2026/07/17 04:28:56 - mmengine - INFO - paramwise_options -- backbone.layers.1.1.2.ffn.layers.1.weight:lr_mult=0.1
2026/07/17 04:28:56 - mmengine - INFO - paramwise_options -- backbone.layers.1.1.2.ffn.layers.1.weight:decay_mult=1.0
2026/07/17 04:28:56 - mmengine - INFO - paramwise_options -- backbone.layers.1.1.2.ffn.layers.1.bias:lr=1.0000000000000002e-06
2026/07/17 04:28:56 - mmengine - INFO - paramwise_options -- backbone.layers.1.1.2.ffn.layers.1.bias:weight_decay=0.01
2026/07/17 04:28:56 - mmengine - INFO - paramwise_options -- backbone.layers.1.1.2.ffn.layers.1.bias:lr_mult=0.1
2026/07/17 04:28:56 - mmengine - INFO - paramwise_options -- backbone.layers.1.1.2.ffn.layers.1.bias:decay_mult=1.0
2026/07/17 04:28:56 - mmengine - INFO - paramwise_options -- backbone.layers.1.1.2.ffn.layers.4.weight:lr=1.0000000000000002e-06
2026/07/17 04:28:56 - mmengine - INFO - paramwise_options -- backbone.layers.1.1.2.ffn.layers.4.weight:weight_decay=0.01
2026/07/17 04:28:56 - mmengine - INFO - paramwise_options -- backbone.layers.1.1.2.ffn.layers.4.weight:lr_mult=0.1
2026/07/17 04:28:56 - mmengine - INFO - paramwise_options -- backbone.layers.1.1.2.ffn.layers.4.weight:decay_mult=1.0
2026/07/17 04:28:56 - mmengine - INFO - paramwise_options -- backbone.layers.1.1.2.ffn.layers.4.bias:lr=1.0000000000000002e-06
2026/07/17 04:28:56 - mmengine - INFO - paramwise_options -- backbone.layers.1.1.2.ffn.layers.4.bias:weight_decay=0.01
2026/07/17 04:28:56 - mmengine - INFO - paramwise_options -- backbone.layers.1.1.2.ffn.layers.4.bias:lr_mult=0.1
2026/07/17 04:28:56 - mmengine - INFO - paramwise_options -- backbone.layers.1.1.2.ffn.layers.4.bias:decay_mult=1.0
2026/07/17 04:28:56 - mmengine - INFO - paramwise_options -- backbone.layers.1.1.3.norm1.weight:lr=1.0000000000000002e-06
2026/07/17 04:28:56 - mmengine - INFO - paramwise_options -- backbone.layers.1.1.3.norm1.weight:weight_decay=0.01
2026/07/17 04:28:56 - mmengine - INFO - paramwise_options -- backbone.layers.1.1.3.norm1.weight:lr_mult=0.1
2026/07/17 04:28:56 - mmengine - INFO - paramwise_options -- backbone.layers.1.1.3.norm1.weight:decay_mult=1.0
2026/07/17 04:28:56 - mmengine - INFO - paramwise_options -- backbone.layers.1.1.3.norm1.bias:lr=1.0000000000000002e-06
2026/07/17 04:28:56 - mmengine - INFO - paramwise_options -- backbone.layers.1.1.3.norm1.bias:weight_decay=0.01
2026/07/17 04:28:56 - mmengine - INFO - paramwise_options -- backbone.layers.1.1.3.norm1.bias:lr_mult=0.1
2026/07/17 04:28:56 - mmengine - INFO - paramwise_options -- backbone.layers.1.1.3.norm1.bias:decay_mult=1.0
2026/07/17 04:28:56 - mmengine - INFO - paramwise_options -- backbone.layers.1.1.3.attn.attn.in_proj_weight:lr=1.0000000000000002e-06
2026/07/17 04:28:56 - mmengine - INFO - paramwise_options -- backbone.layers.1.1.3.attn.attn.in_proj_weight:weight_decay=0.01
2026/07/17 04:28:56 - mmengine - INFO - paramwise_options -- backbone.layers.1.1.3.attn.attn.in_proj_weight:lr_mult=0.1
2026/07/17 04:28:56 - mmengine - INFO - paramwise_options -- backbone.layers.1.1.3.attn.attn.in_proj_weight:decay_mult=1.0
2026/07/17 04:28:56 - mmengine - INFO - paramwise_options -- backbone.layers.1.1.3.attn.attn.in_proj_bias:lr=1.0000000000000002e-06
2026/07/17 04:28:56 - mmengine - INFO - paramwise_options -- backbone.layers.1.1.3.attn.attn.in_proj_bias:weight_decay=0.01
2026/07/17 04:28:56 - mmengine - INFO - paramwise_options -- backbone.layers.1.1.3.attn.attn.in_proj_bias:lr_mult=0.1
2026/07/17 04:28:56 - mmengine - INFO - paramwise_options -- backbone.layers.1.1.3.attn.attn.in_proj_bias:decay_mult=1.0
2026/07/17 04:28:56 - mmengine - INFO - paramwise_options -- backbone.layers.1.1.3.attn.attn.out_proj.weight:lr=1.0000000000000002e-06
2026/07/17 04:28:56 - mmengine - INFO - paramwise_options -- backbone.layers.1.1.3.attn.attn.out_proj.weight:weight_decay=0.01
2026/07/17 04:28:56 - mmengine - INFO - paramwise_options -- backbone.layers.1.1.3.attn.attn.out_proj.weight:lr_mult=0.1
2026/07/17 04:28:56 - mmengine - INFO - paramwise_options -- backbone.layers.1.1.3.attn.attn.out_proj.weight:decay_mult=1.0
2026/07/17 04:28:56 - mmengine - INFO - paramwise_options -- backbone.layers.1.1.3.attn.attn.out_proj.bias:lr=1.0000000000000002e-06
2026/07/17 04:28:56 - mmengine - INFO - paramwise_options -- backbone.layers.1.1.3.attn.attn.out_proj.bias:weight_decay=0.01
2026/07/17 04:28:56 - mmengine - INFO - paramwise_options -- backbone.layers.1.1.3.attn.attn.out_proj.bias:lr_mult=0.1
2026/07/17 04:28:56 - mmengine - INFO - paramwise_options -- backbone.layers.1.1.3.attn.attn.out_proj.bias:decay_mult=1.0
2026/07/17 04:28:56 - mmengine - INFO - paramwise_options -- backbone.layers.1.1.3.attn.sr.weight:lr=1.0000000000000002e-06
2026/07/17 04:28:56 - mmengine - INFO - paramwise_options -- backbone.layers.1.1.3.attn.sr.weight:weight_decay=0.01
2026/07/17 04:28:56 - mmengine - INFO - paramwise_options -- backbone.layers.1.1.3.attn.sr.weight:lr_mult=0.1
2026/07/17 04:28:56 - mmengine - INFO - paramwise_options -- backbone.layers.1.1.3.attn.sr.weight:decay_mult=1.0
2026/07/17 04:28:56 - mmengine - INFO - paramwise_options -- backbone.layers.1.1.3.attn.sr.bias:lr=1.0000000000000002e-06
2026/07/17 04:28:56 - mmengine - INFO - paramwise_options -- backbone.layers.1.1.3.attn.sr.bias:weight_decay=0.01
2026/07/17 04:28:56 - mmengine - INFO - paramwise_options -- backbone.layers.1.1.3.attn.sr.bias:lr_mult=0.1
2026/07/17 04:28:56 - mmengine - INFO - paramwise_options -- backbone.layers.1.1.3.attn.sr.bias:decay_mult=1.0
2026/07/17 04:28:56 - mmengine - INFO - paramwise_options -- backbone.layers.1.1.3.attn.norm.weight:lr=1.0000000000000002e-06
2026/07/17 04:28:56 - mmengine - INFO - paramwise_options -- backbone.layers.1.1.3.attn.norm.weight:weight_decay=0.01
2026/07/17 04:28:56 - mmengine - INFO - paramwise_options -- backbone.layers.1.1.3.attn.norm.weight:lr_mult=0.1
2026/07/17 04:28:56 - mmengine - INFO - paramwise_options -- backbone.layers.1.1.3.attn.norm.weight:decay_mult=1.0
2026/07/17 04:28:56 - mmengine - INFO - paramwise_options -- backbone.layers.1.1.3.attn.norm.bias:lr=1.0000000000000002e-06
2026/07/17 04:28:56 - mmengine - INFO - paramwise_options -- backbone.layers.1.1.3.attn.norm.bias:weight_decay=0.01
2026/07/17 04:28:56 - mmengine - INFO - paramwise_options -- backbone.layers.1.1.3.attn.norm.bias:lr_mult=0.1
2026/07/17 04:28:56 - mmengine - INFO - paramwise_options -- backbone.layers.1.1.3.attn.norm.bias:decay_mult=1.0
2026/07/17 04:28:56 - mmengine - INFO - paramwise_options -- backbone.layers.1.1.3.norm2.weight:lr=1.0000000000000002e-06
2026/07/17 04:28:56 - mmengine - INFO - paramwise_options -- backbone.layers.1.1.3.norm2.weight:weight_decay=0.01
2026/07/17 04:28:56 - mmengine - INFO - paramwise_options -- backbone.layers.1.1.3.norm2.weight:lr_mult=0.1
2026/07/17 04:28:56 - mmengine - INFO - paramwise_options -- backbone.layers.1.1.3.norm2.weight:decay_mult=1.0
2026/07/17 04:28:56 - mmengine - INFO - paramwise_options -- backbone.layers.1.1.3.norm2.bias:lr=1.0000000000000002e-06
2026/07/17 04:28:56 - mmengine - INFO - paramwise_options -- backbone.layers.1.1.3.norm2.bias:weight_decay=0.01
2026/07/17 04:28:56 - mmengine - INFO - paramwise_options -- backbone.layers.1.1.3.norm2.bias:lr_mult=0.1
2026/07/17 04:28:56 - mmengine - INFO - paramwise_options -- backbone.layers.1.1.3.norm2.bias:decay_mult=1.0
2026/07/17 04:28:56 - mmengine - INFO - paramwise_options -- backbone.layers.1.1.3.ffn.layers.0.weight:lr=1.0000000000000002e-06
2026/07/17 04:28:56 - mmengine - INFO - paramwise_options -- backbone.layers.1.1.3.ffn.layers.0.weight:weight_decay=0.01
2026/07/17 04:28:56 - mmengine - INFO - paramwise_options -- backbone.layers.1.1.3.ffn.layers.0.weight:lr_mult=0.1
2026/07/17 04:28:56 - mmengine - INFO - paramwise_options -- backbone.layers.1.1.3.ffn.layers.0.weight:decay_mult=1.0
2026/07/17 04:28:56 - mmengine - INFO - paramwise_options -- backbone.layers.1.1.3.ffn.layers.0.bias:lr=1.0000000000000002e-06
2026/07/17 04:28:56 - mmengine - INFO - paramwise_options -- backbone.layers.1.1.3.ffn.layers.0.bias:weight_decay=0.01
2026/07/17 04:28:56 - mmengine - INFO - paramwise_options -- backbone.layers.1.1.3.ffn.layers.0.bias:lr_mult=0.1
2026/07/17 04:28:56 - mmengine - INFO - paramwise_options -- backbone.layers.1.1.3.ffn.layers.0.bias:decay_mult=1.0
2026/07/17 04:28:56 - mmengine - INFO - paramwise_options -- backbone.layers.1.1.3.ffn.layers.1.weight:lr=1.0000000000000002e-06
2026/07/17 04:28:56 - mmengine - INFO - paramwise_options -- backbone.layers.1.1.3.ffn.layers.1.weight:weight_decay=0.01
2026/07/17 04:28:56 - mmengine - INFO - paramwise_options -- backbone.layers.1.1.3.ffn.layers.1.weight:lr_mult=0.1
2026/07/17 04:28:56 - mmengine - INFO - paramwise_options -- backbone.layers.1.1.3.ffn.layers.1.weight:decay_mult=1.0
2026/07/17 04:28:56 - mmengine - INFO - paramwise_options -- backbone.layers.1.1.3.ffn.layers.1.bias:lr=1.0000000000000002e-06
2026/07/17 04:28:56 - mmengine - INFO - paramwise_options -- backbone.layers.1.1.3.ffn.layers.1.bias:weight_decay=0.01
2026/07/17 04:28:56 - mmengine - INFO - paramwise_options -- backbone.layers.1.1.3.ffn.layers.1.bias:lr_mult=0.1
2026/07/17 04:28:56 - mmengine - INFO - paramwise_options -- backbone.layers.1.1.3.ffn.layers.1.bias:decay_mult=1.0
2026/07/17 04:28:56 - mmengine - INFO - paramwise_options -- backbone.layers.1.1.3.ffn.layers.4.weight:lr=1.0000000000000002e-06
2026/07/17 04:28:56 - mmengine - INFO - paramwise_options -- backbone.layers.1.1.3.ffn.layers.4.weight:weight_decay=0.01
2026/07/17 04:28:56 - mmengine - INFO - paramwise_options -- backbone.layers.1.1.3.ffn.layers.4.weight:lr_mult=0.1
2026/07/17 04:28:56 - mmengine - INFO - paramwise_options -- backbone.layers.1.1.3.ffn.layers.4.weight:decay_mult=1.0
2026/07/17 04:28:56 - mmengine - INFO - paramwise_options -- backbone.layers.1.1.3.ffn.layers.4.bias:lr=1.0000000000000002e-06
2026/07/17 04:28:56 - mmengine - INFO - paramwise_options -- backbone.layers.1.1.3.ffn.layers.4.bias:weight_decay=0.01
2026/07/17 04:28:56 - mmengine - INFO - paramwise_options -- backbone.layers.1.1.3.ffn.layers.4.bias:lr_mult=0.1
2026/07/17 04:28:56 - mmengine - INFO - paramwise_options -- backbone.layers.1.1.3.ffn.layers.4.bias:decay_mult=1.0
2026/07/17 04:28:56 - mmengine - INFO - paramwise_options -- backbone.layers.1.2.weight:lr=1.0000000000000002e-06
2026/07/17 04:28:56 - mmengine - INFO - paramwise_options -- backbone.layers.1.2.weight:weight_decay=0.01
2026/07/17 04:28:56 - mmengine - INFO - paramwise_options -- backbone.layers.1.2.weight:lr_mult=0.1
2026/07/17 04:28:56 - mmengine - INFO - paramwise_options -- backbone.layers.1.2.weight:decay_mult=1.0
2026/07/17 04:28:56 - mmengine - INFO - paramwise_options -- backbone.layers.1.2.bias:lr=1.0000000000000002e-06
2026/07/17 04:28:56 - mmengine - INFO - paramwise_options -- backbone.layers.1.2.bias:weight_decay=0.01
2026/07/17 04:28:56 - mmengine - INFO - paramwise_options -- backbone.layers.1.2.bias:lr_mult=0.1
2026/07/17 04:28:56 - mmengine - INFO - paramwise_options -- backbone.layers.1.2.bias:decay_mult=1.0
2026/07/17 04:28:56 - mmengine - INFO - paramwise_options -- backbone.layers.2.0.projection.weight:lr=1.0000000000000002e-06
2026/07/17 04:28:56 - mmengine - INFO - paramwise_options -- backbone.layers.2.0.projection.weight:weight_decay=0.01
2026/07/17 04:28:56 - mmengine - INFO - paramwise_options -- backbone.layers.2.0.projection.weight:lr_mult=0.1
2026/07/17 04:28:56 - mmengine - INFO - paramwise_options -- backbone.layers.2.0.projection.weight:decay_mult=1.0
2026/07/17 04:28:56 - mmengine - INFO - paramwise_options -- backbone.layers.2.0.projection.bias:lr=1.0000000000000002e-06
2026/07/17 04:28:56 - mmengine - INFO - paramwise_options -- backbone.layers.2.0.projection.bias:weight_decay=0.01
2026/07/17 04:28:56 - mmengine - INFO - paramwise_options -- backbone.layers.2.0.projection.bias:lr_mult=0.1
2026/07/17 04:28:56 - mmengine - INFO - paramwise_options -- backbone.layers.2.0.projection.bias:decay_mult=1.0
2026/07/17 04:28:56 - mmengine - INFO - paramwise_options -- backbone.layers.2.0.norm.weight:lr=1.0000000000000002e-06
2026/07/17 04:28:56 - mmengine - INFO - paramwise_options -- backbone.layers.2.0.norm.weight:weight_decay=0.01
2026/07/17 04:28:56 - mmengine - INFO - paramwise_options -- backbone.layers.2.0.norm.weight:lr_mult=0.1
2026/07/17 04:28:56 - mmengine - INFO - paramwise_options -- backbone.layers.2.0.norm.weight:decay_mult=1.0
2026/07/17 04:28:56 - mmengine - INFO - paramwise_options -- backbone.layers.2.0.norm.bias:lr=1.0000000000000002e-06
2026/07/17 04:28:56 - mmengine - INFO - paramwise_options -- backbone.layers.2.0.norm.bias:weight_decay=0.01
2026/07/17 04:28:56 - mmengine - INFO - paramwise_options -- backbone.layers.2.0.norm.bias:lr_mult=0.1
2026/07/17 04:28:56 - mmengine - INFO - paramwise_options -- backbone.layers.2.0.norm.bias:decay_mult=1.0
2026/07/17 04:28:56 - mmengine - INFO - paramwise_options -- backbone.layers.2.1.0.norm1.weight:lr=1.0000000000000002e-06
2026/07/17 04:28:56 - mmengine - INFO - paramwise_options -- backbone.layers.2.1.0.norm1.weight:weight_decay=0.01
2026/07/17 04:28:56 - mmengine - INFO - paramwise_options -- backbone.layers.2.1.0.norm1.weight:lr_mult=0.1
2026/07/17 04:28:56 - mmengine - INFO - paramwise_options -- backbone.layers.2.1.0.norm1.weight:decay_mult=1.0
2026/07/17 04:28:56 - mmengine - INFO - paramwise_options -- backbone.layers.2.1.0.norm1.bias:lr=1.0000000000000002e-06
2026/07/17 04:28:56 - mmengine - INFO - paramwise_options -- backbone.layers.2.1.0.norm1.bias:weight_decay=0.01
2026/07/17 04:28:56 - mmengine - INFO - paramwise_options -- backbone.layers.2.1.0.norm1.bias:lr_mult=0.1
2026/07/17 04:28:56 - mmengine - INFO - paramwise_options -- backbone.layers.2.1.0.norm1.bias:decay_mult=1.0
2026/07/17 04:28:56 - mmengine - INFO - paramwise_options -- backbone.layers.2.1.0.attn.attn.in_proj_weight:lr=1.0000000000000002e-06
2026/07/17 04:28:56 - mmengine - INFO - paramwise_options -- backbone.layers.2.1.0.attn.attn.in_proj_weight:weight_decay=0.01
2026/07/17 04:28:56 - mmengine - INFO - paramwise_options -- backbone.layers.2.1.0.attn.attn.in_proj_weight:lr_mult=0.1
2026/07/17 04:28:56 - mmengine - INFO - paramwise_options -- backbone.layers.2.1.0.attn.attn.in_proj_weight:decay_mult=1.0
2026/07/17 04:28:56 - mmengine - INFO - paramwise_options -- backbone.layers.2.1.0.attn.attn.in_proj_bias:lr=1.0000000000000002e-06
2026/07/17 04:28:56 - mmengine - INFO - paramwise_options -- backbone.layers.2.1.0.attn.attn.in_proj_bias:weight_decay=0.01
2026/07/17 04:28:56 - mmengine - INFO - paramwise_options -- backbone.layers.2.1.0.attn.attn.in_proj_bias:lr_mult=0.1
2026/07/17 04:28:56 - mmengine - INFO - paramwise_options -- backbone.layers.2.1.0.attn.attn.in_proj_bias:decay_mult=1.0
2026/07/17 04:28:56 - mmengine - INFO - paramwise_options -- backbone.layers.2.1.0.attn.attn.out_proj.weight:lr=1.0000000000000002e-06
2026/07/17 04:28:56 - mmengine - INFO - paramwise_options -- backbone.layers.2.1.0.attn.attn.out_proj.weight:weight_decay=0.01
2026/07/17 04:28:56 - mmengine - INFO - paramwise_options -- backbone.layers.2.1.0.attn.attn.out_proj.weight:lr_mult=0.1
2026/07/17 04:28:56 - mmengine - INFO - paramwise_options -- backbone.layers.2.1.0.attn.attn.out_proj.weight:decay_mult=1.0
2026/07/17 04:28:56 - mmengine - INFO - paramwise_options -- backbone.layers.2.1.0.attn.attn.out_proj.bias:lr=1.0000000000000002e-06
2026/07/17 04:28:56 - mmengine - INFO - paramwise_options -- backbone.layers.2.1.0.attn.attn.out_proj.bias:weight_decay=0.01
2026/07/17 04:28:56 - mmengine - INFO - paramwise_options -- backbone.layers.2.1.0.attn.attn.out_proj.bias:lr_mult=0.1
2026/07/17 04:28:56 - mmengine - INFO - paramwise_options -- backbone.layers.2.1.0.attn.attn.out_proj.bias:decay_mult=1.0
2026/07/17 04:28:56 - mmengine - INFO - paramwise_options -- backbone.layers.2.1.0.attn.sr.weight:lr=1.0000000000000002e-06
2026/07/17 04:28:56 - mmengine - INFO - paramwise_options -- backbone.layers.2.1.0.attn.sr.weight:weight_decay=0.01
2026/07/17 04:28:56 - mmengine - INFO - paramwise_options -- backbone.layers.2.1.0.attn.sr.weight:lr_mult=0.1
2026/07/17 04:28:56 - mmengine - INFO - paramwise_options -- backbone.layers.2.1.0.attn.sr.weight:decay_mult=1.0
2026/07/17 04:28:56 - mmengine - INFO - paramwise_options -- backbone.layers.2.1.0.attn.sr.bias:lr=1.0000000000000002e-06
2026/07/17 04:28:56 - mmengine - INFO - paramwise_options -- backbone.layers.2.1.0.attn.sr.bias:weight_decay=0.01
2026/07/17 04:28:56 - mmengine - INFO - paramwise_options -- backbone.layers.2.1.0.attn.sr.bias:lr_mult=0.1
2026/07/17 04:28:56 - mmengine - INFO - paramwise_options -- backbone.layers.2.1.0.attn.sr.bias:decay_mult=1.0
2026/07/17 04:28:56 - mmengine - INFO - paramwise_options -- backbone.layers.2.1.0.attn.norm.weight:lr=1.0000000000000002e-06
2026/07/17 04:28:56 - mmengine - INFO - paramwise_options -- backbone.layers.2.1.0.attn.norm.weight:weight_decay=0.01
2026/07/17 04:28:56 - mmengine - INFO - paramwise_options -- backbone.layers.2.1.0.attn.norm.weight:lr_mult=0.1
2026/07/17 04:28:56 - mmengine - INFO - paramwise_options -- backbone.layers.2.1.0.attn.norm.weight:decay_mult=1.0
2026/07/17 04:28:56 - mmengine - INFO - paramwise_options -- backbone.layers.2.1.0.attn.norm.bias:lr=1.0000000000000002e-06
2026/07/17 04:28:56 - mmengine - INFO - paramwise_options -- backbone.layers.2.1.0.attn.norm.bias:weight_decay=0.01
2026/07/17 04:28:56 - mmengine - INFO - paramwise_options -- backbone.layers.2.1.0.attn.norm.bias:lr_mult=0.1
2026/07/17 04:28:56 - mmengine - INFO - paramwise_options -- backbone.layers.2.1.0.attn.norm.bias:decay_mult=1.0
2026/07/17 04:28:56 - mmengine - INFO - paramwise_options -- backbone.layers.2.1.0.norm2.weight:lr=1.0000000000000002e-06
2026/07/17 04:28:56 - mmengine - INFO - paramwise_options -- backbone.layers.2.1.0.norm2.weight:weight_decay=0.01
2026/07/17 04:28:56 - mmengine - INFO - paramwise_options -- backbone.layers.2.1.0.norm2.weight:lr_mult=0.1
2026/07/17 04:28:56 - mmengine - INFO - paramwise_options -- backbone.layers.2.1.0.norm2.weight:decay_mult=1.0
2026/07/17 04:28:56 - mmengine - INFO - paramwise_options -- backbone.layers.2.1.0.norm2.bias:lr=1.0000000000000002e-06
2026/07/17 04:28:56 - mmengine - INFO - paramwise_options -- backbone.layers.2.1.0.norm2.bias:weight_decay=0.01
2026/07/17 04:28:56 - mmengine - INFO - paramwise_options -- backbone.layers.2.1.0.norm2.bias:lr_mult=0.1
2026/07/17 04:28:56 - mmengine - INFO - paramwise_options -- backbone.layers.2.1.0.norm2.bias:decay_mult=1.0
2026/07/17 04:28:56 - mmengine - INFO - paramwise_options -- backbone.layers.2.1.0.ffn.layers.0.weight:lr=1.0000000000000002e-06
2026/07/17 04:28:56 - mmengine - INFO - paramwise_options -- backbone.layers.2.1.0.ffn.layers.0.weight:weight_decay=0.01
2026/07/17 04:28:56 - mmengine - INFO - paramwise_options -- backbone.layers.2.1.0.ffn.layers.0.weight:lr_mult=0.1
2026/07/17 04:28:56 - mmengine - INFO - paramwise_options -- backbone.layers.2.1.0.ffn.layers.0.weight:decay_mult=1.0
2026/07/17 04:28:56 - mmengine - INFO - paramwise_options -- backbone.layers.2.1.0.ffn.layers.0.bias:lr=1.0000000000000002e-06
2026/07/17 04:28:56 - mmengine - INFO - paramwise_options -- backbone.layers.2.1.0.ffn.layers.0.bias:weight_decay=0.01
2026/07/17 04:28:56 - mmengine - INFO - paramwise_options -- backbone.layers.2.1.0.ffn.layers.0.bias:lr_mult=0.1
2026/07/17 04:28:56 - mmengine - INFO - paramwise_options -- backbone.layers.2.1.0.ffn.layers.0.bias:decay_mult=1.0
2026/07/17 04:28:56 - mmengine - INFO - paramwise_options -- backbone.layers.2.1.0.ffn.layers.1.weight:lr=1.0000000000000002e-06
2026/07/17 04:28:56 - mmengine - INFO - paramwise_options -- backbone.layers.2.1.0.ffn.layers.1.weight:weight_decay=0.01
2026/07/17 04:28:56 - mmengine - INFO - paramwise_options -- backbone.layers.2.1.0.ffn.layers.1.weight:lr_mult=0.1
2026/07/17 04:28:56 - mmengine - INFO - paramwise_options -- backbone.layers.2.1.0.ffn.layers.1.weight:decay_mult=1.0
2026/07/17 04:28:56 - mmengine - INFO - paramwise_options -- backbone.layers.2.1.0.ffn.layers.1.bias:lr=1.0000000000000002e-06
2026/07/17 04:28:56 - mmengine - INFO - paramwise_options -- backbone.layers.2.1.0.ffn.layers.1.bias:weight_decay=0.01
2026/07/17 04:28:56 - mmengine - INFO - paramwise_options -- backbone.layers.2.1.0.ffn.layers.1.bias:lr_mult=0.1
2026/07/17 04:28:56 - mmengine - INFO - paramwise_options -- backbone.layers.2.1.0.ffn.layers.1.bias:decay_mult=1.0
2026/07/17 04:28:56 - mmengine - INFO - paramwise_options -- backbone.layers.2.1.0.ffn.layers.4.weight:lr=1.0000000000000002e-06
2026/07/17 04:28:56 - mmengine - INFO - paramwise_options -- backbone.layers.2.1.0.ffn.layers.4.weight:weight_decay=0.01
2026/07/17 04:28:56 - mmengine - INFO - paramwise_options -- backbone.layers.2.1.0.ffn.layers.4.weight:lr_mult=0.1
2026/07/17 04:28:56 - mmengine - INFO - paramwise_options -- backbone.layers.2.1.0.ffn.layers.4.weight:decay_mult=1.0
2026/07/17 04:28:56 - mmengine - INFO - paramwise_options -- backbone.layers.2.1.0.ffn.layers.4.bias:lr=1.0000000000000002e-06
2026/07/17 04:28:56 - mmengine - INFO - paramwise_options -- backbone.layers.2.1.0.ffn.layers.4.bias:weight_decay=0.01
2026/07/17 04:28:56 - mmengine - INFO - paramwise_options -- backbone.layers.2.1.0.ffn.layers.4.bias:lr_mult=0.1
2026/07/17 04:28:56 - mmengine - INFO - paramwise_options -- backbone.layers.2.1.0.ffn.layers.4.bias:decay_mult=1.0
2026/07/17 04:28:56 - mmengine - INFO - paramwise_options -- backbone.layers.2.1.1.norm1.weight:lr=1.0000000000000002e-06
2026/07/17 04:28:56 - mmengine - INFO - paramwise_options -- backbone.layers.2.1.1.norm1.weight:weight_decay=0.01
2026/07/17 04:28:56 - mmengine - INFO - paramwise_options -- backbone.layers.2.1.1.norm1.weight:lr_mult=0.1
2026/07/17 04:28:56 - mmengine - INFO - paramwise_options -- backbone.layers.2.1.1.norm1.weight:decay_mult=1.0
2026/07/17 04:28:56 - mmengine - INFO - paramwise_options -- backbone.layers.2.1.1.norm1.bias:lr=1.0000000000000002e-06
2026/07/17 04:28:56 - mmengine - INFO - paramwise_options -- backbone.layers.2.1.1.norm1.bias:weight_decay=0.01
2026/07/17 04:28:56 - mmengine - INFO - paramwise_options -- backbone.layers.2.1.1.norm1.bias:lr_mult=0.1
2026/07/17 04:28:56 - mmengine - INFO - paramwise_options -- backbone.layers.2.1.1.norm1.bias:decay_mult=1.0
2026/07/17 04:28:56 - mmengine - INFO - paramwise_options -- backbone.layers.2.1.1.attn.attn.in_proj_weight:lr=1.0000000000000002e-06
2026/07/17 04:28:56 - mmengine - INFO - paramwise_options -- backbone.layers.2.1.1.attn.attn.in_proj_weight:weight_decay=0.01
2026/07/17 04:28:56 - mmengine - INFO - paramwise_options -- backbone.layers.2.1.1.attn.attn.in_proj_weight:lr_mult=0.1
2026/07/17 04:28:56 - mmengine - INFO - paramwise_options -- backbone.layers.2.1.1.attn.attn.in_proj_weight:decay_mult=1.0
2026/07/17 04:28:56 - mmengine - INFO - paramwise_options -- backbone.layers.2.1.1.attn.attn.in_proj_bias:lr=1.0000000000000002e-06
2026/07/17 04:28:56 - mmengine - INFO - paramwise_options -- backbone.layers.2.1.1.attn.attn.in_proj_bias:weight_decay=0.01
2026/07/17 04:28:56 - mmengine - INFO - paramwise_options -- backbone.layers.2.1.1.attn.attn.in_proj_bias:lr_mult=0.1
2026/07/17 04:28:56 - mmengine - INFO - paramwise_options -- backbone.layers.2.1.1.attn.attn.in_proj_bias:decay_mult=1.0
2026/07/17 04:28:56 - mmengine - INFO - paramwise_options -- backbone.layers.2.1.1.attn.attn.out_proj.weight:lr=1.0000000000000002e-06
2026/07/17 04:28:56 - mmengine - INFO - paramwise_options -- backbone.layers.2.1.1.attn.attn.out_proj.weight:weight_decay=0.01
2026/07/17 04:28:56 - mmengine - INFO - paramwise_options -- backbone.layers.2.1.1.attn.attn.out_proj.weight:lr_mult=0.1
2026/07/17 04:28:56 - mmengine - INFO - paramwise_options -- backbone.layers.2.1.1.attn.attn.out_proj.weight:decay_mult=1.0
2026/07/17 04:28:56 - mmengine - INFO - paramwise_options -- backbone.layers.2.1.1.attn.attn.out_proj.bias:lr=1.0000000000000002e-06
2026/07/17 04:28:56 - mmengine - INFO - paramwise_options -- backbone.layers.2.1.1.attn.attn.out_proj.bias:weight_decay=0.01
2026/07/17 04:28:56 - mmengine - INFO - paramwise_options -- backbone.layers.2.1.1.attn.attn.out_proj.bias:lr_mult=0.1
2026/07/17 04:28:56 - mmengine - INFO - paramwise_options -- backbone.layers.2.1.1.attn.attn.out_proj.bias:decay_mult=1.0
2026/07/17 04:28:56 - mmengine - INFO - paramwise_options -- backbone.layers.2.1.1.attn.sr.weight:lr=1.0000000000000002e-06
2026/07/17 04:28:56 - mmengine - INFO - paramwise_options -- backbone.layers.2.1.1.attn.sr.weight:weight_decay=0.01
2026/07/17 04:28:56 - mmengine - INFO - paramwise_options -- backbone.layers.2.1.1.attn.sr.weight:lr_mult=0.1
2026/07/17 04:28:56 - mmengine - INFO - paramwise_options -- backbone.layers.2.1.1.attn.sr.weight:decay_mult=1.0
2026/07/17 04:28:56 - mmengine - INFO - paramwise_options -- backbone.layers.2.1.1.attn.sr.bias:lr=1.0000000000000002e-06
2026/07/17 04:28:56 - mmengine - INFO - paramwise_options -- backbone.layers.2.1.1.attn.sr.bias:weight_decay=0.01
2026/07/17 04:28:56 - mmengine - INFO - paramwise_options -- backbone.layers.2.1.1.attn.sr.bias:lr_mult=0.1
2026/07/17 04:28:56 - mmengine - INFO - paramwise_options -- backbone.layers.2.1.1.attn.sr.bias:decay_mult=1.0
2026/07/17 04:28:56 - mmengine - INFO - paramwise_options -- backbone.layers.2.1.1.attn.norm.weight:lr=1.0000000000000002e-06
2026/07/17 04:28:56 - mmengine - INFO - paramwise_options -- backbone.layers.2.1.1.attn.norm.weight:weight_decay=0.01
2026/07/17 04:28:56 - mmengine - INFO - paramwise_options -- backbone.layers.2.1.1.attn.norm.weight:lr_mult=0.1
2026/07/17 04:28:56 - mmengine - INFO - paramwise_options -- backbone.layers.2.1.1.attn.norm.weight:decay_mult=1.0
2026/07/17 04:28:56 - mmengine - INFO - paramwise_options -- backbone.layers.2.1.1.attn.norm.bias:lr=1.0000000000000002e-06
2026/07/17 04:28:56 - mmengine - INFO - paramwise_options -- backbone.layers.2.1.1.attn.norm.bias:weight_decay=0.01
2026/07/17 04:28:56 - mmengine - INFO - paramwise_options -- backbone.layers.2.1.1.attn.norm.bias:lr_mult=0.1
2026/07/17 04:28:56 - mmengine - INFO - paramwise_options -- backbone.layers.2.1.1.attn.norm.bias:decay_mult=1.0
2026/07/17 04:28:56 - mmengine - INFO - paramwise_options -- backbone.layers.2.1.1.norm2.weight:lr=1.0000000000000002e-06
2026/07/17 04:28:56 - mmengine - INFO - paramwise_options -- backbone.layers.2.1.1.norm2.weight:weight_decay=0.01
2026/07/17 04:28:56 - mmengine - INFO - paramwise_options -- backbone.layers.2.1.1.norm2.weight:lr_mult=0.1
2026/07/17 04:28:56 - mmengine - INFO - paramwise_options -- backbone.layers.2.1.1.norm2.weight:decay_mult=1.0
2026/07/17 04:28:56 - mmengine - INFO - paramwise_options -- backbone.layers.2.1.1.norm2.bias:lr=1.0000000000000002e-06
2026/07/17 04:28:56 - mmengine - INFO - paramwise_options -- backbone.layers.2.1.1.norm2.bias:weight_decay=0.01
2026/07/17 04:28:56 - mmengine - INFO - paramwise_options -- backbone.layers.2.1.1.norm2.bias:lr_mult=0.1
2026/07/17 04:28:56 - mmengine - INFO - paramwise_options -- backbone.layers.2.1.1.norm2.bias:decay_mult=1.0
2026/07/17 04:28:56 - mmengine - INFO - paramwise_options -- backbone.layers.2.1.1.ffn.layers.0.weight:lr=1.0000000000000002e-06
2026/07/17 04:28:56 - mmengine - INFO - paramwise_options -- backbone.layers.2.1.1.ffn.layers.0.weight:weight_decay=0.01
2026/07/17 04:28:56 - mmengine - INFO - paramwise_options -- backbone.layers.2.1.1.ffn.layers.0.weight:lr_mult=0.1
2026/07/17 04:28:56 - mmengine - INFO - paramwise_options -- backbone.layers.2.1.1.ffn.layers.0.weight:decay_mult=1.0
2026/07/17 04:28:56 - mmengine - INFO - paramwise_options -- backbone.layers.2.1.1.ffn.layers.0.bias:lr=1.0000000000000002e-06
2026/07/17 04:28:56 - mmengine - INFO - paramwise_options -- backbone.layers.2.1.1.ffn.layers.0.bias:weight_decay=0.01
2026/07/17 04:28:56 - mmengine - INFO - paramwise_options -- backbone.layers.2.1.1.ffn.layers.0.bias:lr_mult=0.1
2026/07/17 04:28:56 - mmengine - INFO - paramwise_options -- backbone.layers.2.1.1.ffn.layers.0.bias:decay_mult=1.0
2026/07/17 04:28:56 - mmengine - INFO - paramwise_options -- backbone.layers.2.1.1.ffn.layers.1.weight:lr=1.0000000000000002e-06
2026/07/17 04:28:56 - mmengine - INFO - paramwise_options -- backbone.layers.2.1.1.ffn.layers.1.weight:weight_decay=0.01
2026/07/17 04:28:56 - mmengine - INFO - paramwise_options -- backbone.layers.2.1.1.ffn.layers.1.weight:lr_mult=0.1
2026/07/17 04:28:56 - mmengine - INFO - paramwise_options -- backbone.layers.2.1.1.ffn.layers.1.weight:decay_mult=1.0
2026/07/17 04:28:56 - mmengine - INFO - paramwise_options -- backbone.layers.2.1.1.ffn.layers.1.bias:lr=1.0000000000000002e-06
2026/07/17 04:28:56 - mmengine - INFO - paramwise_options -- backbone.layers.2.1.1.ffn.layers.1.bias:weight_decay=0.01
2026/07/17 04:28:56 - mmengine - INFO - paramwise_options -- backbone.layers.2.1.1.ffn.layers.1.bias:lr_mult=0.1
2026/07/17 04:28:56 - mmengine - INFO - paramwise_options -- backbone.layers.2.1.1.ffn.layers.1.bias:decay_mult=1.0
2026/07/17 04:28:56 - mmengine - INFO - paramwise_options -- backbone.layers.2.1.1.ffn.layers.4.weight:lr=1.0000000000000002e-06
2026/07/17 04:28:56 - mmengine - INFO - paramwise_options -- backbone.layers.2.1.1.ffn.layers.4.weight:weight_decay=0.01
2026/07/17 04:28:56 - mmengine - INFO - paramwise_options -- backbone.layers.2.1.1.ffn.layers.4.weight:lr_mult=0.1
2026/07/17 04:28:56 - mmengine - INFO - paramwise_options -- backbone.layers.2.1.1.ffn.layers.4.weight:decay_mult=1.0
2026/07/17 04:28:56 - mmengine - INFO - paramwise_options -- backbone.layers.2.1.1.ffn.layers.4.bias:lr=1.0000000000000002e-06
2026/07/17 04:28:56 - mmengine - INFO - paramwise_options -- backbone.layers.2.1.1.ffn.layers.4.bias:weight_decay=0.01
2026/07/17 04:28:56 - mmengine - INFO - paramwise_options -- backbone.layers.2.1.1.ffn.layers.4.bias:lr_mult=0.1
2026/07/17 04:28:56 - mmengine - INFO - paramwise_options -- backbone.layers.2.1.1.ffn.layers.4.bias:decay_mult=1.0
2026/07/17 04:28:56 - mmengine - INFO - paramwise_options -- backbone.layers.2.1.2.norm1.weight:lr=1.0000000000000002e-06
2026/07/17 04:28:56 - mmengine - INFO - paramwise_options -- backbone.layers.2.1.2.norm1.weight:weight_decay=0.01
2026/07/17 04:28:56 - mmengine - INFO - paramwise_options -- backbone.layers.2.1.2.norm1.weight:lr_mult=0.1
2026/07/17 04:28:56 - mmengine - INFO - paramwise_options -- backbone.layers.2.1.2.norm1.weight:decay_mult=1.0
2026/07/17 04:28:56 - mmengine - INFO - paramwise_options -- backbone.layers.2.1.2.norm1.bias:lr=1.0000000000000002e-06
2026/07/17 04:28:56 - mmengine - INFO - paramwise_options -- backbone.layers.2.1.2.norm1.bias:weight_decay=0.01
2026/07/17 04:28:56 - mmengine - INFO - paramwise_options -- backbone.layers.2.1.2.norm1.bias:lr_mult=0.1
2026/07/17 04:28:56 - mmengine - INFO - paramwise_options -- backbone.layers.2.1.2.norm1.bias:decay_mult=1.0
2026/07/17 04:28:56 - mmengine - INFO - paramwise_options -- backbone.layers.2.1.2.attn.attn.in_proj_weight:lr=1.0000000000000002e-06
2026/07/17 04:28:56 - mmengine - INFO - paramwise_options -- backbone.layers.2.1.2.attn.attn.in_proj_weight:weight_decay=0.01
2026/07/17 04:28:56 - mmengine - INFO - paramwise_options -- backbone.layers.2.1.2.attn.attn.in_proj_weight:lr_mult=0.1
2026/07/17 04:28:56 - mmengine - INFO - paramwise_options -- backbone.layers.2.1.2.attn.attn.in_proj_weight:decay_mult=1.0
2026/07/17 04:28:56 - mmengine - INFO - paramwise_options -- backbone.layers.2.1.2.attn.attn.in_proj_bias:lr=1.0000000000000002e-06
2026/07/17 04:28:56 - mmengine - INFO - paramwise_options -- backbone.layers.2.1.2.attn.attn.in_proj_bias:weight_decay=0.01
2026/07/17 04:28:56 - mmengine - INFO - paramwise_options -- backbone.layers.2.1.2.attn.attn.in_proj_bias:lr_mult=0.1
2026/07/17 04:28:56 - mmengine - INFO - paramwise_options -- backbone.layers.2.1.2.attn.attn.in_proj_bias:decay_mult=1.0
2026/07/17 04:28:56 - mmengine - INFO - paramwise_options -- backbone.layers.2.1.2.attn.attn.out_proj.weight:lr=1.0000000000000002e-06
2026/07/17 04:28:56 - mmengine - INFO - paramwise_options -- backbone.layers.2.1.2.attn.attn.out_proj.weight:weight_decay=0.01
2026/07/17 04:28:56 - mmengine - INFO - paramwise_options -- backbone.layers.2.1.2.attn.attn.out_proj.weight:lr_mult=0.1
2026/07/17 04:28:56 - mmengine - INFO - paramwise_options -- backbone.layers.2.1.2.attn.attn.out_proj.weight:decay_mult=1.0
2026/07/17 04:28:56 - mmengine - INFO - paramwise_options -- backbone.layers.2.1.2.attn.attn.out_proj.bias:lr=1.0000000000000002e-06
2026/07/17 04:28:56 - mmengine - INFO - paramwise_options -- backbone.layers.2.1.2.attn.attn.out_proj.bias:weight_decay=0.01
2026/07/17 04:28:56 - mmengine - INFO - paramwise_options -- backbone.layers.2.1.2.attn.attn.out_proj.bias:lr_mult=0.1
2026/07/17 04:28:56 - mmengine - INFO - paramwise_options -- backbone.layers.2.1.2.attn.attn.out_proj.bias:decay_mult=1.0
2026/07/17 04:28:56 - mmengine - INFO - paramwise_options -- backbone.layers.2.1.2.attn.sr.weight:lr=1.0000000000000002e-06
2026/07/17 04:28:56 - mmengine - INFO - paramwise_options -- backbone.layers.2.1.2.attn.sr.weight:weight_decay=0.01
2026/07/17 04:28:56 - mmengine - INFO - paramwise_options -- backbone.layers.2.1.2.attn.sr.weight:lr_mult=0.1
2026/07/17 04:28:56 - mmengine - INFO - paramwise_options -- backbone.layers.2.1.2.attn.sr.weight:decay_mult=1.0
2026/07/17 04:28:56 - mmengine - INFO - paramwise_options -- backbone.layers.2.1.2.attn.sr.bias:lr=1.0000000000000002e-06
2026/07/17 04:28:56 - mmengine - INFO - paramwise_options -- backbone.layers.2.1.2.attn.sr.bias:weight_decay=0.01
2026/07/17 04:28:56 - mmengine - INFO - paramwise_options -- backbone.layers.2.1.2.attn.sr.bias:lr_mult=0.1
2026/07/17 04:28:56 - mmengine - INFO - paramwise_options -- backbone.layers.2.1.2.attn.sr.bias:decay_mult=1.0
2026/07/17 04:28:56 - mmengine - INFO - paramwise_options -- backbone.layers.2.1.2.attn.norm.weight:lr=1.0000000000000002e-06
2026/07/17 04:28:56 - mmengine - INFO - paramwise_options -- backbone.layers.2.1.2.attn.norm.weight:weight_decay=0.01
2026/07/17 04:28:56 - mmengine - INFO - paramwise_options -- backbone.layers.2.1.2.attn.norm.weight:lr_mult=0.1
2026/07/17 04:28:56 - mmengine - INFO - paramwise_options -- backbone.layers.2.1.2.attn.norm.weight:decay_mult=1.0
2026/07/17 04:28:56 - mmengine - INFO - paramwise_options -- backbone.layers.2.1.2.attn.norm.bias:lr=1.0000000000000002e-06
2026/07/17 04:28:56 - mmengine - INFO - paramwise_options -- backbone.layers.2.1.2.attn.norm.bias:weight_decay=0.01
2026/07/17 04:28:56 - mmengine - INFO - paramwise_options -- backbone.layers.2.1.2.attn.norm.bias:lr_mult=0.1
2026/07/17 04:28:56 - mmengine - INFO - paramwise_options -- backbone.layers.2.1.2.attn.norm.bias:decay_mult=1.0
2026/07/17 04:28:56 - mmengine - INFO - paramwise_options -- backbone.layers.2.1.2.norm2.weight:lr=1.0000000000000002e-06
2026/07/17 04:28:56 - mmengine - INFO - paramwise_options -- backbone.layers.2.1.2.norm2.weight:weight_decay=0.01
2026/07/17 04:28:56 - mmengine - INFO - paramwise_options -- backbone.layers.2.1.2.norm2.weight:lr_mult=0.1
2026/07/17 04:28:56 - mmengine - INFO - paramwise_options -- backbone.layers.2.1.2.norm2.weight:decay_mult=1.0
2026/07/17 04:28:56 - mmengine - INFO - paramwise_options -- backbone.layers.2.1.2.norm2.bias:lr=1.0000000000000002e-06
2026/07/17 04:28:56 - mmengine - INFO - paramwise_options -- backbone.layers.2.1.2.norm2.bias:weight_decay=0.01
2026/07/17 04:28:56 - mmengine - INFO - paramwise_options -- backbone.layers.2.1.2.norm2.bias:lr_mult=0.1
2026/07/17 04:28:56 - mmengine - INFO - paramwise_options -- backbone.layers.2.1.2.norm2.bias:decay_mult=1.0
2026/07/17 04:28:56 - mmengine - INFO - paramwise_options -- backbone.layers.2.1.2.ffn.layers.0.weight:lr=1.0000000000000002e-06
2026/07/17 04:28:56 - mmengine - INFO - paramwise_options -- backbone.layers.2.1.2.ffn.layers.0.weight:weight_decay=0.01
2026/07/17 04:28:56 - mmengine - INFO - paramwise_options -- backbone.layers.2.1.2.ffn.layers.0.weight:lr_mult=0.1
2026/07/17 04:28:56 - mmengine - INFO - paramwise_options -- backbone.layers.2.1.2.ffn.layers.0.weight:decay_mult=1.0
2026/07/17 04:28:56 - mmengine - INFO - paramwise_options -- backbone.layers.2.1.2.ffn.layers.0.bias:lr=1.0000000000000002e-06
2026/07/17 04:28:56 - mmengine - INFO - paramwise_options -- backbone.layers.2.1.2.ffn.layers.0.bias:weight_decay=0.01
2026/07/17 04:28:56 - mmengine - INFO - paramwise_options -- backbone.layers.2.1.2.ffn.layers.0.bias:lr_mult=0.1
2026/07/17 04:28:56 - mmengine - INFO - paramwise_options -- backbone.layers.2.1.2.ffn.layers.0.bias:decay_mult=1.0
2026/07/17 04:28:56 - mmengine - INFO - paramwise_options -- backbone.layers.2.1.2.ffn.layers.1.weight:lr=1.0000000000000002e-06
2026/07/17 04:28:56 - mmengine - INFO - paramwise_options -- backbone.layers.2.1.2.ffn.layers.1.weight:weight_decay=0.01
2026/07/17 04:28:56 - mmengine - INFO - paramwise_options -- backbone.layers.2.1.2.ffn.layers.1.weight:lr_mult=0.1
2026/07/17 04:28:56 - mmengine - INFO - paramwise_options -- backbone.layers.2.1.2.ffn.layers.1.weight:decay_mult=1.0
2026/07/17 04:28:56 - mmengine - INFO - paramwise_options -- backbone.layers.2.1.2.ffn.layers.1.bias:lr=1.0000000000000002e-06
2026/07/17 04:28:56 - mmengine - INFO - paramwise_options -- backbone.layers.2.1.2.ffn.layers.1.bias:weight_decay=0.01
2026/07/17 04:28:56 - mmengine - INFO - paramwise_options -- backbone.layers.2.1.2.ffn.layers.1.bias:lr_mult=0.1
2026/07/17 04:28:56 - mmengine - INFO - paramwise_options -- backbone.layers.2.1.2.ffn.layers.1.bias:decay_mult=1.0
2026/07/17 04:28:56 - mmengine - INFO - paramwise_options -- backbone.layers.2.1.2.ffn.layers.4.weight:lr=1.0000000000000002e-06
2026/07/17 04:28:56 - mmengine - INFO - paramwise_options -- backbone.layers.2.1.2.ffn.layers.4.weight:weight_decay=0.01
2026/07/17 04:28:56 - mmengine - INFO - paramwise_options -- backbone.layers.2.1.2.ffn.layers.4.weight:lr_mult=0.1
2026/07/17 04:28:56 - mmengine - INFO - paramwise_options -- backbone.layers.2.1.2.ffn.layers.4.weight:decay_mult=1.0
2026/07/17 04:28:56 - mmengine - INFO - paramwise_options -- backbone.layers.2.1.2.ffn.layers.4.bias:lr=1.0000000000000002e-06
2026/07/17 04:28:56 - mmengine - INFO - paramwise_options -- backbone.layers.2.1.2.ffn.layers.4.bias:weight_decay=0.01
2026/07/17 04:28:56 - mmengine - INFO - paramwise_options -- backbone.layers.2.1.2.ffn.layers.4.bias:lr_mult=0.1
2026/07/17 04:28:56 - mmengine - INFO - paramwise_options -- backbone.layers.2.1.2.ffn.layers.4.bias:decay_mult=1.0
2026/07/17 04:28:56 - mmengine - INFO - paramwise_options -- backbone.layers.2.1.3.norm1.weight:lr=1.0000000000000002e-06
2026/07/17 04:28:56 - mmengine - INFO - paramwise_options -- backbone.layers.2.1.3.norm1.weight:weight_decay=0.01
2026/07/17 04:28:56 - mmengine - INFO - paramwise_options -- backbone.layers.2.1.3.norm1.weight:lr_mult=0.1
2026/07/17 04:28:56 - mmengine - INFO - paramwise_options -- backbone.layers.2.1.3.norm1.weight:decay_mult=1.0
2026/07/17 04:28:56 - mmengine - INFO - paramwise_options -- backbone.layers.2.1.3.norm1.bias:lr=1.0000000000000002e-06
2026/07/17 04:28:56 - mmengine - INFO - paramwise_options -- backbone.layers.2.1.3.norm1.bias:weight_decay=0.01
2026/07/17 04:28:56 - mmengine - INFO - paramwise_options -- backbone.layers.2.1.3.norm1.bias:lr_mult=0.1
2026/07/17 04:28:56 - mmengine - INFO - paramwise_options -- backbone.layers.2.1.3.norm1.bias:decay_mult=1.0
2026/07/17 04:28:56 - mmengine - INFO - paramwise_options -- backbone.layers.2.1.3.attn.attn.in_proj_weight:lr=1.0000000000000002e-06
2026/07/17 04:28:56 - mmengine - INFO - paramwise_options -- backbone.layers.2.1.3.attn.attn.in_proj_weight:weight_decay=0.01
2026/07/17 04:28:56 - mmengine - INFO - paramwise_options -- backbone.layers.2.1.3.attn.attn.in_proj_weight:lr_mult=0.1
2026/07/17 04:28:56 - mmengine - INFO - paramwise_options -- backbone.layers.2.1.3.attn.attn.in_proj_weight:decay_mult=1.0
2026/07/17 04:28:56 - mmengine - INFO - paramwise_options -- backbone.layers.2.1.3.attn.attn.in_proj_bias:lr=1.0000000000000002e-06
2026/07/17 04:28:56 - mmengine - INFO - paramwise_options -- backbone.layers.2.1.3.attn.attn.in_proj_bias:weight_decay=0.01
2026/07/17 04:28:56 - mmengine - INFO - paramwise_options -- backbone.layers.2.1.3.attn.attn.in_proj_bias:lr_mult=0.1
2026/07/17 04:28:56 - mmengine - INFO - paramwise_options -- backbone.layers.2.1.3.attn.attn.in_proj_bias:decay_mult=1.0
2026/07/17 04:28:56 - mmengine - INFO - paramwise_options -- backbone.layers.2.1.3.attn.attn.out_proj.weight:lr=1.0000000000000002e-06
2026/07/17 04:28:56 - mmengine - INFO - paramwise_options -- backbone.layers.2.1.3.attn.attn.out_proj.weight:weight_decay=0.01
2026/07/17 04:28:56 - mmengine - INFO - paramwise_options -- backbone.layers.2.1.3.attn.attn.out_proj.weight:lr_mult=0.1
2026/07/17 04:28:56 - mmengine - INFO - paramwise_options -- backbone.layers.2.1.3.attn.attn.out_proj.weight:decay_mult=1.0
2026/07/17 04:28:56 - mmengine - INFO - paramwise_options -- backbone.layers.2.1.3.attn.attn.out_proj.bias:lr=1.0000000000000002e-06
2026/07/17 04:28:56 - mmengine - INFO - paramwise_options -- backbone.layers.2.1.3.attn.attn.out_proj.bias:weight_decay=0.01
2026/07/17 04:28:56 - mmengine - INFO - paramwise_options -- backbone.layers.2.1.3.attn.attn.out_proj.bias:lr_mult=0.1
2026/07/17 04:28:56 - mmengine - INFO - paramwise_options -- backbone.layers.2.1.3.attn.attn.out_proj.bias:decay_mult=1.0
2026/07/17 04:28:56 - mmengine - INFO - paramwise_options -- backbone.layers.2.1.3.attn.sr.weight:lr=1.0000000000000002e-06
2026/07/17 04:28:56 - mmengine - INFO - paramwise_options -- backbone.layers.2.1.3.attn.sr.weight:weight_decay=0.01
2026/07/17 04:28:56 - mmengine - INFO - paramwise_options -- backbone.layers.2.1.3.attn.sr.weight:lr_mult=0.1
2026/07/17 04:28:56 - mmengine - INFO - paramwise_options -- backbone.layers.2.1.3.attn.sr.weight:decay_mult=1.0
2026/07/17 04:28:56 - mmengine - INFO - paramwise_options -- backbone.layers.2.1.3.attn.sr.bias:lr=1.0000000000000002e-06
2026/07/17 04:28:56 - mmengine - INFO - paramwise_options -- backbone.layers.2.1.3.attn.sr.bias:weight_decay=0.01
2026/07/17 04:28:56 - mmengine - INFO - paramwise_options -- backbone.layers.2.1.3.attn.sr.bias:lr_mult=0.1
2026/07/17 04:28:56 - mmengine - INFO - paramwise_options -- backbone.layers.2.1.3.attn.sr.bias:decay_mult=1.0
2026/07/17 04:28:56 - mmengine - INFO - paramwise_options -- backbone.layers.2.1.3.attn.norm.weight:lr=1.0000000000000002e-06
2026/07/17 04:28:56 - mmengine - INFO - paramwise_options -- backbone.layers.2.1.3.attn.norm.weight:weight_decay=0.01
2026/07/17 04:28:56 - mmengine - INFO - paramwise_options -- backbone.layers.2.1.3.attn.norm.weight:lr_mult=0.1
2026/07/17 04:28:56 - mmengine - INFO - paramwise_options -- backbone.layers.2.1.3.attn.norm.weight:decay_mult=1.0
2026/07/17 04:28:56 - mmengine - INFO - paramwise_options -- backbone.layers.2.1.3.attn.norm.bias:lr=1.0000000000000002e-06
2026/07/17 04:28:56 - mmengine - INFO - paramwise_options -- backbone.layers.2.1.3.attn.norm.bias:weight_decay=0.01
2026/07/17 04:28:56 - mmengine - INFO - paramwise_options -- backbone.layers.2.1.3.attn.norm.bias:lr_mult=0.1
2026/07/17 04:28:56 - mmengine - INFO - paramwise_options -- backbone.layers.2.1.3.attn.norm.bias:decay_mult=1.0
2026/07/17 04:28:56 - mmengine - INFO - paramwise_options -- backbone.layers.2.1.3.norm2.weight:lr=1.0000000000000002e-06
2026/07/17 04:28:56 - mmengine - INFO - paramwise_options -- backbone.layers.2.1.3.norm2.weight:weight_decay=0.01
2026/07/17 04:28:56 - mmengine - INFO - paramwise_options -- backbone.layers.2.1.3.norm2.weight:lr_mult=0.1
2026/07/17 04:28:56 - mmengine - INFO - paramwise_options -- backbone.layers.2.1.3.norm2.weight:decay_mult=1.0
2026/07/17 04:28:56 - mmengine - INFO - paramwise_options -- backbone.layers.2.1.3.norm2.bias:lr=1.0000000000000002e-06
2026/07/17 04:28:56 - mmengine - INFO - paramwise_options -- backbone.layers.2.1.3.norm2.bias:weight_decay=0.01
2026/07/17 04:28:56 - mmengine - INFO - paramwise_options -- backbone.layers.2.1.3.norm2.bias:lr_mult=0.1
2026/07/17 04:28:56 - mmengine - INFO - paramwise_options -- backbone.layers.2.1.3.norm2.bias:decay_mult=1.0
2026/07/17 04:28:56 - mmengine - INFO - paramwise_options -- backbone.layers.2.1.3.ffn.layers.0.weight:lr=1.0000000000000002e-06
2026/07/17 04:28:56 - mmengine - INFO - paramwise_options -- backbone.layers.2.1.3.ffn.layers.0.weight:weight_decay=0.01
2026/07/17 04:28:56 - mmengine - INFO - paramwise_options -- backbone.layers.2.1.3.ffn.layers.0.weight:lr_mult=0.1
2026/07/17 04:28:56 - mmengine - INFO - paramwise_options -- backbone.layers.2.1.3.ffn.layers.0.weight:decay_mult=1.0
2026/07/17 04:28:56 - mmengine - INFO - paramwise_options -- backbone.layers.2.1.3.ffn.layers.0.bias:lr=1.0000000000000002e-06
2026/07/17 04:28:56 - mmengine - INFO - paramwise_options -- backbone.layers.2.1.3.ffn.layers.0.bias:weight_decay=0.01
2026/07/17 04:28:56 - mmengine - INFO - paramwise_options -- backbone.layers.2.1.3.ffn.layers.0.bias:lr_mult=0.1
2026/07/17 04:28:56 - mmengine - INFO - paramwise_options -- backbone.layers.2.1.3.ffn.layers.0.bias:decay_mult=1.0
2026/07/17 04:28:56 - mmengine - INFO - paramwise_options -- backbone.layers.2.1.3.ffn.layers.1.weight:lr=1.0000000000000002e-06
2026/07/17 04:28:56 - mmengine - INFO - paramwise_options -- backbone.layers.2.1.3.ffn.layers.1.weight:weight_decay=0.01
2026/07/17 04:28:56 - mmengine - INFO - paramwise_options -- backbone.layers.2.1.3.ffn.layers.1.weight:lr_mult=0.1
2026/07/17 04:28:56 - mmengine - INFO - paramwise_options -- backbone.layers.2.1.3.ffn.layers.1.weight:decay_mult=1.0
2026/07/17 04:28:56 - mmengine - INFO - paramwise_options -- backbone.layers.2.1.3.ffn.layers.1.bias:lr=1.0000000000000002e-06
2026/07/17 04:28:56 - mmengine - INFO - paramwise_options -- backbone.layers.2.1.3.ffn.layers.1.bias:weight_decay=0.01
2026/07/17 04:28:56 - mmengine - INFO - paramwise_options -- backbone.layers.2.1.3.ffn.layers.1.bias:lr_mult=0.1
2026/07/17 04:28:56 - mmengine - INFO - paramwise_options -- backbone.layers.2.1.3.ffn.layers.1.bias:decay_mult=1.0
2026/07/17 04:28:56 - mmengine - INFO - paramwise_options -- backbone.layers.2.1.3.ffn.layers.4.weight:lr=1.0000000000000002e-06
2026/07/17 04:28:56 - mmengine - INFO - paramwise_options -- backbone.layers.2.1.3.ffn.layers.4.weight:weight_decay=0.01
2026/07/17 04:28:56 - mmengine - INFO - paramwise_options -- backbone.layers.2.1.3.ffn.layers.4.weight:lr_mult=0.1
2026/07/17 04:28:56 - mmengine - INFO - paramwise_options -- backbone.layers.2.1.3.ffn.layers.4.weight:decay_mult=1.0
2026/07/17 04:28:56 - mmengine - INFO - paramwise_options -- backbone.layers.2.1.3.ffn.layers.4.bias:lr=1.0000000000000002e-06
2026/07/17 04:28:56 - mmengine - INFO - paramwise_options -- backbone.layers.2.1.3.ffn.layers.4.bias:weight_decay=0.01
2026/07/17 04:28:56 - mmengine - INFO - paramwise_options -- backbone.layers.2.1.3.ffn.layers.4.bias:lr_mult=0.1
2026/07/17 04:28:56 - mmengine - INFO - paramwise_options -- backbone.layers.2.1.3.ffn.layers.4.bias:decay_mult=1.0
2026/07/17 04:28:56 - mmengine - INFO - paramwise_options -- backbone.layers.2.1.4.norm1.weight:lr=1.0000000000000002e-06
2026/07/17 04:28:56 - mmengine - INFO - paramwise_options -- backbone.layers.2.1.4.norm1.weight:weight_decay=0.01
2026/07/17 04:28:56 - mmengine - INFO - paramwise_options -- backbone.layers.2.1.4.norm1.weight:lr_mult=0.1
2026/07/17 04:28:56 - mmengine - INFO - paramwise_options -- backbone.layers.2.1.4.norm1.weight:decay_mult=1.0
2026/07/17 04:28:56 - mmengine - INFO - paramwise_options -- backbone.layers.2.1.4.norm1.bias:lr=1.0000000000000002e-06
2026/07/17 04:28:56 - mmengine - INFO - paramwise_options -- backbone.layers.2.1.4.norm1.bias:weight_decay=0.01
2026/07/17 04:28:56 - mmengine - INFO - paramwise_options -- backbone.layers.2.1.4.norm1.bias:lr_mult=0.1
2026/07/17 04:28:56 - mmengine - INFO - paramwise_options -- backbone.layers.2.1.4.norm1.bias:decay_mult=1.0
2026/07/17 04:28:56 - mmengine - INFO - paramwise_options -- backbone.layers.2.1.4.attn.attn.in_proj_weight:lr=1.0000000000000002e-06
2026/07/17 04:28:56 - mmengine - INFO - paramwise_options -- backbone.layers.2.1.4.attn.attn.in_proj_weight:weight_decay=0.01
2026/07/17 04:28:56 - mmengine - INFO - paramwise_options -- backbone.layers.2.1.4.attn.attn.in_proj_weight:lr_mult=0.1
2026/07/17 04:28:56 - mmengine - INFO - paramwise_options -- backbone.layers.2.1.4.attn.attn.in_proj_weight:decay_mult=1.0
2026/07/17 04:28:56 - mmengine - INFO - paramwise_options -- backbone.layers.2.1.4.attn.attn.in_proj_bias:lr=1.0000000000000002e-06
2026/07/17 04:28:56 - mmengine - INFO - paramwise_options -- backbone.layers.2.1.4.attn.attn.in_proj_bias:weight_decay=0.01
2026/07/17 04:28:56 - mmengine - INFO - paramwise_options -- backbone.layers.2.1.4.attn.attn.in_proj_bias:lr_mult=0.1
2026/07/17 04:28:56 - mmengine - INFO - paramwise_options -- backbone.layers.2.1.4.attn.attn.in_proj_bias:decay_mult=1.0
2026/07/17 04:28:56 - mmengine - INFO - paramwise_options -- backbone.layers.2.1.4.attn.attn.out_proj.weight:lr=1.0000000000000002e-06
2026/07/17 04:28:56 - mmengine - INFO - paramwise_options -- backbone.layers.2.1.4.attn.attn.out_proj.weight:weight_decay=0.01
2026/07/17 04:28:56 - mmengine - INFO - paramwise_options -- backbone.layers.2.1.4.attn.attn.out_proj.weight:lr_mult=0.1
2026/07/17 04:28:56 - mmengine - INFO - paramwise_options -- backbone.layers.2.1.4.attn.attn.out_proj.weight:decay_mult=1.0
2026/07/17 04:28:56 - mmengine - INFO - paramwise_options -- backbone.layers.2.1.4.attn.attn.out_proj.bias:lr=1.0000000000000002e-06
2026/07/17 04:28:56 - mmengine - INFO - paramwise_options -- backbone.layers.2.1.4.attn.attn.out_proj.bias:weight_decay=0.01
2026/07/17 04:28:56 - mmengine - INFO - paramwise_options -- backbone.layers.2.1.4.attn.attn.out_proj.bias:lr_mult=0.1
2026/07/17 04:28:56 - mmengine - INFO - paramwise_options -- backbone.layers.2.1.4.attn.attn.out_proj.bias:decay_mult=1.0
2026/07/17 04:28:56 - mmengine - INFO - paramwise_options -- backbone.layers.2.1.4.attn.sr.weight:lr=1.0000000000000002e-06
2026/07/17 04:28:56 - mmengine - INFO - paramwise_options -- backbone.layers.2.1.4.attn.sr.weight:weight_decay=0.01
2026/07/17 04:28:56 - mmengine - INFO - paramwise_options -- backbone.layers.2.1.4.attn.sr.weight:lr_mult=0.1
2026/07/17 04:28:56 - mmengine - INFO - paramwise_options -- backbone.layers.2.1.4.attn.sr.weight:decay_mult=1.0
2026/07/17 04:28:56 - mmengine - INFO - paramwise_options -- backbone.layers.2.1.4.attn.sr.bias:lr=1.0000000000000002e-06
2026/07/17 04:28:56 - mmengine - INFO - paramwise_options -- backbone.layers.2.1.4.attn.sr.bias:weight_decay=0.01
2026/07/17 04:28:56 - mmengine - INFO - paramwise_options -- backbone.layers.2.1.4.attn.sr.bias:lr_mult=0.1
2026/07/17 04:28:56 - mmengine - INFO - paramwise_options -- backbone.layers.2.1.4.attn.sr.bias:decay_mult=1.0
2026/07/17 04:28:56 - mmengine - INFO - paramwise_options -- backbone.layers.2.1.4.attn.norm.weight:lr=1.0000000000000002e-06
2026/07/17 04:28:56 - mmengine - INFO - paramwise_options -- backbone.layers.2.1.4.attn.norm.weight:weight_decay=0.01
2026/07/17 04:28:56 - mmengine - INFO - paramwise_options -- backbone.layers.2.1.4.attn.norm.weight:lr_mult=0.1
2026/07/17 04:28:56 - mmengine - INFO - paramwise_options -- backbone.layers.2.1.4.attn.norm.weight:decay_mult=1.0
2026/07/17 04:28:56 - mmengine - INFO - paramwise_options -- backbone.layers.2.1.4.attn.norm.bias:lr=1.0000000000000002e-06
2026/07/17 04:28:56 - mmengine - INFO - paramwise_options -- backbone.layers.2.1.4.attn.norm.bias:weight_decay=0.01
2026/07/17 04:28:56 - mmengine - INFO - paramwise_options -- backbone.layers.2.1.4.attn.norm.bias:lr_mult=0.1
2026/07/17 04:28:56 - mmengine - INFO - paramwise_options -- backbone.layers.2.1.4.attn.norm.bias:decay_mult=1.0
2026/07/17 04:28:56 - mmengine - INFO - paramwise_options -- backbone.layers.2.1.4.norm2.weight:lr=1.0000000000000002e-06
2026/07/17 04:28:56 - mmengine - INFO - paramwise_options -- backbone.layers.2.1.4.norm2.weight:weight_decay=0.01
2026/07/17 04:28:56 - mmengine - INFO - paramwise_options -- backbone.layers.2.1.4.norm2.weight:lr_mult=0.1
2026/07/17 04:28:56 - mmengine - INFO - paramwise_options -- backbone.layers.2.1.4.norm2.weight:decay_mult=1.0
2026/07/17 04:28:56 - mmengine - INFO - paramwise_options -- backbone.layers.2.1.4.norm2.bias:lr=1.0000000000000002e-06
2026/07/17 04:28:56 - mmengine - INFO - paramwise_options -- backbone.layers.2.1.4.norm2.bias:weight_decay=0.01
2026/07/17 04:28:56 - mmengine - INFO - paramwise_options -- backbone.layers.2.1.4.norm2.bias:lr_mult=0.1
2026/07/17 04:28:56 - mmengine - INFO - paramwise_options -- backbone.layers.2.1.4.norm2.bias:decay_mult=1.0
2026/07/17 04:28:56 - mmengine - INFO - paramwise_options -- backbone.layers.2.1.4.ffn.layers.0.weight:lr=1.0000000000000002e-06
2026/07/17 04:28:56 - mmengine - INFO - paramwise_options -- backbone.layers.2.1.4.ffn.layers.0.weight:weight_decay=0.01
2026/07/17 04:28:56 - mmengine - INFO - paramwise_options -- backbone.layers.2.1.4.ffn.layers.0.weight:lr_mult=0.1
2026/07/17 04:28:56 - mmengine - INFO - paramwise_options -- backbone.layers.2.1.4.ffn.layers.0.weight:decay_mult=1.0
2026/07/17 04:28:56 - mmengine - INFO - paramwise_options -- backbone.layers.2.1.4.ffn.layers.0.bias:lr=1.0000000000000002e-06
2026/07/17 04:28:56 - mmengine - INFO - paramwise_options -- backbone.layers.2.1.4.ffn.layers.0.bias:weight_decay=0.01
2026/07/17 04:28:56 - mmengine - INFO - paramwise_options -- backbone.layers.2.1.4.ffn.layers.0.bias:lr_mult=0.1
2026/07/17 04:28:56 - mmengine - INFO - paramwise_options -- backbone.layers.2.1.4.ffn.layers.0.bias:decay_mult=1.0
2026/07/17 04:28:56 - mmengine - INFO - paramwise_options -- backbone.layers.2.1.4.ffn.layers.1.weight:lr=1.0000000000000002e-06
2026/07/17 04:28:56 - mmengine - INFO - paramwise_options -- backbone.layers.2.1.4.ffn.layers.1.weight:weight_decay=0.01
2026/07/17 04:28:56 - mmengine - INFO - paramwise_options -- backbone.layers.2.1.4.ffn.layers.1.weight:lr_mult=0.1
2026/07/17 04:28:56 - mmengine - INFO - paramwise_options -- backbone.layers.2.1.4.ffn.layers.1.weight:decay_mult=1.0
2026/07/17 04:28:56 - mmengine - INFO - paramwise_options -- backbone.layers.2.1.4.ffn.layers.1.bias:lr=1.0000000000000002e-06
2026/07/17 04:28:56 - mmengine - INFO - paramwise_options -- backbone.layers.2.1.4.ffn.layers.1.bias:weight_decay=0.01
2026/07/17 04:28:56 - mmengine - INFO - paramwise_options -- backbone.layers.2.1.4.ffn.layers.1.bias:lr_mult=0.1
2026/07/17 04:28:56 - mmengine - INFO - paramwise_options -- backbone.layers.2.1.4.ffn.layers.1.bias:decay_mult=1.0
2026/07/17 04:28:56 - mmengine - INFO - paramwise_options -- backbone.layers.2.1.4.ffn.layers.4.weight:lr=1.0000000000000002e-06
2026/07/17 04:28:56 - mmengine - INFO - paramwise_options -- backbone.layers.2.1.4.ffn.layers.4.weight:weight_decay=0.01
2026/07/17 04:28:56 - mmengine - INFO - paramwise_options -- backbone.layers.2.1.4.ffn.layers.4.weight:lr_mult=0.1
2026/07/17 04:28:56 - mmengine - INFO - paramwise_options -- backbone.layers.2.1.4.ffn.layers.4.weight:decay_mult=1.0
2026/07/17 04:28:56 - mmengine - INFO - paramwise_options -- backbone.layers.2.1.4.ffn.layers.4.bias:lr=1.0000000000000002e-06
2026/07/17 04:28:56 - mmengine - INFO - paramwise_options -- backbone.layers.2.1.4.ffn.layers.4.bias:weight_decay=0.01
2026/07/17 04:28:56 - mmengine - INFO - paramwise_options -- backbone.layers.2.1.4.ffn.layers.4.bias:lr_mult=0.1
2026/07/17 04:28:56 - mmengine - INFO - paramwise_options -- backbone.layers.2.1.4.ffn.layers.4.bias:decay_mult=1.0
2026/07/17 04:28:56 - mmengine - INFO - paramwise_options -- backbone.layers.2.1.5.norm1.weight:lr=1.0000000000000002e-06
2026/07/17 04:28:56 - mmengine - INFO - paramwise_options -- backbone.layers.2.1.5.norm1.weight:weight_decay=0.01
2026/07/17 04:28:56 - mmengine - INFO - paramwise_options -- backbone.layers.2.1.5.norm1.weight:lr_mult=0.1
2026/07/17 04:28:56 - mmengine - INFO - paramwise_options -- backbone.layers.2.1.5.norm1.weight:decay_mult=1.0
2026/07/17 04:28:56 - mmengine - INFO - paramwise_options -- backbone.layers.2.1.5.norm1.bias:lr=1.0000000000000002e-06
2026/07/17 04:28:56 - mmengine - INFO - paramwise_options -- backbone.layers.2.1.5.norm1.bias:weight_decay=0.01
2026/07/17 04:28:56 - mmengine - INFO - paramwise_options -- backbone.layers.2.1.5.norm1.bias:lr_mult=0.1
2026/07/17 04:28:56 - mmengine - INFO - paramwise_options -- backbone.layers.2.1.5.norm1.bias:decay_mult=1.0
2026/07/17 04:28:56 - mmengine - INFO - paramwise_options -- backbone.layers.2.1.5.attn.attn.in_proj_weight:lr=1.0000000000000002e-06
2026/07/17 04:28:56 - mmengine - INFO - paramwise_options -- backbone.layers.2.1.5.attn.attn.in_proj_weight:weight_decay=0.01
2026/07/17 04:28:56 - mmengine - INFO - paramwise_options -- backbone.layers.2.1.5.attn.attn.in_proj_weight:lr_mult=0.1
2026/07/17 04:28:56 - mmengine - INFO - paramwise_options -- backbone.layers.2.1.5.attn.attn.in_proj_weight:decay_mult=1.0
2026/07/17 04:28:56 - mmengine - INFO - paramwise_options -- backbone.layers.2.1.5.attn.attn.in_proj_bias:lr=1.0000000000000002e-06
2026/07/17 04:28:56 - mmengine - INFO - paramwise_options -- backbone.layers.2.1.5.attn.attn.in_proj_bias:weight_decay=0.01
2026/07/17 04:28:56 - mmengine - INFO - paramwise_options -- backbone.layers.2.1.5.attn.attn.in_proj_bias:lr_mult=0.1
2026/07/17 04:28:56 - mmengine - INFO - paramwise_options -- backbone.layers.2.1.5.attn.attn.in_proj_bias:decay_mult=1.0
2026/07/17 04:28:56 - mmengine - INFO - paramwise_options -- backbone.layers.2.1.5.attn.attn.out_proj.weight:lr=1.0000000000000002e-06
2026/07/17 04:28:56 - mmengine - INFO - paramwise_options -- backbone.layers.2.1.5.attn.attn.out_proj.weight:weight_decay=0.01
2026/07/17 04:28:56 - mmengine - INFO - paramwise_options -- backbone.layers.2.1.5.attn.attn.out_proj.weight:lr_mult=0.1
2026/07/17 04:28:56 - mmengine - INFO - paramwise_options -- backbone.layers.2.1.5.attn.attn.out_proj.weight:decay_mult=1.0
2026/07/17 04:28:56 - mmengine - INFO - paramwise_options -- backbone.layers.2.1.5.attn.attn.out_proj.bias:lr=1.0000000000000002e-06
2026/07/17 04:28:56 - mmengine - INFO - paramwise_options -- backbone.layers.2.1.5.attn.attn.out_proj.bias:weight_decay=0.01
2026/07/17 04:28:56 - mmengine - INFO - paramwise_options -- backbone.layers.2.1.5.attn.attn.out_proj.bias:lr_mult=0.1
2026/07/17 04:28:56 - mmengine - INFO - paramwise_options -- backbone.layers.2.1.5.attn.attn.out_proj.bias:decay_mult=1.0
2026/07/17 04:28:56 - mmengine - INFO - paramwise_options -- backbone.layers.2.1.5.attn.sr.weight:lr=1.0000000000000002e-06
2026/07/17 04:28:56 - mmengine - INFO - paramwise_options -- backbone.layers.2.1.5.attn.sr.weight:weight_decay=0.01
2026/07/17 04:28:56 - mmengine - INFO - paramwise_options -- backbone.layers.2.1.5.attn.sr.weight:lr_mult=0.1
2026/07/17 04:28:56 - mmengine - INFO - paramwise_options -- backbone.layers.2.1.5.attn.sr.weight:decay_mult=1.0
2026/07/17 04:28:56 - mmengine - INFO - paramwise_options -- backbone.layers.2.1.5.attn.sr.bias:lr=1.0000000000000002e-06
2026/07/17 04:28:56 - mmengine - INFO - paramwise_options -- backbone.layers.2.1.5.attn.sr.bias:weight_decay=0.01
2026/07/17 04:28:56 - mmengine - INFO - paramwise_options -- backbone.layers.2.1.5.attn.sr.bias:lr_mult=0.1
2026/07/17 04:28:56 - mmengine - INFO - paramwise_options -- backbone.layers.2.1.5.attn.sr.bias:decay_mult=1.0
2026/07/17 04:28:56 - mmengine - INFO - paramwise_options -- backbone.layers.2.1.5.attn.norm.weight:lr=1.0000000000000002e-06
2026/07/17 04:28:56 - mmengine - INFO - paramwise_options -- backbone.layers.2.1.5.attn.norm.weight:weight_decay=0.01
2026/07/17 04:28:56 - mmengine - INFO - paramwise_options -- backbone.layers.2.1.5.attn.norm.weight:lr_mult=0.1
2026/07/17 04:28:56 - mmengine - INFO - paramwise_options -- backbone.layers.2.1.5.attn.norm.weight:decay_mult=1.0
2026/07/17 04:28:56 - mmengine - INFO - paramwise_options -- backbone.layers.2.1.5.attn.norm.bias:lr=1.0000000000000002e-06
2026/07/17 04:28:56 - mmengine - INFO - paramwise_options -- backbone.layers.2.1.5.attn.norm.bias:weight_decay=0.01
2026/07/17 04:28:56 - mmengine - INFO - paramwise_options -- backbone.layers.2.1.5.attn.norm.bias:lr_mult=0.1
2026/07/17 04:28:56 - mmengine - INFO - paramwise_options -- backbone.layers.2.1.5.attn.norm.bias:decay_mult=1.0
2026/07/17 04:28:56 - mmengine - INFO - paramwise_options -- backbone.layers.2.1.5.norm2.weight:lr=1.0000000000000002e-06
2026/07/17 04:28:56 - mmengine - INFO - paramwise_options -- backbone.layers.2.1.5.norm2.weight:weight_decay=0.01
2026/07/17 04:28:56 - mmengine - INFO - paramwise_options -- backbone.layers.2.1.5.norm2.weight:lr_mult=0.1
2026/07/17 04:28:56 - mmengine - INFO - paramwise_options -- backbone.layers.2.1.5.norm2.weight:decay_mult=1.0
2026/07/17 04:28:56 - mmengine - INFO - paramwise_options -- backbone.layers.2.1.5.norm2.bias:lr=1.0000000000000002e-06
2026/07/17 04:28:56 - mmengine - INFO - paramwise_options -- backbone.layers.2.1.5.norm2.bias:weight_decay=0.01
2026/07/17 04:28:56 - mmengine - INFO - paramwise_options -- backbone.layers.2.1.5.norm2.bias:lr_mult=0.1
2026/07/17 04:28:56 - mmengine - INFO - paramwise_options -- backbone.layers.2.1.5.norm2.bias:decay_mult=1.0
2026/07/17 04:28:56 - mmengine - INFO - paramwise_options -- backbone.layers.2.1.5.ffn.layers.0.weight:lr=1.0000000000000002e-06
2026/07/17 04:28:56 - mmengine - INFO - paramwise_options -- backbone.layers.2.1.5.ffn.layers.0.weight:weight_decay=0.01
2026/07/17 04:28:56 - mmengine - INFO - paramwise_options -- backbone.layers.2.1.5.ffn.layers.0.weight:lr_mult=0.1
2026/07/17 04:28:56 - mmengine - INFO - paramwise_options -- backbone.layers.2.1.5.ffn.layers.0.weight:decay_mult=1.0
2026/07/17 04:28:56 - mmengine - INFO - paramwise_options -- backbone.layers.2.1.5.ffn.layers.0.bias:lr=1.0000000000000002e-06
2026/07/17 04:28:56 - mmengine - INFO - paramwise_options -- backbone.layers.2.1.5.ffn.layers.0.bias:weight_decay=0.01
2026/07/17 04:28:56 - mmengine - INFO - paramwise_options -- backbone.layers.2.1.5.ffn.layers.0.bias:lr_mult=0.1
2026/07/17 04:28:56 - mmengine - INFO - paramwise_options -- backbone.layers.2.1.5.ffn.layers.0.bias:decay_mult=1.0
2026/07/17 04:28:56 - mmengine - INFO - paramwise_options -- backbone.layers.2.1.5.ffn.layers.1.weight:lr=1.0000000000000002e-06
2026/07/17 04:28:56 - mmengine - INFO - paramwise_options -- backbone.layers.2.1.5.ffn.layers.1.weight:weight_decay=0.01
2026/07/17 04:28:56 - mmengine - INFO - paramwise_options -- backbone.layers.2.1.5.ffn.layers.1.weight:lr_mult=0.1
2026/07/17 04:28:56 - mmengine - INFO - paramwise_options -- backbone.layers.2.1.5.ffn.layers.1.weight:decay_mult=1.0
2026/07/17 04:28:56 - mmengine - INFO - paramwise_options -- backbone.layers.2.1.5.ffn.layers.1.bias:lr=1.0000000000000002e-06
2026/07/17 04:28:56 - mmengine - INFO - paramwise_options -- backbone.layers.2.1.5.ffn.layers.1.bias:weight_decay=0.01
2026/07/17 04:28:56 - mmengine - INFO - paramwise_options -- backbone.layers.2.1.5.ffn.layers.1.bias:lr_mult=0.1
2026/07/17 04:28:56 - mmengine - INFO - paramwise_options -- backbone.layers.2.1.5.ffn.layers.1.bias:decay_mult=1.0
2026/07/17 04:28:56 - mmengine - INFO - paramwise_options -- backbone.layers.2.1.5.ffn.layers.4.weight:lr=1.0000000000000002e-06
2026/07/17 04:28:56 - mmengine - INFO - paramwise_options -- backbone.layers.2.1.5.ffn.layers.4.weight:weight_decay=0.01
2026/07/17 04:28:56 - mmengine - INFO - paramwise_options -- backbone.layers.2.1.5.ffn.layers.4.weight:lr_mult=0.1
2026/07/17 04:28:56 - mmengine - INFO - paramwise_options -- backbone.layers.2.1.5.ffn.layers.4.weight:decay_mult=1.0
2026/07/17 04:28:56 - mmengine - INFO - paramwise_options -- backbone.layers.2.1.5.ffn.layers.4.bias:lr=1.0000000000000002e-06
2026/07/17 04:28:56 - mmengine - INFO - paramwise_options -- backbone.layers.2.1.5.ffn.layers.4.bias:weight_decay=0.01
2026/07/17 04:28:56 - mmengine - INFO - paramwise_options -- backbone.layers.2.1.5.ffn.layers.4.bias:lr_mult=0.1
2026/07/17 04:28:56 - mmengine - INFO - paramwise_options -- backbone.layers.2.1.5.ffn.layers.4.bias:decay_mult=1.0
2026/07/17 04:28:56 - mmengine - INFO - paramwise_options -- backbone.layers.2.2.weight:lr=1.0000000000000002e-06
2026/07/17 04:28:56 - mmengine - INFO - paramwise_options -- backbone.layers.2.2.weight:weight_decay=0.01
2026/07/17 04:28:56 - mmengine - INFO - paramwise_options -- backbone.layers.2.2.weight:lr_mult=0.1
2026/07/17 04:28:56 - mmengine - INFO - paramwise_options -- backbone.layers.2.2.weight:decay_mult=1.0
2026/07/17 04:28:56 - mmengine - INFO - paramwise_options -- backbone.layers.2.2.bias:lr=1.0000000000000002e-06
2026/07/17 04:28:56 - mmengine - INFO - paramwise_options -- backbone.layers.2.2.bias:weight_decay=0.01
2026/07/17 04:28:56 - mmengine - INFO - paramwise_options -- backbone.layers.2.2.bias:lr_mult=0.1
2026/07/17 04:28:56 - mmengine - INFO - paramwise_options -- backbone.layers.2.2.bias:decay_mult=1.0
2026/07/17 04:28:56 - mmengine - INFO - paramwise_options -- backbone.layers.3.0.projection.weight:lr=1.0000000000000002e-06
2026/07/17 04:28:56 - mmengine - INFO - paramwise_options -- backbone.layers.3.0.projection.weight:weight_decay=0.01
2026/07/17 04:28:56 - mmengine - INFO - paramwise_options -- backbone.layers.3.0.projection.weight:lr_mult=0.1
2026/07/17 04:28:56 - mmengine - INFO - paramwise_options -- backbone.layers.3.0.projection.weight:decay_mult=1.0
2026/07/17 04:28:56 - mmengine - INFO - paramwise_options -- backbone.layers.3.0.projection.bias:lr=1.0000000000000002e-06
2026/07/17 04:28:56 - mmengine - INFO - paramwise_options -- backbone.layers.3.0.projection.bias:weight_decay=0.01
2026/07/17 04:28:56 - mmengine - INFO - paramwise_options -- backbone.layers.3.0.projection.bias:lr_mult=0.1
2026/07/17 04:28:56 - mmengine - INFO - paramwise_options -- backbone.layers.3.0.projection.bias:decay_mult=1.0
2026/07/17 04:28:56 - mmengine - INFO - paramwise_options -- backbone.layers.3.0.norm.weight:lr=1.0000000000000002e-06
2026/07/17 04:28:56 - mmengine - INFO - paramwise_options -- backbone.layers.3.0.norm.weight:weight_decay=0.01
2026/07/17 04:28:56 - mmengine - INFO - paramwise_options -- backbone.layers.3.0.norm.weight:lr_mult=0.1
2026/07/17 04:28:56 - mmengine - INFO - paramwise_options -- backbone.layers.3.0.norm.weight:decay_mult=1.0
2026/07/17 04:28:56 - mmengine - INFO - paramwise_options -- backbone.layers.3.0.norm.bias:lr=1.0000000000000002e-06
2026/07/17 04:28:56 - mmengine - INFO - paramwise_options -- backbone.layers.3.0.norm.bias:weight_decay=0.01
2026/07/17 04:28:56 - mmengine - INFO - paramwise_options -- backbone.layers.3.0.norm.bias:lr_mult=0.1
2026/07/17 04:28:56 - mmengine - INFO - paramwise_options -- backbone.layers.3.0.norm.bias:decay_mult=1.0
2026/07/17 04:28:56 - mmengine - INFO - paramwise_options -- backbone.layers.3.1.0.norm1.weight:lr=1.0000000000000002e-06
2026/07/17 04:28:56 - mmengine - INFO - paramwise_options -- backbone.layers.3.1.0.norm1.weight:weight_decay=0.01
2026/07/17 04:28:56 - mmengine - INFO - paramwise_options -- backbone.layers.3.1.0.norm1.weight:lr_mult=0.1
2026/07/17 04:28:56 - mmengine - INFO - paramwise_options -- backbone.layers.3.1.0.norm1.weight:decay_mult=1.0
2026/07/17 04:28:56 - mmengine - INFO - paramwise_options -- backbone.layers.3.1.0.norm1.bias:lr=1.0000000000000002e-06
2026/07/17 04:28:56 - mmengine - INFO - paramwise_options -- backbone.layers.3.1.0.norm1.bias:weight_decay=0.01
2026/07/17 04:28:56 - mmengine - INFO - paramwise_options -- backbone.layers.3.1.0.norm1.bias:lr_mult=0.1
2026/07/17 04:28:56 - mmengine - INFO - paramwise_options -- backbone.layers.3.1.0.norm1.bias:decay_mult=1.0
2026/07/17 04:28:56 - mmengine - INFO - paramwise_options -- backbone.layers.3.1.0.attn.attn.in_proj_weight:lr=1.0000000000000002e-06
2026/07/17 04:28:56 - mmengine - INFO - paramwise_options -- backbone.layers.3.1.0.attn.attn.in_proj_weight:weight_decay=0.01
2026/07/17 04:28:56 - mmengine - INFO - paramwise_options -- backbone.layers.3.1.0.attn.attn.in_proj_weight:lr_mult=0.1
2026/07/17 04:28:56 - mmengine - INFO - paramwise_options -- backbone.layers.3.1.0.attn.attn.in_proj_weight:decay_mult=1.0
2026/07/17 04:28:56 - mmengine - INFO - paramwise_options -- backbone.layers.3.1.0.attn.attn.in_proj_bias:lr=1.0000000000000002e-06
2026/07/17 04:28:56 - mmengine - INFO - paramwise_options -- backbone.layers.3.1.0.attn.attn.in_proj_bias:weight_decay=0.01
2026/07/17 04:28:56 - mmengine - INFO - paramwise_options -- backbone.layers.3.1.0.attn.attn.in_proj_bias:lr_mult=0.1
2026/07/17 04:28:56 - mmengine - INFO - paramwise_options -- backbone.layers.3.1.0.attn.attn.in_proj_bias:decay_mult=1.0
2026/07/17 04:28:56 - mmengine - INFO - paramwise_options -- backbone.layers.3.1.0.attn.attn.out_proj.weight:lr=1.0000000000000002e-06
2026/07/17 04:28:56 - mmengine - INFO - paramwise_options -- backbone.layers.3.1.0.attn.attn.out_proj.weight:weight_decay=0.01
2026/07/17 04:28:56 - mmengine - INFO - paramwise_options -- backbone.layers.3.1.0.attn.attn.out_proj.weight:lr_mult=0.1
2026/07/17 04:28:56 - mmengine - INFO - paramwise_options -- backbone.layers.3.1.0.attn.attn.out_proj.weight:decay_mult=1.0
2026/07/17 04:28:56 - mmengine - INFO - paramwise_options -- backbone.layers.3.1.0.attn.attn.out_proj.bias:lr=1.0000000000000002e-06
2026/07/17 04:28:56 - mmengine - INFO - paramwise_options -- backbone.layers.3.1.0.attn.attn.out_proj.bias:weight_decay=0.01
2026/07/17 04:28:56 - mmengine - INFO - paramwise_options -- backbone.layers.3.1.0.attn.attn.out_proj.bias:lr_mult=0.1
2026/07/17 04:28:56 - mmengine - INFO - paramwise_options -- backbone.layers.3.1.0.attn.attn.out_proj.bias:decay_mult=1.0
2026/07/17 04:28:56 - mmengine - INFO - paramwise_options -- backbone.layers.3.1.0.norm2.weight:lr=1.0000000000000002e-06
2026/07/17 04:28:56 - mmengine - INFO - paramwise_options -- backbone.layers.3.1.0.norm2.weight:weight_decay=0.01
2026/07/17 04:28:56 - mmengine - INFO - paramwise_options -- backbone.layers.3.1.0.norm2.weight:lr_mult=0.1
2026/07/17 04:28:56 - mmengine - INFO - paramwise_options -- backbone.layers.3.1.0.norm2.weight:decay_mult=1.0
2026/07/17 04:28:56 - mmengine - INFO - paramwise_options -- backbone.layers.3.1.0.norm2.bias:lr=1.0000000000000002e-06
2026/07/17 04:28:56 - mmengine - INFO - paramwise_options -- backbone.layers.3.1.0.norm2.bias:weight_decay=0.01
2026/07/17 04:28:56 - mmengine - INFO - paramwise_options -- backbone.layers.3.1.0.norm2.bias:lr_mult=0.1
2026/07/17 04:28:56 - mmengine - INFO - paramwise_options -- backbone.layers.3.1.0.norm2.bias:decay_mult=1.0
2026/07/17 04:28:56 - mmengine - INFO - paramwise_options -- backbone.layers.3.1.0.ffn.layers.0.weight:lr=1.0000000000000002e-06
2026/07/17 04:28:56 - mmengine - INFO - paramwise_options -- backbone.layers.3.1.0.ffn.layers.0.weight:weight_decay=0.01
2026/07/17 04:28:56 - mmengine - INFO - paramwise_options -- backbone.layers.3.1.0.ffn.layers.0.weight:lr_mult=0.1
2026/07/17 04:28:56 - mmengine - INFO - paramwise_options -- backbone.layers.3.1.0.ffn.layers.0.weight:decay_mult=1.0
2026/07/17 04:28:56 - mmengine - INFO - paramwise_options -- backbone.layers.3.1.0.ffn.layers.0.bias:lr=1.0000000000000002e-06
2026/07/17 04:28:56 - mmengine - INFO - paramwise_options -- backbone.layers.3.1.0.ffn.layers.0.bias:weight_decay=0.01
2026/07/17 04:28:56 - mmengine - INFO - paramwise_options -- backbone.layers.3.1.0.ffn.layers.0.bias:lr_mult=0.1
2026/07/17 04:28:56 - mmengine - INFO - paramwise_options -- backbone.layers.3.1.0.ffn.layers.0.bias:decay_mult=1.0
2026/07/17 04:28:56 - mmengine - INFO - paramwise_options -- backbone.layers.3.1.0.ffn.layers.1.weight:lr=1.0000000000000002e-06
2026/07/17 04:28:56 - mmengine - INFO - paramwise_options -- backbone.layers.3.1.0.ffn.layers.1.weight:weight_decay=0.01
2026/07/17 04:28:56 - mmengine - INFO - paramwise_options -- backbone.layers.3.1.0.ffn.layers.1.weight:lr_mult=0.1
2026/07/17 04:28:56 - mmengine - INFO - paramwise_options -- backbone.layers.3.1.0.ffn.layers.1.weight:decay_mult=1.0
2026/07/17 04:28:56 - mmengine - INFO - paramwise_options -- backbone.layers.3.1.0.ffn.layers.1.bias:lr=1.0000000000000002e-06
2026/07/17 04:28:56 - mmengine - INFO - paramwise_options -- backbone.layers.3.1.0.ffn.layers.1.bias:weight_decay=0.01
2026/07/17 04:28:56 - mmengine - INFO - paramwise_options -- backbone.layers.3.1.0.ffn.layers.1.bias:lr_mult=0.1
2026/07/17 04:28:56 - mmengine - INFO - paramwise_options -- backbone.layers.3.1.0.ffn.layers.1.bias:decay_mult=1.0
2026/07/17 04:28:56 - mmengine - INFO - paramwise_options -- backbone.layers.3.1.0.ffn.layers.4.weight:lr=1.0000000000000002e-06
2026/07/17 04:28:56 - mmengine - INFO - paramwise_options -- backbone.layers.3.1.0.ffn.layers.4.weight:weight_decay=0.01
2026/07/17 04:28:56 - mmengine - INFO - paramwise_options -- backbone.layers.3.1.0.ffn.layers.4.weight:lr_mult=0.1
2026/07/17 04:28:56 - mmengine - INFO - paramwise_options -- backbone.layers.3.1.0.ffn.layers.4.weight:decay_mult=1.0
2026/07/17 04:28:56 - mmengine - INFO - paramwise_options -- backbone.layers.3.1.0.ffn.layers.4.bias:lr=1.0000000000000002e-06
2026/07/17 04:28:56 - mmengine - INFO - paramwise_options -- backbone.layers.3.1.0.ffn.layers.4.bias:weight_decay=0.01
2026/07/17 04:28:56 - mmengine - INFO - paramwise_options -- backbone.layers.3.1.0.ffn.layers.4.bias:lr_mult=0.1
2026/07/17 04:28:56 - mmengine - INFO - paramwise_options -- backbone.layers.3.1.0.ffn.layers.4.bias:decay_mult=1.0
2026/07/17 04:28:56 - mmengine - INFO - paramwise_options -- backbone.layers.3.1.1.norm1.weight:lr=1.0000000000000002e-06
2026/07/17 04:28:56 - mmengine - INFO - paramwise_options -- backbone.layers.3.1.1.norm1.weight:weight_decay=0.01
2026/07/17 04:28:56 - mmengine - INFO - paramwise_options -- backbone.layers.3.1.1.norm1.weight:lr_mult=0.1
2026/07/17 04:28:56 - mmengine - INFO - paramwise_options -- backbone.layers.3.1.1.norm1.weight:decay_mult=1.0
2026/07/17 04:28:56 - mmengine - INFO - paramwise_options -- backbone.layers.3.1.1.norm1.bias:lr=1.0000000000000002e-06
2026/07/17 04:28:56 - mmengine - INFO - paramwise_options -- backbone.layers.3.1.1.norm1.bias:weight_decay=0.01
2026/07/17 04:28:56 - mmengine - INFO - paramwise_options -- backbone.layers.3.1.1.norm1.bias:lr_mult=0.1
2026/07/17 04:28:56 - mmengine - INFO - paramwise_options -- backbone.layers.3.1.1.norm1.bias:decay_mult=1.0
2026/07/17 04:28:56 - mmengine - INFO - paramwise_options -- backbone.layers.3.1.1.attn.attn.in_proj_weight:lr=1.0000000000000002e-06
2026/07/17 04:28:56 - mmengine - INFO - paramwise_options -- backbone.layers.3.1.1.attn.attn.in_proj_weight:weight_decay=0.01
2026/07/17 04:28:56 - mmengine - INFO - paramwise_options -- backbone.layers.3.1.1.attn.attn.in_proj_weight:lr_mult=0.1
2026/07/17 04:28:56 - mmengine - INFO - paramwise_options -- backbone.layers.3.1.1.attn.attn.in_proj_weight:decay_mult=1.0
2026/07/17 04:28:56 - mmengine - INFO - paramwise_options -- backbone.layers.3.1.1.attn.attn.in_proj_bias:lr=1.0000000000000002e-06
2026/07/17 04:28:56 - mmengine - INFO - paramwise_options -- backbone.layers.3.1.1.attn.attn.in_proj_bias:weight_decay=0.01
2026/07/17 04:28:56 - mmengine - INFO - paramwise_options -- backbone.layers.3.1.1.attn.attn.in_proj_bias:lr_mult=0.1
2026/07/17 04:28:56 - mmengine - INFO - paramwise_options -- backbone.layers.3.1.1.attn.attn.in_proj_bias:decay_mult=1.0
2026/07/17 04:28:56 - mmengine - INFO - paramwise_options -- backbone.layers.3.1.1.attn.attn.out_proj.weight:lr=1.0000000000000002e-06
2026/07/17 04:28:56 - mmengine - INFO - paramwise_options -- backbone.layers.3.1.1.attn.attn.out_proj.weight:weight_decay=0.01
2026/07/17 04:28:56 - mmengine - INFO - paramwise_options -- backbone.layers.3.1.1.attn.attn.out_proj.weight:lr_mult=0.1
2026/07/17 04:28:56 - mmengine - INFO - paramwise_options -- backbone.layers.3.1.1.attn.attn.out_proj.weight:decay_mult=1.0
2026/07/17 04:28:56 - mmengine - INFO - paramwise_options -- backbone.layers.3.1.1.attn.attn.out_proj.bias:lr=1.0000000000000002e-06
2026/07/17 04:28:56 - mmengine - INFO - paramwise_options -- backbone.layers.3.1.1.attn.attn.out_proj.bias:weight_decay=0.01
2026/07/17 04:28:56 - mmengine - INFO - paramwise_options -- backbone.layers.3.1.1.attn.attn.out_proj.bias:lr_mult=0.1
2026/07/17 04:28:56 - mmengine - INFO - paramwise_options -- backbone.layers.3.1.1.attn.attn.out_proj.bias:decay_mult=1.0
2026/07/17 04:28:56 - mmengine - INFO - paramwise_options -- backbone.layers.3.1.1.norm2.weight:lr=1.0000000000000002e-06
2026/07/17 04:28:56 - mmengine - INFO - paramwise_options -- backbone.layers.3.1.1.norm2.weight:weight_decay=0.01
2026/07/17 04:28:56 - mmengine - INFO - paramwise_options -- backbone.layers.3.1.1.norm2.weight:lr_mult=0.1
2026/07/17 04:28:56 - mmengine - INFO - paramwise_options -- backbone.layers.3.1.1.norm2.weight:decay_mult=1.0
2026/07/17 04:28:56 - mmengine - INFO - paramwise_options -- backbone.layers.3.1.1.norm2.bias:lr=1.0000000000000002e-06
2026/07/17 04:28:56 - mmengine - INFO - paramwise_options -- backbone.layers.3.1.1.norm2.bias:weight_decay=0.01
2026/07/17 04:28:56 - mmengine - INFO - paramwise_options -- backbone.layers.3.1.1.norm2.bias:lr_mult=0.1
2026/07/17 04:28:56 - mmengine - INFO - paramwise_options -- backbone.layers.3.1.1.norm2.bias:decay_mult=1.0
2026/07/17 04:28:56 - mmengine - INFO - paramwise_options -- backbone.layers.3.1.1.ffn.layers.0.weight:lr=1.0000000000000002e-06
2026/07/17 04:28:56 - mmengine - INFO - paramwise_options -- backbone.layers.3.1.1.ffn.layers.0.weight:weight_decay=0.01
2026/07/17 04:28:56 - mmengine - INFO - paramwise_options -- backbone.layers.3.1.1.ffn.layers.0.weight:lr_mult=0.1
2026/07/17 04:28:56 - mmengine - INFO - paramwise_options -- backbone.layers.3.1.1.ffn.layers.0.weight:decay_mult=1.0
2026/07/17 04:28:56 - mmengine - INFO - paramwise_options -- backbone.layers.3.1.1.ffn.layers.0.bias:lr=1.0000000000000002e-06
2026/07/17 04:28:56 - mmengine - INFO - paramwise_options -- backbone.layers.3.1.1.ffn.layers.0.bias:weight_decay=0.01
2026/07/17 04:28:56 - mmengine - INFO - paramwise_options -- backbone.layers.3.1.1.ffn.layers.0.bias:lr_mult=0.1
2026/07/17 04:28:56 - mmengine - INFO - paramwise_options -- backbone.layers.3.1.1.ffn.layers.0.bias:decay_mult=1.0
2026/07/17 04:28:56 - mmengine - INFO - paramwise_options -- backbone.layers.3.1.1.ffn.layers.1.weight:lr=1.0000000000000002e-06
2026/07/17 04:28:56 - mmengine - INFO - paramwise_options -- backbone.layers.3.1.1.ffn.layers.1.weight:weight_decay=0.01
2026/07/17 04:28:56 - mmengine - INFO - paramwise_options -- backbone.layers.3.1.1.ffn.layers.1.weight:lr_mult=0.1
2026/07/17 04:28:56 - mmengine - INFO - paramwise_options -- backbone.layers.3.1.1.ffn.layers.1.weight:decay_mult=1.0
2026/07/17 04:28:56 - mmengine - INFO - paramwise_options -- backbone.layers.3.1.1.ffn.layers.1.bias:lr=1.0000000000000002e-06
2026/07/17 04:28:56 - mmengine - INFO - paramwise_options -- backbone.layers.3.1.1.ffn.layers.1.bias:weight_decay=0.01
2026/07/17 04:28:56 - mmengine - INFO - paramwise_options -- backbone.layers.3.1.1.ffn.layers.1.bias:lr_mult=0.1
2026/07/17 04:28:56 - mmengine - INFO - paramwise_options -- backbone.layers.3.1.1.ffn.layers.1.bias:decay_mult=1.0
2026/07/17 04:28:56 - mmengine - INFO - paramwise_options -- backbone.layers.3.1.1.ffn.layers.4.weight:lr=1.0000000000000002e-06
2026/07/17 04:28:56 - mmengine - INFO - paramwise_options -- backbone.layers.3.1.1.ffn.layers.4.weight:weight_decay=0.01
2026/07/17 04:28:56 - mmengine - INFO - paramwise_options -- backbone.layers.3.1.1.ffn.layers.4.weight:lr_mult=0.1
2026/07/17 04:28:56 - mmengine - INFO - paramwise_options -- backbone.layers.3.1.1.ffn.layers.4.weight:decay_mult=1.0
2026/07/17 04:28:56 - mmengine - INFO - paramwise_options -- backbone.layers.3.1.1.ffn.layers.4.bias:lr=1.0000000000000002e-06
2026/07/17 04:28:56 - mmengine - INFO - paramwise_options -- backbone.layers.3.1.1.ffn.layers.4.bias:weight_decay=0.01
2026/07/17 04:28:56 - mmengine - INFO - paramwise_options -- backbone.layers.3.1.1.ffn.layers.4.bias:lr_mult=0.1
2026/07/17 04:28:56 - mmengine - INFO - paramwise_options -- backbone.layers.3.1.1.ffn.layers.4.bias:decay_mult=1.0
2026/07/17 04:28:56 - mmengine - INFO - paramwise_options -- backbone.layers.3.1.2.norm1.weight:lr=1.0000000000000002e-06
2026/07/17 04:28:56 - mmengine - INFO - paramwise_options -- backbone.layers.3.1.2.norm1.weight:weight_decay=0.01
2026/07/17 04:28:56 - mmengine - INFO - paramwise_options -- backbone.layers.3.1.2.norm1.weight:lr_mult=0.1
2026/07/17 04:28:56 - mmengine - INFO - paramwise_options -- backbone.layers.3.1.2.norm1.weight:decay_mult=1.0
2026/07/17 04:28:56 - mmengine - INFO - paramwise_options -- backbone.layers.3.1.2.norm1.bias:lr=1.0000000000000002e-06
2026/07/17 04:28:56 - mmengine - INFO - paramwise_options -- backbone.layers.3.1.2.norm1.bias:weight_decay=0.01
2026/07/17 04:28:56 - mmengine - INFO - paramwise_options -- backbone.layers.3.1.2.norm1.bias:lr_mult=0.1
2026/07/17 04:28:56 - mmengine - INFO - paramwise_options -- backbone.layers.3.1.2.norm1.bias:decay_mult=1.0
2026/07/17 04:28:56 - mmengine - INFO - paramwise_options -- backbone.layers.3.1.2.attn.attn.in_proj_weight:lr=1.0000000000000002e-06
2026/07/17 04:28:56 - mmengine - INFO - paramwise_options -- backbone.layers.3.1.2.attn.attn.in_proj_weight:weight_decay=0.01
2026/07/17 04:28:56 - mmengine - INFO - paramwise_options -- backbone.layers.3.1.2.attn.attn.in_proj_weight:lr_mult=0.1
2026/07/17 04:28:56 - mmengine - INFO - paramwise_options -- backbone.layers.3.1.2.attn.attn.in_proj_weight:decay_mult=1.0
2026/07/17 04:28:56 - mmengine - INFO - paramwise_options -- backbone.layers.3.1.2.attn.attn.in_proj_bias:lr=1.0000000000000002e-06
2026/07/17 04:28:56 - mmengine - INFO - paramwise_options -- backbone.layers.3.1.2.attn.attn.in_proj_bias:weight_decay=0.01
2026/07/17 04:28:56 - mmengine - INFO - paramwise_options -- backbone.layers.3.1.2.attn.attn.in_proj_bias:lr_mult=0.1
2026/07/17 04:28:56 - mmengine - INFO - paramwise_options -- backbone.layers.3.1.2.attn.attn.in_proj_bias:decay_mult=1.0
2026/07/17 04:28:56 - mmengine - INFO - paramwise_options -- backbone.layers.3.1.2.attn.attn.out_proj.weight:lr=1.0000000000000002e-06
2026/07/17 04:28:56 - mmengine - INFO - paramwise_options -- backbone.layers.3.1.2.attn.attn.out_proj.weight:weight_decay=0.01
2026/07/17 04:28:56 - mmengine - INFO - paramwise_options -- backbone.layers.3.1.2.attn.attn.out_proj.weight:lr_mult=0.1
2026/07/17 04:28:56 - mmengine - INFO - paramwise_options -- backbone.layers.3.1.2.attn.attn.out_proj.weight:decay_mult=1.0
2026/07/17 04:28:56 - mmengine - INFO - paramwise_options -- backbone.layers.3.1.2.attn.attn.out_proj.bias:lr=1.0000000000000002e-06
2026/07/17 04:28:56 - mmengine - INFO - paramwise_options -- backbone.layers.3.1.2.attn.attn.out_proj.bias:weight_decay=0.01
2026/07/17 04:28:56 - mmengine - INFO - paramwise_options -- backbone.layers.3.1.2.attn.attn.out_proj.bias:lr_mult=0.1
2026/07/17 04:28:56 - mmengine - INFO - paramwise_options -- backbone.layers.3.1.2.attn.attn.out_proj.bias:decay_mult=1.0
2026/07/17 04:28:56 - mmengine - INFO - paramwise_options -- backbone.layers.3.1.2.norm2.weight:lr=1.0000000000000002e-06
2026/07/17 04:28:56 - mmengine - INFO - paramwise_options -- backbone.layers.3.1.2.norm2.weight:weight_decay=0.01
2026/07/17 04:28:56 - mmengine - INFO - paramwise_options -- backbone.layers.3.1.2.norm2.weight:lr_mult=0.1
2026/07/17 04:28:56 - mmengine - INFO - paramwise_options -- backbone.layers.3.1.2.norm2.weight:decay_mult=1.0
2026/07/17 04:28:56 - mmengine - INFO - paramwise_options -- backbone.layers.3.1.2.norm2.bias:lr=1.0000000000000002e-06
2026/07/17 04:28:56 - mmengine - INFO - paramwise_options -- backbone.layers.3.1.2.norm2.bias:weight_decay=0.01
2026/07/17 04:28:56 - mmengine - INFO - paramwise_options -- backbone.layers.3.1.2.norm2.bias:lr_mult=0.1
2026/07/17 04:28:56 - mmengine - INFO - paramwise_options -- backbone.layers.3.1.2.norm2.bias:decay_mult=1.0
2026/07/17 04:28:56 - mmengine - INFO - paramwise_options -- backbone.layers.3.1.2.ffn.layers.0.weight:lr=1.0000000000000002e-06
2026/07/17 04:28:56 - mmengine - INFO - paramwise_options -- backbone.layers.3.1.2.ffn.layers.0.weight:weight_decay=0.01
2026/07/17 04:28:56 - mmengine - INFO - paramwise_options -- backbone.layers.3.1.2.ffn.layers.0.weight:lr_mult=0.1
2026/07/17 04:28:56 - mmengine - INFO - paramwise_options -- backbone.layers.3.1.2.ffn.layers.0.weight:decay_mult=1.0
2026/07/17 04:28:56 - mmengine - INFO - paramwise_options -- backbone.layers.3.1.2.ffn.layers.0.bias:lr=1.0000000000000002e-06
2026/07/17 04:28:56 - mmengine - INFO - paramwise_options -- backbone.layers.3.1.2.ffn.layers.0.bias:weight_decay=0.01
2026/07/17 04:28:56 - mmengine - INFO - paramwise_options -- backbone.layers.3.1.2.ffn.layers.0.bias:lr_mult=0.1
2026/07/17 04:28:56 - mmengine - INFO - paramwise_options -- backbone.layers.3.1.2.ffn.layers.0.bias:decay_mult=1.0
2026/07/17 04:28:56 - mmengine - INFO - paramwise_options -- backbone.layers.3.1.2.ffn.layers.1.weight:lr=1.0000000000000002e-06
2026/07/17 04:28:56 - mmengine - INFO - paramwise_options -- backbone.layers.3.1.2.ffn.layers.1.weight:weight_decay=0.01
2026/07/17 04:28:56 - mmengine - INFO - paramwise_options -- backbone.layers.3.1.2.ffn.layers.1.weight:lr_mult=0.1
2026/07/17 04:28:56 - mmengine - INFO - paramwise_options -- backbone.layers.3.1.2.ffn.layers.1.weight:decay_mult=1.0
2026/07/17 04:28:56 - mmengine - INFO - paramwise_options -- backbone.layers.3.1.2.ffn.layers.1.bias:lr=1.0000000000000002e-06
2026/07/17 04:28:56 - mmengine - INFO - paramwise_options -- backbone.layers.3.1.2.ffn.layers.1.bias:weight_decay=0.01
2026/07/17 04:28:56 - mmengine - INFO - paramwise_options -- backbone.layers.3.1.2.ffn.layers.1.bias:lr_mult=0.1
2026/07/17 04:28:56 - mmengine - INFO - paramwise_options -- backbone.layers.3.1.2.ffn.layers.1.bias:decay_mult=1.0
2026/07/17 04:28:56 - mmengine - INFO - paramwise_options -- backbone.layers.3.1.2.ffn.layers.4.weight:lr=1.0000000000000002e-06
2026/07/17 04:28:56 - mmengine - INFO - paramwise_options -- backbone.layers.3.1.2.ffn.layers.4.weight:weight_decay=0.01
2026/07/17 04:28:56 - mmengine - INFO - paramwise_options -- backbone.layers.3.1.2.ffn.layers.4.weight:lr_mult=0.1
2026/07/17 04:28:56 - mmengine - INFO - paramwise_options -- backbone.layers.3.1.2.ffn.layers.4.weight:decay_mult=1.0
2026/07/17 04:28:56 - mmengine - INFO - paramwise_options -- backbone.layers.3.1.2.ffn.layers.4.bias:lr=1.0000000000000002e-06
2026/07/17 04:28:56 - mmengine - INFO - paramwise_options -- backbone.layers.3.1.2.ffn.layers.4.bias:weight_decay=0.01
2026/07/17 04:28:56 - mmengine - INFO - paramwise_options -- backbone.layers.3.1.2.ffn.layers.4.bias:lr_mult=0.1
2026/07/17 04:28:56 - mmengine - INFO - paramwise_options -- backbone.layers.3.1.2.ffn.layers.4.bias:decay_mult=1.0
2026/07/17 04:28:56 - mmengine - INFO - paramwise_options -- backbone.layers.3.2.weight:lr=1.0000000000000002e-06
2026/07/17 04:28:56 - mmengine - INFO - paramwise_options -- backbone.layers.3.2.weight:weight_decay=0.01
2026/07/17 04:28:56 - mmengine - INFO - paramwise_options -- backbone.layers.3.2.weight:lr_mult=0.1
2026/07/17 04:28:56 - mmengine - INFO - paramwise_options -- backbone.layers.3.2.weight:decay_mult=1.0
2026/07/17 04:28:56 - mmengine - INFO - paramwise_options -- backbone.layers.3.2.bias:lr=1.0000000000000002e-06
2026/07/17 04:28:56 - mmengine - INFO - paramwise_options -- backbone.layers.3.2.bias:weight_decay=0.01
2026/07/17 04:28:56 - mmengine - INFO - paramwise_options -- backbone.layers.3.2.bias:lr_mult=0.1
2026/07/17 04:28:56 - mmengine - INFO - paramwise_options -- backbone.layers.3.2.bias:decay_mult=1.0
2026/07/17 04:28:56 - mmengine - INFO - paramwise_options -- decode_head.conv_seg.weight:lr=0.0001
2026/07/17 04:28:56 - mmengine - INFO - paramwise_options -- decode_head.conv_seg.weight:weight_decay=0.01
2026/07/17 04:28:56 - mmengine - INFO - paramwise_options -- decode_head.conv_seg.weight:lr_mult=10.0
2026/07/17 04:28:56 - mmengine - INFO - paramwise_options -- decode_head.conv_seg.bias:lr=0.0001
2026/07/17 04:28:56 - mmengine - INFO - paramwise_options -- decode_head.conv_seg.bias:weight_decay=0.01
2026/07/17 04:28:56 - mmengine - INFO - paramwise_options -- decode_head.conv_seg.bias:lr_mult=10.0
2026/07/17 04:28:56 - mmengine - INFO - paramwise_options -- decode_head.convs.0.conv.weight:lr=0.0001
2026/07/17 04:28:56 - mmengine - INFO - paramwise_options -- decode_head.convs.0.conv.weight:weight_decay=0.01
2026/07/17 04:28:56 - mmengine - INFO - paramwise_options -- decode_head.convs.0.conv.weight:lr_mult=10.0
2026/07/17 04:28:56 - mmengine - INFO - paramwise_options -- decode_head.convs.0.bn.weight:lr=0.0001
2026/07/17 04:28:56 - mmengine - INFO - paramwise_options -- decode_head.convs.0.bn.weight:weight_decay=0.01
2026/07/17 04:28:56 - mmengine - INFO - paramwise_options -- decode_head.convs.0.bn.weight:lr_mult=10.0
2026/07/17 04:28:56 - mmengine - INFO - paramwise_options -- decode_head.convs.0.bn.bias:lr=0.0001
2026/07/17 04:28:56 - mmengine - INFO - paramwise_options -- decode_head.convs.0.bn.bias:weight_decay=0.01
2026/07/17 04:28:56 - mmengine - INFO - paramwise_options -- decode_head.convs.0.bn.bias:lr_mult=10.0
2026/07/17 04:28:56 - mmengine - INFO - paramwise_options -- decode_head.convs.1.conv.weight:lr=0.0001
2026/07/17 04:28:56 - mmengine - INFO - paramwise_options -- decode_head.convs.1.conv.weight:weight_decay=0.01
2026/07/17 04:28:56 - mmengine - INFO - paramwise_options -- decode_head.convs.1.conv.weight:lr_mult=10.0
2026/07/17 04:28:56 - mmengine - INFO - paramwise_options -- decode_head.convs.1.bn.weight:lr=0.0001
2026/07/17 04:28:56 - mmengine - INFO - paramwise_options -- decode_head.convs.1.bn.weight:weight_decay=0.01
2026/07/17 04:28:56 - mmengine - INFO - paramwise_options -- decode_head.convs.1.bn.weight:lr_mult=10.0
2026/07/17 04:28:56 - mmengine - INFO - paramwise_options -- decode_head.convs.1.bn.bias:lr=0.0001
2026/07/17 04:28:56 - mmengine - INFO - paramwise_options -- decode_head.convs.1.bn.bias:weight_decay=0.01
2026/07/17 04:28:56 - mmengine - INFO - paramwise_options -- decode_head.convs.1.bn.bias:lr_mult=10.0
2026/07/17 04:28:56 - mmengine - INFO - paramwise_options -- decode_head.convs.2.conv.weight:lr=0.0001
2026/07/17 04:28:56 - mmengine - INFO - paramwise_options -- decode_head.convs.2.conv.weight:weight_decay=0.01
2026/07/17 04:28:56 - mmengine - INFO - paramwise_options -- decode_head.convs.2.conv.weight:lr_mult=10.0
2026/07/17 04:28:56 - mmengine - INFO - paramwise_options -- decode_head.convs.2.bn.weight:lr=0.0001
2026/07/17 04:28:56 - mmengine - INFO - paramwise_options -- decode_head.convs.2.bn.weight:weight_decay=0.01
2026/07/17 04:28:56 - mmengine - INFO - paramwise_options -- decode_head.convs.2.bn.weight:lr_mult=10.0
2026/07/17 04:28:56 - mmengine - INFO - paramwise_options -- decode_head.convs.2.bn.bias:lr=0.0001
2026/07/17 04:28:56 - mmengine - INFO - paramwise_options -- decode_head.convs.2.bn.bias:weight_decay=0.01
2026/07/17 04:28:56 - mmengine - INFO - paramwise_options -- decode_head.convs.2.bn.bias:lr_mult=10.0
2026/07/17 04:28:56 - mmengine - INFO - paramwise_options -- decode_head.convs.3.conv.weight:lr=0.0001
2026/07/17 04:28:56 - mmengine - INFO - paramwise_options -- decode_head.convs.3.conv.weight:weight_decay=0.01
2026/07/17 04:28:56 - mmengine - INFO - paramwise_options -- decode_head.convs.3.conv.weight:lr_mult=10.0
2026/07/17 04:28:56 - mmengine - INFO - paramwise_options -- decode_head.convs.3.bn.weight:lr=0.0001
2026/07/17 04:28:56 - mmengine - INFO - paramwise_options -- decode_head.convs.3.bn.weight:weight_decay=0.01
2026/07/17 04:28:56 - mmengine - INFO - paramwise_options -- decode_head.convs.3.bn.weight:lr_mult=10.0
2026/07/17 04:28:56 - mmengine - INFO - paramwise_options -- decode_head.convs.3.bn.bias:lr=0.0001
2026/07/17 04:28:56 - mmengine - INFO - paramwise_options -- decode_head.convs.3.bn.bias:weight_decay=0.01
2026/07/17 04:28:56 - mmengine - INFO - paramwise_options -- decode_head.convs.3.bn.bias:lr_mult=10.0
2026/07/17 04:28:56 - mmengine - INFO - paramwise_options -- decode_head.fusion_conv.conv.weight:lr=0.0001
2026/07/17 04:28:56 - mmengine - INFO - paramwise_options -- decode_head.fusion_conv.conv.weight:weight_decay=0.01
2026/07/17 04:28:56 - mmengine - INFO - paramwise_options -- decode_head.fusion_conv.conv.weight:lr_mult=10.0
2026/07/17 04:28:56 - mmengine - INFO - paramwise_options -- decode_head.fusion_conv.bn.weight:lr=0.0001
2026/07/17 04:28:56 - mmengine - INFO - paramwise_options -- decode_head.fusion_conv.bn.weight:weight_decay=0.01
2026/07/17 04:28:56 - mmengine - INFO - paramwise_options -- decode_head.fusion_conv.bn.weight:lr_mult=10.0
2026/07/17 04:28:56 - mmengine - INFO - paramwise_options -- decode_head.fusion_conv.bn.bias:lr=0.0001
2026/07/17 04:28:56 - mmengine - INFO - paramwise_options -- decode_head.fusion_conv.bn.bias:weight_decay=0.01
2026/07/17 04:28:56 - mmengine - INFO - paramwise_options -- decode_head.fusion_conv.bn.bias:lr_mult=10.0
2026/07/17 04:28:57 - mmengine - WARNING - The prefix is not set in metric class IoUMetric.
2026/07/17 04:28:57 - mmengine - INFO - load model from: https://download.openmmlab.com/mmsegmentation/v0.5/pretrain/segformer/mit_b2_20220624-66e8bf70.pth
2026/07/17 04:28:57 - mmengine - INFO - Loads checkpoint by http backend from path: https://download.openmmlab.com/mmsegmentation/v0.5/pretrain/segformer/mit_b2_20220624-66e8bf70.pth
Name of parameter - Initialization information

backbone.layers.0.0.projection.weight - torch.Size([64, 3, 7, 7]): 
PretrainedInit: load from https://download.openmmlab.com/mmsegmentation/v0.5/pretrain/segformer/mit_b2_20220624-66e8bf70.pth 

backbone.layers.0.0.projection.bias - torch.Size([64]): 
PretrainedInit: load from https://download.openmmlab.com/mmsegmentation/v0.5/pretrain/segformer/mit_b2_20220624-66e8bf70.pth 

backbone.layers.0.0.norm.weight - torch.Size([64]): 
PretrainedInit: load from https://download.openmmlab.com/mmsegmentation/v0.5/pretrain/segformer/mit_b2_20220624-66e8bf70.pth 

backbone.layers.0.0.norm.bias - torch.Size([64]): 
PretrainedInit: load from https://download.openmmlab.com/mmsegmentation/v0.5/pretrain/segformer/mit_b2_20220624-66e8bf70.pth 

backbone.layers.0.1.0.norm1.weight - torch.Size([64]): 
PretrainedInit: load from https://download.openmmlab.com/mmsegmentation/v0.5/pretrain/segformer/mit_b2_20220624-66e8bf70.pth 

backbone.layers.0.1.0.norm1.bias - torch.Size([64]): 
PretrainedInit: load from https://download.openmmlab.com/mmsegmentation/v0.5/pretrain/segformer/mit_b2_20220624-66e8bf70.pth 

backbone.layers.0.1.0.attn.attn.in_proj_weight - torch.Size([192, 64]): 
PretrainedInit: load from https://download.openmmlab.com/mmsegmentation/v0.5/pretrain/segformer/mit_b2_20220624-66e8bf70.pth 

backbone.layers.0.1.0.attn.attn.in_proj_bias - torch.Size([192]): 
PretrainedInit: load from https://download.openmmlab.com/mmsegmentation/v0.5/pretrain/segformer/mit_b2_20220624-66e8bf70.pth 

backbone.layers.0.1.0.attn.attn.out_proj.weight - torch.Size([64, 64]): 
PretrainedInit: load from https://download.openmmlab.com/mmsegmentation/v0.5/pretrain/segformer/mit_b2_20220624-66e8bf70.pth 

backbone.layers.0.1.0.attn.attn.out_proj.bias - torch.Size([64]): 
PretrainedInit: load from https://download.openmmlab.com/mmsegmentation/v0.5/pretrain/segformer/mit_b2_20220624-66e8bf70.pth 

backbone.layers.0.1.0.attn.sr.weight - torch.Size([64, 64, 8, 8]): 
PretrainedInit: load from https://download.openmmlab.com/mmsegmentation/v0.5/pretrain/segformer/mit_b2_20220624-66e8bf70.pth 

backbone.layers.0.1.0.attn.sr.bias - torch.Size([64]): 
PretrainedInit: load from https://download.openmmlab.com/mmsegmentation/v0.5/pretrain/segformer/mit_b2_20220624-66e8bf70.pth 

backbone.layers.0.1.0.attn.norm.weight - torch.Size([64]): 
PretrainedInit: load from https://download.openmmlab.com/mmsegmentation/v0.5/pretrain/segformer/mit_b2_20220624-66e8bf70.pth 

backbone.layers.0.1.0.attn.norm.bias - torch.Size([64]): 
PretrainedInit: load from https://download.openmmlab.com/mmsegmentation/v0.5/pretrain/segformer/mit_b2_20220624-66e8bf70.pth 

backbone.layers.0.1.0.norm2.weight - torch.Size([64]): 
PretrainedInit: load from https://download.openmmlab.com/mmsegmentation/v0.5/pretrain/segformer/mit_b2_20220624-66e8bf70.pth 

backbone.layers.0.1.0.norm2.bias - torch.Size([64]): 
PretrainedInit: load from https://download.openmmlab.com/mmsegmentation/v0.5/pretrain/segformer/mit_b2_20220624-66e8bf70.pth 

backbone.layers.0.1.0.ffn.layers.0.weight - torch.Size([256, 64, 1, 1]): 
PretrainedInit: load from https://download.openmmlab.com/mmsegmentation/v0.5/pretrain/segformer/mit_b2_20220624-66e8bf70.pth 

backbone.layers.0.1.0.ffn.layers.0.bias - torch.Size([256]): 
PretrainedInit: load from https://download.openmmlab.com/mmsegmentation/v0.5/pretrain/segformer/mit_b2_20220624-66e8bf70.pth 

backbone.layers.0.1.0.ffn.layers.1.weight - torch.Size([256, 1, 3, 3]): 
PretrainedInit: load from https://download.openmmlab.com/mmsegmentation/v0.5/pretrain/segformer/mit_b2_20220624-66e8bf70.pth 

backbone.layers.0.1.0.ffn.layers.1.bias - torch.Size([256]): 
PretrainedInit: load from https://download.openmmlab.com/mmsegmentation/v0.5/pretrain/segformer/mit_b2_20220624-66e8bf70.pth 

backbone.layers.0.1.0.ffn.layers.4.weight - torch.Size([64, 256, 1, 1]): 
PretrainedInit: load from https://download.openmmlab.com/mmsegmentation/v0.5/pretrain/segformer/mit_b2_20220624-66e8bf70.pth 

backbone.layers.0.1.0.ffn.layers.4.bias - torch.Size([64]): 
PretrainedInit: load from https://download.openmmlab.com/mmsegmentation/v0.5/pretrain/segformer/mit_b2_20220624-66e8bf70.pth 

backbone.layers.0.1.1.norm1.weight - torch.Size([64]): 
PretrainedInit: load from https://download.openmmlab.com/mmsegmentation/v0.5/pretrain/segformer/mit_b2_20220624-66e8bf70.pth 

backbone.layers.0.1.1.norm1.bias - torch.Size([64]): 
PretrainedInit: load from https://download.openmmlab.com/mmsegmentation/v0.5/pretrain/segformer/mit_b2_20220624-66e8bf70.pth 

backbone.layers.0.1.1.attn.attn.in_proj_weight - torch.Size([192, 64]): 
PretrainedInit: load from https://download.openmmlab.com/mmsegmentation/v0.5/pretrain/segformer/mit_b2_20220624-66e8bf70.pth 

backbone.layers.0.1.1.attn.attn.in_proj_bias - torch.Size([192]): 
PretrainedInit: load from https://download.openmmlab.com/mmsegmentation/v0.5/pretrain/segformer/mit_b2_20220624-66e8bf70.pth 

backbone.layers.0.1.1.attn.attn.out_proj.weight - torch.Size([64, 64]): 
PretrainedInit: load from https://download.openmmlab.com/mmsegmentation/v0.5/pretrain/segformer/mit_b2_20220624-66e8bf70.pth 

backbone.layers.0.1.1.attn.attn.out_proj.bias - torch.Size([64]): 
PretrainedInit: load from https://download.openmmlab.com/mmsegmentation/v0.5/pretrain/segformer/mit_b2_20220624-66e8bf70.pth 

backbone.layers.0.1.1.attn.sr.weight - torch.Size([64, 64, 8, 8]): 
PretrainedInit: load from https://download.openmmlab.com/mmsegmentation/v0.5/pretrain/segformer/mit_b2_20220624-66e8bf70.pth 

backbone.layers.0.1.1.attn.sr.bias - torch.Size([64]): 
PretrainedInit: load from https://download.openmmlab.com/mmsegmentation/v0.5/pretrain/segformer/mit_b2_20220624-66e8bf70.pth 

backbone.layers.0.1.1.attn.norm.weight - torch.Size([64]): 
PretrainedInit: load from https://download.openmmlab.com/mmsegmentation/v0.5/pretrain/segformer/mit_b2_20220624-66e8bf70.pth 

backbone.layers.0.1.1.attn.norm.bias - torch.Size([64]): 
PretrainedInit: load from https://download.openmmlab.com/mmsegmentation/v0.5/pretrain/segformer/mit_b2_20220624-66e8bf70.pth 

backbone.layers.0.1.1.norm2.weight - torch.Size([64]): 
PretrainedInit: load from https://download.openmmlab.com/mmsegmentation/v0.5/pretrain/segformer/mit_b2_20220624-66e8bf70.pth 

backbone.layers.0.1.1.norm2.bias - torch.Size([64]): 
PretrainedInit: load from https://download.openmmlab.com/mmsegmentation/v0.5/pretrain/segformer/mit_b2_20220624-66e8bf70.pth 

backbone.layers.0.1.1.ffn.layers.0.weight - torch.Size([256, 64, 1, 1]): 
PretrainedInit: load from https://download.openmmlab.com/mmsegmentation/v0.5/pretrain/segformer/mit_b2_20220624-66e8bf70.pth 

backbone.layers.0.1.1.ffn.layers.0.bias - torch.Size([256]): 
PretrainedInit: load from https://download.openmmlab.com/mmsegmentation/v0.5/pretrain/segformer/mit_b2_20220624-66e8bf70.pth 

backbone.layers.0.1.1.ffn.layers.1.weight - torch.Size([256, 1, 3, 3]): 
PretrainedInit: load from https://download.openmmlab.com/mmsegmentation/v0.5/pretrain/segformer/mit_b2_20220624-66e8bf70.pth 

backbone.layers.0.1.1.ffn.layers.1.bias - torch.Size([256]): 
PretrainedInit: load from https://download.openmmlab.com/mmsegmentation/v0.5/pretrain/segformer/mit_b2_20220624-66e8bf70.pth 

backbone.layers.0.1.1.ffn.layers.4.weight - torch.Size([64, 256, 1, 1]): 
PretrainedInit: load from https://download.openmmlab.com/mmsegmentation/v0.5/pretrain/segformer/mit_b2_20220624-66e8bf70.pth 

backbone.layers.0.1.1.ffn.layers.4.bias - torch.Size([64]): 
PretrainedInit: load from https://download.openmmlab.com/mmsegmentation/v0.5/pretrain/segformer/mit_b2_20220624-66e8bf70.pth 

backbone.layers.0.1.2.norm1.weight - torch.Size([64]): 
PretrainedInit: load from https://download.openmmlab.com/mmsegmentation/v0.5/pretrain/segformer/mit_b2_20220624-66e8bf70.pth 

backbone.layers.0.1.2.norm1.bias - torch.Size([64]): 
PretrainedInit: load from https://download.openmmlab.com/mmsegmentation/v0.5/pretrain/segformer/mit_b2_20220624-66e8bf70.pth 

backbone.layers.0.1.2.attn.attn.in_proj_weight - torch.Size([192, 64]): 
PretrainedInit: load from https://download.openmmlab.com/mmsegmentation/v0.5/pretrain/segformer/mit_b2_20220624-66e8bf70.pth 

backbone.layers.0.1.2.attn.attn.in_proj_bias - torch.Size([192]): 
PretrainedInit: load from https://download.openmmlab.com/mmsegmentation/v0.5/pretrain/segformer/mit_b2_20220624-66e8bf70.pth 

backbone.layers.0.1.2.attn.attn.out_proj.weight - torch.Size([64, 64]): 
PretrainedInit: load from https://download.openmmlab.com/mmsegmentation/v0.5/pretrain/segformer/mit_b2_20220624-66e8bf70.pth 

backbone.layers.0.1.2.attn.attn.out_proj.bias - torch.Size([64]): 
PretrainedInit: load from https://download.openmmlab.com/mmsegmentation/v0.5/pretrain/segformer/mit_b2_20220624-66e8bf70.pth 

backbone.layers.0.1.2.attn.sr.weight - torch.Size([64, 64, 8, 8]): 
PretrainedInit: load from https://download.openmmlab.com/mmsegmentation/v0.5/pretrain/segformer/mit_b2_20220624-66e8bf70.pth 

backbone.layers.0.1.2.attn.sr.bias - torch.Size([64]): 
PretrainedInit: load from https://download.openmmlab.com/mmsegmentation/v0.5/pretrain/segformer/mit_b2_20220624-66e8bf70.pth 

backbone.layers.0.1.2.attn.norm.weight - torch.Size([64]): 
PretrainedInit: load from https://download.openmmlab.com/mmsegmentation/v0.5/pretrain/segformer/mit_b2_20220624-66e8bf70.pth 

backbone.layers.0.1.2.attn.norm.bias - torch.Size([64]): 
PretrainedInit: load from https://download.openmmlab.com/mmsegmentation/v0.5/pretrain/segformer/mit_b2_20220624-66e8bf70.pth 

backbone.layers.0.1.2.norm2.weight - torch.Size([64]): 
PretrainedInit: load from https://download.openmmlab.com/mmsegmentation/v0.5/pretrain/segformer/mit_b2_20220624-66e8bf70.pth 

backbone.layers.0.1.2.norm2.bias - torch.Size([64]): 
PretrainedInit: load from https://download.openmmlab.com/mmsegmentation/v0.5/pretrain/segformer/mit_b2_20220624-66e8bf70.pth 

backbone.layers.0.1.2.ffn.layers.0.weight - torch.Size([256, 64, 1, 1]): 
PretrainedInit: load from https://download.openmmlab.com/mmsegmentation/v0.5/pretrain/segformer/mit_b2_20220624-66e8bf70.pth 

backbone.layers.0.1.2.ffn.layers.0.bias - torch.Size([256]): 
PretrainedInit: load from https://download.openmmlab.com/mmsegmentation/v0.5/pretrain/segformer/mit_b2_20220624-66e8bf70.pth 

backbone.layers.0.1.2.ffn.layers.1.weight - torch.Size([256, 1, 3, 3]): 
PretrainedInit: load from https://download.openmmlab.com/mmsegmentation/v0.5/pretrain/segformer/mit_b2_20220624-66e8bf70.pth 

backbone.layers.0.1.2.ffn.layers.1.bias - torch.Size([256]): 
PretrainedInit: load from https://download.openmmlab.com/mmsegmentation/v0.5/pretrain/segformer/mit_b2_20220624-66e8bf70.pth 

backbone.layers.0.1.2.ffn.layers.4.weight - torch.Size([64, 256, 1, 1]): 
PretrainedInit: load from https://download.openmmlab.com/mmsegmentation/v0.5/pretrain/segformer/mit_b2_20220624-66e8bf70.pth 

backbone.layers.0.1.2.ffn.layers.4.bias - torch.Size([64]): 
PretrainedInit: load from https://download.openmmlab.com/mmsegmentation/v0.5/pretrain/segformer/mit_b2_20220624-66e8bf70.pth 

backbone.layers.0.2.weight - torch.Size([64]): 
PretrainedInit: load from https://download.openmmlab.com/mmsegmentation/v0.5/pretrain/segformer/mit_b2_20220624-66e8bf70.pth 

backbone.layers.0.2.bias - torch.Size([64]): 
PretrainedInit: load from https://download.openmmlab.com/mmsegmentation/v0.5/pretrain/segformer/mit_b2_20220624-66e8bf70.pth 

backbone.layers.1.0.projection.weight - torch.Size([128, 64, 3, 3]): 
PretrainedInit: load from https://download.openmmlab.com/mmsegmentation/v0.5/pretrain/segformer/mit_b2_20220624-66e8bf70.pth 

backbone.layers.1.0.projection.bias - torch.Size([128]): 
PretrainedInit: load from https://download.openmmlab.com/mmsegmentation/v0.5/pretrain/segformer/mit_b2_20220624-66e8bf70.pth 

backbone.layers.1.0.norm.weight - torch.Size([128]): 
PretrainedInit: load from https://download.openmmlab.com/mmsegmentation/v0.5/pretrain/segformer/mit_b2_20220624-66e8bf70.pth 

backbone.layers.1.0.norm.bias - torch.Size([128]): 
PretrainedInit: load from https://download.openmmlab.com/mmsegmentation/v0.5/pretrain/segformer/mit_b2_20220624-66e8bf70.pth 

backbone.layers.1.1.0.norm1.weight - torch.Size([128]): 
PretrainedInit: load from https://download.openmmlab.com/mmsegmentation/v0.5/pretrain/segformer/mit_b2_20220624-66e8bf70.pth 

backbone.layers.1.1.0.norm1.bias - torch.Size([128]): 
PretrainedInit: load from https://download.openmmlab.com/mmsegmentation/v0.5/pretrain/segformer/mit_b2_20220624-66e8bf70.pth 

backbone.layers.1.1.0.attn.attn.in_proj_weight - torch.Size([384, 128]): 
PretrainedInit: load from https://download.openmmlab.com/mmsegmentation/v0.5/pretrain/segformer/mit_b2_20220624-66e8bf70.pth 

backbone.layers.1.1.0.attn.attn.in_proj_bias - torch.Size([384]): 
PretrainedInit: load from https://download.openmmlab.com/mmsegmentation/v0.5/pretrain/segformer/mit_b2_20220624-66e8bf70.pth 

backbone.layers.1.1.0.attn.attn.out_proj.weight - torch.Size([128, 128]): 
PretrainedInit: load from https://download.openmmlab.com/mmsegmentation/v0.5/pretrain/segformer/mit_b2_20220624-66e8bf70.pth 

backbone.layers.1.1.0.attn.attn.out_proj.bias - torch.Size([128]): 
PretrainedInit: load from https://download.openmmlab.com/mmsegmentation/v0.5/pretrain/segformer/mit_b2_20220624-66e8bf70.pth 

backbone.layers.1.1.0.attn.sr.weight - torch.Size([128, 128, 4, 4]): 
PretrainedInit: load from https://download.openmmlab.com/mmsegmentation/v0.5/pretrain/segformer/mit_b2_20220624-66e8bf70.pth 

backbone.layers.1.1.0.attn.sr.bias - torch.Size([128]): 
PretrainedInit: load from https://download.openmmlab.com/mmsegmentation/v0.5/pretrain/segformer/mit_b2_20220624-66e8bf70.pth 

backbone.layers.1.1.0.attn.norm.weight - torch.Size([128]): 
PretrainedInit: load from https://download.openmmlab.com/mmsegmentation/v0.5/pretrain/segformer/mit_b2_20220624-66e8bf70.pth 

backbone.layers.1.1.0.attn.norm.bias - torch.Size([128]): 
PretrainedInit: load from https://download.openmmlab.com/mmsegmentation/v0.5/pretrain/segformer/mit_b2_20220624-66e8bf70.pth 

backbone.layers.1.1.0.norm2.weight - torch.Size([128]): 
PretrainedInit: load from https://download.openmmlab.com/mmsegmentation/v0.5/pretrain/segformer/mit_b2_20220624-66e8bf70.pth 

backbone.layers.1.1.0.norm2.bias - torch.Size([128]): 
PretrainedInit: load from https://download.openmmlab.com/mmsegmentation/v0.5/pretrain/segformer/mit_b2_20220624-66e8bf70.pth 

backbone.layers.1.1.0.ffn.layers.0.weight - torch.Size([512, 128, 1, 1]): 
PretrainedInit: load from https://download.openmmlab.com/mmsegmentation/v0.5/pretrain/segformer/mit_b2_20220624-66e8bf70.pth 

backbone.layers.1.1.0.ffn.layers.0.bias - torch.Size([512]): 
PretrainedInit: load from https://download.openmmlab.com/mmsegmentation/v0.5/pretrain/segformer/mit_b2_20220624-66e8bf70.pth 

backbone.layers.1.1.0.ffn.layers.1.weight - torch.Size([512, 1, 3, 3]): 
PretrainedInit: load from https://download.openmmlab.com/mmsegmentation/v0.5/pretrain/segformer/mit_b2_20220624-66e8bf70.pth 

backbone.layers.1.1.0.ffn.layers.1.bias - torch.Size([512]): 
PretrainedInit: load from https://download.openmmlab.com/mmsegmentation/v0.5/pretrain/segformer/mit_b2_20220624-66e8bf70.pth 

backbone.layers.1.1.0.ffn.layers.4.weight - torch.Size([128, 512, 1, 1]): 
PretrainedInit: load from https://download.openmmlab.com/mmsegmentation/v0.5/pretrain/segformer/mit_b2_20220624-66e8bf70.pth 

backbone.layers.1.1.0.ffn.layers.4.bias - torch.Size([128]): 
PretrainedInit: load from https://download.openmmlab.com/mmsegmentation/v0.5/pretrain/segformer/mit_b2_20220624-66e8bf70.pth 

backbone.layers.1.1.1.norm1.weight - torch.Size([128]): 
PretrainedInit: load from https://download.openmmlab.com/mmsegmentation/v0.5/pretrain/segformer/mit_b2_20220624-66e8bf70.pth 

backbone.layers.1.1.1.norm1.bias - torch.Size([128]): 
PretrainedInit: load from https://download.openmmlab.com/mmsegmentation/v0.5/pretrain/segformer/mit_b2_20220624-66e8bf70.pth 

backbone.layers.1.1.1.attn.attn.in_proj_weight - torch.Size([384, 128]): 
PretrainedInit: load from https://download.openmmlab.com/mmsegmentation/v0.5/pretrain/segformer/mit_b2_20220624-66e8bf70.pth 

backbone.layers.1.1.1.attn.attn.in_proj_bias - torch.Size([384]): 
PretrainedInit: load from https://download.openmmlab.com/mmsegmentation/v0.5/pretrain/segformer/mit_b2_20220624-66e8bf70.pth 

backbone.layers.1.1.1.attn.attn.out_proj.weight - torch.Size([128, 128]): 
PretrainedInit: load from https://download.openmmlab.com/mmsegmentation/v0.5/pretrain/segformer/mit_b2_20220624-66e8bf70.pth 

backbone.layers.1.1.1.attn.attn.out_proj.bias - torch.Size([128]): 
PretrainedInit: load from https://download.openmmlab.com/mmsegmentation/v0.5/pretrain/segformer/mit_b2_20220624-66e8bf70.pth 

backbone.layers.1.1.1.attn.sr.weight - torch.Size([128, 128, 4, 4]): 
PretrainedInit: load from https://download.openmmlab.com/mmsegmentation/v0.5/pretrain/segformer/mit_b2_20220624-66e8bf70.pth 

backbone.layers.1.1.1.attn.sr.bias - torch.Size([128]): 
PretrainedInit: load from https://download.openmmlab.com/mmsegmentation/v0.5/pretrain/segformer/mit_b2_20220624-66e8bf70.pth 

backbone.layers.1.1.1.attn.norm.weight - torch.Size([128]): 
PretrainedInit: load from https://download.openmmlab.com/mmsegmentation/v0.5/pretrain/segformer/mit_b2_20220624-66e8bf70.pth 

backbone.layers.1.1.1.attn.norm.bias - torch.Size([128]): 
PretrainedInit: load from https://download.openmmlab.com/mmsegmentation/v0.5/pretrain/segformer/mit_b2_20220624-66e8bf70.pth 

backbone.layers.1.1.1.norm2.weight - torch.Size([128]): 
PretrainedInit: load from https://download.openmmlab.com/mmsegmentation/v0.5/pretrain/segformer/mit_b2_20220624-66e8bf70.pth 

backbone.layers.1.1.1.norm2.bias - torch.Size([128]): 
PretrainedInit: load from https://download.openmmlab.com/mmsegmentation/v0.5/pretrain/segformer/mit_b2_20220624-66e8bf70.pth 

backbone.layers.1.1.1.ffn.layers.0.weight - torch.Size([512, 128, 1, 1]): 
PretrainedInit: load from https://download.openmmlab.com/mmsegmentation/v0.5/pretrain/segformer/mit_b2_20220624-66e8bf70.pth 

backbone.layers.1.1.1.ffn.layers.0.bias - torch.Size([512]): 
PretrainedInit: load from https://download.openmmlab.com/mmsegmentation/v0.5/pretrain/segformer/mit_b2_20220624-66e8bf70.pth 

backbone.layers.1.1.1.ffn.layers.1.weight - torch.Size([512, 1, 3, 3]): 
PretrainedInit: load from https://download.openmmlab.com/mmsegmentation/v0.5/pretrain/segformer/mit_b2_20220624-66e8bf70.pth 

backbone.layers.1.1.1.ffn.layers.1.bias - torch.Size([512]): 
PretrainedInit: load from https://download.openmmlab.com/mmsegmentation/v0.5/pretrain/segformer/mit_b2_20220624-66e8bf70.pth 

backbone.layers.1.1.1.ffn.layers.4.weight - torch.Size([128, 512, 1, 1]): 
PretrainedInit: load from https://download.openmmlab.com/mmsegmentation/v0.5/pretrain/segformer/mit_b2_20220624-66e8bf70.pth 

backbone.layers.1.1.1.ffn.layers.4.bias - torch.Size([128]): 
PretrainedInit: load from https://download.openmmlab.com/mmsegmentation/v0.5/pretrain/segformer/mit_b2_20220624-66e8bf70.pth 

backbone.layers.1.1.2.norm1.weight - torch.Size([128]): 
PretrainedInit: load from https://download.openmmlab.com/mmsegmentation/v0.5/pretrain/segformer/mit_b2_20220624-66e8bf70.pth 

backbone.layers.1.1.2.norm1.bias - torch.Size([128]): 
PretrainedInit: load from https://download.openmmlab.com/mmsegmentation/v0.5/pretrain/segformer/mit_b2_20220624-66e8bf70.pth 

backbone.layers.1.1.2.attn.attn.in_proj_weight - torch.Size([384, 128]): 
PretrainedInit: load from https://download.openmmlab.com/mmsegmentation/v0.5/pretrain/segformer/mit_b2_20220624-66e8bf70.pth 

backbone.layers.1.1.2.attn.attn.in_proj_bias - torch.Size([384]): 
PretrainedInit: load from https://download.openmmlab.com/mmsegmentation/v0.5/pretrain/segformer/mit_b2_20220624-66e8bf70.pth 

backbone.layers.1.1.2.attn.attn.out_proj.weight - torch.Size([128, 128]): 
PretrainedInit: load from https://download.openmmlab.com/mmsegmentation/v0.5/pretrain/segformer/mit_b2_20220624-66e8bf70.pth 

backbone.layers.1.1.2.attn.attn.out_proj.bias - torch.Size([128]): 
PretrainedInit: load from https://download.openmmlab.com/mmsegmentation/v0.5/pretrain/segformer/mit_b2_20220624-66e8bf70.pth 

backbone.layers.1.1.2.attn.sr.weight - torch.Size([128, 128, 4, 4]): 
PretrainedInit: load from https://download.openmmlab.com/mmsegmentation/v0.5/pretrain/segformer/mit_b2_20220624-66e8bf70.pth 

backbone.layers.1.1.2.attn.sr.bias - torch.Size([128]): 
PretrainedInit: load from https://download.openmmlab.com/mmsegmentation/v0.5/pretrain/segformer/mit_b2_20220624-66e8bf70.pth 

backbone.layers.1.1.2.attn.norm.weight - torch.Size([128]): 
PretrainedInit: load from https://download.openmmlab.com/mmsegmentation/v0.5/pretrain/segformer/mit_b2_20220624-66e8bf70.pth 

backbone.layers.1.1.2.attn.norm.bias - torch.Size([128]): 
PretrainedInit: load from https://download.openmmlab.com/mmsegmentation/v0.5/pretrain/segformer/mit_b2_20220624-66e8bf70.pth 

backbone.layers.1.1.2.norm2.weight - torch.Size([128]): 
PretrainedInit: load from https://download.openmmlab.com/mmsegmentation/v0.5/pretrain/segformer/mit_b2_20220624-66e8bf70.pth 

backbone.layers.1.1.2.norm2.bias - torch.Size([128]): 
PretrainedInit: load from https://download.openmmlab.com/mmsegmentation/v0.5/pretrain/segformer/mit_b2_20220624-66e8bf70.pth 

backbone.layers.1.1.2.ffn.layers.0.weight - torch.Size([512, 128, 1, 1]): 
PretrainedInit: load from https://download.openmmlab.com/mmsegmentation/v0.5/pretrain/segformer/mit_b2_20220624-66e8bf70.pth 

backbone.layers.1.1.2.ffn.layers.0.bias - torch.Size([512]): 
PretrainedInit: load from https://download.openmmlab.com/mmsegmentation/v0.5/pretrain/segformer/mit_b2_20220624-66e8bf70.pth 

backbone.layers.1.1.2.ffn.layers.1.weight - torch.Size([512, 1, 3, 3]): 
PretrainedInit: load from https://download.openmmlab.com/mmsegmentation/v0.5/pretrain/segformer/mit_b2_20220624-66e8bf70.pth 

backbone.layers.1.1.2.ffn.layers.1.bias - torch.Size([512]): 
PretrainedInit: load from https://download.openmmlab.com/mmsegmentation/v0.5/pretrain/segformer/mit_b2_20220624-66e8bf70.pth 

backbone.layers.1.1.2.ffn.layers.4.weight - torch.Size([128, 512, 1, 1]): 
PretrainedInit: load from https://download.openmmlab.com/mmsegmentation/v0.5/pretrain/segformer/mit_b2_20220624-66e8bf70.pth 

backbone.layers.1.1.2.ffn.layers.4.bias - torch.Size([128]): 
PretrainedInit: load from https://download.openmmlab.com/mmsegmentation/v0.5/pretrain/segformer/mit_b2_20220624-66e8bf70.pth 

backbone.layers.1.1.3.norm1.weight - torch.Size([128]): 
PretrainedInit: load from https://download.openmmlab.com/mmsegmentation/v0.5/pretrain/segformer/mit_b2_20220624-66e8bf70.pth 

backbone.layers.1.1.3.norm1.bias - torch.Size([128]): 
PretrainedInit: load from https://download.openmmlab.com/mmsegmentation/v0.5/pretrain/segformer/mit_b2_20220624-66e8bf70.pth 

backbone.layers.1.1.3.attn.attn.in_proj_weight - torch.Size([384, 128]): 
PretrainedInit: load from https://download.openmmlab.com/mmsegmentation/v0.5/pretrain/segformer/mit_b2_20220624-66e8bf70.pth 

backbone.layers.1.1.3.attn.attn.in_proj_bias - torch.Size([384]): 
PretrainedInit: load from https://download.openmmlab.com/mmsegmentation/v0.5/pretrain/segformer/mit_b2_20220624-66e8bf70.pth 

backbone.layers.1.1.3.attn.attn.out_proj.weight - torch.Size([128, 128]): 
PretrainedInit: load from https://download.openmmlab.com/mmsegmentation/v0.5/pretrain/segformer/mit_b2_20220624-66e8bf70.pth 

backbone.layers.1.1.3.attn.attn.out_proj.bias - torch.Size([128]): 
PretrainedInit: load from https://download.openmmlab.com/mmsegmentation/v0.5/pretrain/segformer/mit_b2_20220624-66e8bf70.pth 

backbone.layers.1.1.3.attn.sr.weight - torch.Size([128, 128, 4, 4]): 
PretrainedInit: load from https://download.openmmlab.com/mmsegmentation/v0.5/pretrain/segformer/mit_b2_20220624-66e8bf70.pth 

backbone.layers.1.1.3.attn.sr.bias - torch.Size([128]): 
PretrainedInit: load from https://download.openmmlab.com/mmsegmentation/v0.5/pretrain/segformer/mit_b2_20220624-66e8bf70.pth 

backbone.layers.1.1.3.attn.norm.weight - torch.Size([128]): 
PretrainedInit: load from https://download.openmmlab.com/mmsegmentation/v0.5/pretrain/segformer/mit_b2_20220624-66e8bf70.pth 

backbone.layers.1.1.3.attn.norm.bias - torch.Size([128]): 
PretrainedInit: load from https://download.openmmlab.com/mmsegmentation/v0.5/pretrain/segformer/mit_b2_20220624-66e8bf70.pth 

backbone.layers.1.1.3.norm2.weight - torch.Size([128]): 
PretrainedInit: load from https://download.openmmlab.com/mmsegmentation/v0.5/pretrain/segformer/mit_b2_20220624-66e8bf70.pth 

backbone.layers.1.1.3.norm2.bias - torch.Size([128]): 
PretrainedInit: load from https://download.openmmlab.com/mmsegmentation/v0.5/pretrain/segformer/mit_b2_20220624-66e8bf70.pth 

backbone.layers.1.1.3.ffn.layers.0.weight - torch.Size([512, 128, 1, 1]): 
PretrainedInit: load from https://download.openmmlab.com/mmsegmentation/v0.5/pretrain/segformer/mit_b2_20220624-66e8bf70.pth 

backbone.layers.1.1.3.ffn.layers.0.bias - torch.Size([512]): 
PretrainedInit: load from https://download.openmmlab.com/mmsegmentation/v0.5/pretrain/segformer/mit_b2_20220624-66e8bf70.pth 

backbone.layers.1.1.3.ffn.layers.1.weight - torch.Size([512, 1, 3, 3]): 
PretrainedInit: load from https://download.openmmlab.com/mmsegmentation/v0.5/pretrain/segformer/mit_b2_20220624-66e8bf70.pth 

backbone.layers.1.1.3.ffn.layers.1.bias - torch.Size([512]): 
PretrainedInit: load from https://download.openmmlab.com/mmsegmentation/v0.5/pretrain/segformer/mit_b2_20220624-66e8bf70.pth 

backbone.layers.1.1.3.ffn.layers.4.weight - torch.Size([128, 512, 1, 1]): 
PretrainedInit: load from https://download.openmmlab.com/mmsegmentation/v0.5/pretrain/segformer/mit_b2_20220624-66e8bf70.pth 

backbone.layers.1.1.3.ffn.layers.4.bias - torch.Size([128]): 
PretrainedInit: load from https://download.openmmlab.com/mmsegmentation/v0.5/pretrain/segformer/mit_b2_20220624-66e8bf70.pth 

backbone.layers.1.2.weight - torch.Size([128]): 
PretrainedInit: load from https://download.openmmlab.com/mmsegmentation/v0.5/pretrain/segformer/mit_b2_20220624-66e8bf70.pth 

backbone.layers.1.2.bias - torch.Size([128]): 
PretrainedInit: load from https://download.openmmlab.com/mmsegmentation/v0.5/pretrain/segformer/mit_b2_20220624-66e8bf70.pth 

backbone.layers.2.0.projection.weight - torch.Size([320, 128, 3, 3]): 
PretrainedInit: load from https://download.openmmlab.com/mmsegmentation/v0.5/pretrain/segformer/mit_b2_20220624-66e8bf70.pth 

backbone.layers.2.0.projection.bias - torch.Size([320]): 
PretrainedInit: load from https://download.openmmlab.com/mmsegmentation/v0.5/pretrain/segformer/mit_b2_20220624-66e8bf70.pth 

backbone.layers.2.0.norm.weight - torch.Size([320]): 
PretrainedInit: load from https://download.openmmlab.com/mmsegmentation/v0.5/pretrain/segformer/mit_b2_20220624-66e8bf70.pth 

backbone.layers.2.0.norm.bias - torch.Size([320]): 
PretrainedInit: load from https://download.openmmlab.com/mmsegmentation/v0.5/pretrain/segformer/mit_b2_20220624-66e8bf70.pth 

backbone.layers.2.1.0.norm1.weight - torch.Size([320]): 
PretrainedInit: load from https://download.openmmlab.com/mmsegmentation/v0.5/pretrain/segformer/mit_b2_20220624-66e8bf70.pth 

backbone.layers.2.1.0.norm1.bias - torch.Size([320]): 
PretrainedInit: load from https://download.openmmlab.com/mmsegmentation/v0.5/pretrain/segformer/mit_b2_20220624-66e8bf70.pth 

backbone.layers.2.1.0.attn.attn.in_proj_weight - torch.Size([960, 320]): 
PretrainedInit: load from https://download.openmmlab.com/mmsegmentation/v0.5/pretrain/segformer/mit_b2_20220624-66e8bf70.pth 

backbone.layers.2.1.0.attn.attn.in_proj_bias - torch.Size([960]): 
PretrainedInit: load from https://download.openmmlab.com/mmsegmentation/v0.5/pretrain/segformer/mit_b2_20220624-66e8bf70.pth 

backbone.layers.2.1.0.attn.attn.out_proj.weight - torch.Size([320, 320]): 
PretrainedInit: load from https://download.openmmlab.com/mmsegmentation/v0.5/pretrain/segformer/mit_b2_20220624-66e8bf70.pth 

backbone.layers.2.1.0.attn.attn.out_proj.bias - torch.Size([320]): 
PretrainedInit: load from https://download.openmmlab.com/mmsegmentation/v0.5/pretrain/segformer/mit_b2_20220624-66e8bf70.pth 

backbone.layers.2.1.0.attn.sr.weight - torch.Size([320, 320, 2, 2]): 
PretrainedInit: load from https://download.openmmlab.com/mmsegmentation/v0.5/pretrain/segformer/mit_b2_20220624-66e8bf70.pth 

backbone.layers.2.1.0.attn.sr.bias - torch.Size([320]): 
PretrainedInit: load from https://download.openmmlab.com/mmsegmentation/v0.5/pretrain/segformer/mit_b2_20220624-66e8bf70.pth 

backbone.layers.2.1.0.attn.norm.weight - torch.Size([320]): 
PretrainedInit: load from https://download.openmmlab.com/mmsegmentation/v0.5/pretrain/segformer/mit_b2_20220624-66e8bf70.pth 

backbone.layers.2.1.0.attn.norm.bias - torch.Size([320]): 
PretrainedInit: load from https://download.openmmlab.com/mmsegmentation/v0.5/pretrain/segformer/mit_b2_20220624-66e8bf70.pth 

backbone.layers.2.1.0.norm2.weight - torch.Size([320]): 
PretrainedInit: load from https://download.openmmlab.com/mmsegmentation/v0.5/pretrain/segformer/mit_b2_20220624-66e8bf70.pth 

backbone.layers.2.1.0.norm2.bias - torch.Size([320]): 
PretrainedInit: load from https://download.openmmlab.com/mmsegmentation/v0.5/pretrain/segformer/mit_b2_20220624-66e8bf70.pth 

backbone.layers.2.1.0.ffn.layers.0.weight - torch.Size([1280, 320, 1, 1]): 
PretrainedInit: load from https://download.openmmlab.com/mmsegmentation/v0.5/pretrain/segformer/mit_b2_20220624-66e8bf70.pth 

backbone.layers.2.1.0.ffn.layers.0.bias - torch.Size([1280]): 
PretrainedInit: load from https://download.openmmlab.com/mmsegmentation/v0.5/pretrain/segformer/mit_b2_20220624-66e8bf70.pth 

backbone.layers.2.1.0.ffn.layers.1.weight - torch.Size([1280, 1, 3, 3]): 
PretrainedInit: load from https://download.openmmlab.com/mmsegmentation/v0.5/pretrain/segformer/mit_b2_20220624-66e8bf70.pth 

backbone.layers.2.1.0.ffn.layers.1.bias - torch.Size([1280]): 
PretrainedInit: load from https://download.openmmlab.com/mmsegmentation/v0.5/pretrain/segformer/mit_b2_20220624-66e8bf70.pth 

backbone.layers.2.1.0.ffn.layers.4.weight - torch.Size([320, 1280, 1, 1]): 
PretrainedInit: load from https://download.openmmlab.com/mmsegmentation/v0.5/pretrain/segformer/mit_b2_20220624-66e8bf70.pth 

backbone.layers.2.1.0.ffn.layers.4.bias - torch.Size([320]): 
PretrainedInit: load from https://download.openmmlab.com/mmsegmentation/v0.5/pretrain/segformer/mit_b2_20220624-66e8bf70.pth 

backbone.layers.2.1.1.norm1.weight - torch.Size([320]): 
PretrainedInit: load from https://download.openmmlab.com/mmsegmentation/v0.5/pretrain/segformer/mit_b2_20220624-66e8bf70.pth 

backbone.layers.2.1.1.norm1.bias - torch.Size([320]): 
PretrainedInit: load from https://download.openmmlab.com/mmsegmentation/v0.5/pretrain/segformer/mit_b2_20220624-66e8bf70.pth 

backbone.layers.2.1.1.attn.attn.in_proj_weight - torch.Size([960, 320]): 
PretrainedInit: load from https://download.openmmlab.com/mmsegmentation/v0.5/pretrain/segformer/mit_b2_20220624-66e8bf70.pth 

backbone.layers.2.1.1.attn.attn.in_proj_bias - torch.Size([960]): 
PretrainedInit: load from https://download.openmmlab.com/mmsegmentation/v0.5/pretrain/segformer/mit_b2_20220624-66e8bf70.pth 

backbone.layers.2.1.1.attn.attn.out_proj.weight - torch.Size([320, 320]): 
PretrainedInit: load from https://download.openmmlab.com/mmsegmentation/v0.5/pretrain/segformer/mit_b2_20220624-66e8bf70.pth 

backbone.layers.2.1.1.attn.attn.out_proj.bias - torch.Size([320]): 
PretrainedInit: load from https://download.openmmlab.com/mmsegmentation/v0.5/pretrain/segformer/mit_b2_20220624-66e8bf70.pth 

backbone.layers.2.1.1.attn.sr.weight - torch.Size([320, 320, 2, 2]): 
PretrainedInit: load from https://download.openmmlab.com/mmsegmentation/v0.5/pretrain/segformer/mit_b2_20220624-66e8bf70.pth 

backbone.layers.2.1.1.attn.sr.bias - torch.Size([320]): 
PretrainedInit: load from https://download.openmmlab.com/mmsegmentation/v0.5/pretrain/segformer/mit_b2_20220624-66e8bf70.pth 

backbone.layers.2.1.1.attn.norm.weight - torch.Size([320]): 
PretrainedInit: load from https://download.openmmlab.com/mmsegmentation/v0.5/pretrain/segformer/mit_b2_20220624-66e8bf70.pth 

backbone.layers.2.1.1.attn.norm.bias - torch.Size([320]): 
PretrainedInit: load from https://download.openmmlab.com/mmsegmentation/v0.5/pretrain/segformer/mit_b2_20220624-66e8bf70.pth 

backbone.layers.2.1.1.norm2.weight - torch.Size([320]): 
PretrainedInit: load from https://download.openmmlab.com/mmsegmentation/v0.5/pretrain/segformer/mit_b2_20220624-66e8bf70.pth 

backbone.layers.2.1.1.norm2.bias - torch.Size([320]): 
PretrainedInit: load from https://download.openmmlab.com/mmsegmentation/v0.5/pretrain/segformer/mit_b2_20220624-66e8bf70.pth 

backbone.layers.2.1.1.ffn.layers.0.weight - torch.Size([1280, 320, 1, 1]): 
PretrainedInit: load from https://download.openmmlab.com/mmsegmentation/v0.5/pretrain/segformer/mit_b2_20220624-66e8bf70.pth 

backbone.layers.2.1.1.ffn.layers.0.bias - torch.Size([1280]): 
PretrainedInit: load from https://download.openmmlab.com/mmsegmentation/v0.5/pretrain/segformer/mit_b2_20220624-66e8bf70.pth 

backbone.layers.2.1.1.ffn.layers.1.weight - torch.Size([1280, 1, 3, 3]): 
PretrainedInit: load from https://download.openmmlab.com/mmsegmentation/v0.5/pretrain/segformer/mit_b2_20220624-66e8bf70.pth 

backbone.layers.2.1.1.ffn.layers.1.bias - torch.Size([1280]): 
PretrainedInit: load from https://download.openmmlab.com/mmsegmentation/v0.5/pretrain/segformer/mit_b2_20220624-66e8bf70.pth 

backbone.layers.2.1.1.ffn.layers.4.weight - torch.Size([320, 1280, 1, 1]): 
PretrainedInit: load from https://download.openmmlab.com/mmsegmentation/v0.5/pretrain/segformer/mit_b2_20220624-66e8bf70.pth 

backbone.layers.2.1.1.ffn.layers.4.bias - torch.Size([320]): 
PretrainedInit: load from https://download.openmmlab.com/mmsegmentation/v0.5/pretrain/segformer/mit_b2_20220624-66e8bf70.pth 

backbone.layers.2.1.2.norm1.weight - torch.Size([320]): 
PretrainedInit: load from https://download.openmmlab.com/mmsegmentation/v0.5/pretrain/segformer/mit_b2_20220624-66e8bf70.pth 

backbone.layers.2.1.2.norm1.bias - torch.Size([320]): 
PretrainedInit: load from https://download.openmmlab.com/mmsegmentation/v0.5/pretrain/segformer/mit_b2_20220624-66e8bf70.pth 

backbone.layers.2.1.2.attn.attn.in_proj_weight - torch.Size([960, 320]): 
PretrainedInit: load from https://download.openmmlab.com/mmsegmentation/v0.5/pretrain/segformer/mit_b2_20220624-66e8bf70.pth 

backbone.layers.2.1.2.attn.attn.in_proj_bias - torch.Size([960]): 
PretrainedInit: load from https://download.openmmlab.com/mmsegmentation/v0.5/pretrain/segformer/mit_b2_20220624-66e8bf70.pth 

backbone.layers.2.1.2.attn.attn.out_proj.weight - torch.Size([320, 320]): 
PretrainedInit: load from https://download.openmmlab.com/mmsegmentation/v0.5/pretrain/segformer/mit_b2_20220624-66e8bf70.pth 

backbone.layers.2.1.2.attn.attn.out_proj.bias - torch.Size([320]): 
PretrainedInit: load from https://download.openmmlab.com/mmsegmentation/v0.5/pretrain/segformer/mit_b2_20220624-66e8bf70.pth 

backbone.layers.2.1.2.attn.sr.weight - torch.Size([320, 320, 2, 2]): 
PretrainedInit: load from https://download.openmmlab.com/mmsegmentation/v0.5/pretrain/segformer/mit_b2_20220624-66e8bf70.pth 

backbone.layers.2.1.2.attn.sr.bias - torch.Size([320]): 
PretrainedInit: load from https://download.openmmlab.com/mmsegmentation/v0.5/pretrain/segformer/mit_b2_20220624-66e8bf70.pth 

backbone.layers.2.1.2.attn.norm.weight - torch.Size([320]): 
PretrainedInit: load from https://download.openmmlab.com/mmsegmentation/v0.5/pretrain/segformer/mit_b2_20220624-66e8bf70.pth 

backbone.layers.2.1.2.attn.norm.bias - torch.Size([320]): 
PretrainedInit: load from https://download.openmmlab.com/mmsegmentation/v0.5/pretrain/segformer/mit_b2_20220624-66e8bf70.pth 

backbone.layers.2.1.2.norm2.weight - torch.Size([320]): 
PretrainedInit: load from https://download.openmmlab.com/mmsegmentation/v0.5/pretrain/segformer/mit_b2_20220624-66e8bf70.pth 

backbone.layers.2.1.2.norm2.bias - torch.Size([320]): 
PretrainedInit: load from https://download.openmmlab.com/mmsegmentation/v0.5/pretrain/segformer/mit_b2_20220624-66e8bf70.pth 

backbone.layers.2.1.2.ffn.layers.0.weight - torch.Size([1280, 320, 1, 1]): 
PretrainedInit: load from https://download.openmmlab.com/mmsegmentation/v0.5/pretrain/segformer/mit_b2_20220624-66e8bf70.pth 

backbone.layers.2.1.2.ffn.layers.0.bias - torch.Size([1280]): 
PretrainedInit: load from https://download.openmmlab.com/mmsegmentation/v0.5/pretrain/segformer/mit_b2_20220624-66e8bf70.pth 

backbone.layers.2.1.2.ffn.layers.1.weight - torch.Size([1280, 1, 3, 3]): 
PretrainedInit: load from https://download.openmmlab.com/mmsegmentation/v0.5/pretrain/segformer/mit_b2_20220624-66e8bf70.pth 

backbone.layers.2.1.2.ffn.layers.1.bias - torch.Size([1280]): 
PretrainedInit: load from https://download.openmmlab.com/mmsegmentation/v0.5/pretrain/segformer/mit_b2_20220624-66e8bf70.pth 

backbone.layers.2.1.2.ffn.layers.4.weight - torch.Size([320, 1280, 1, 1]): 
PretrainedInit: load from https://download.openmmlab.com/mmsegmentation/v0.5/pretrain/segformer/mit_b2_20220624-66e8bf70.pth 

backbone.layers.2.1.2.ffn.layers.4.bias - torch.Size([320]): 
PretrainedInit: load from https://download.openmmlab.com/mmsegmentation/v0.5/pretrain/segformer/mit_b2_20220624-66e8bf70.pth 

backbone.layers.2.1.3.norm1.weight - torch.Size([320]): 
PretrainedInit: load from https://download.openmmlab.com/mmsegmentation/v0.5/pretrain/segformer/mit_b2_20220624-66e8bf70.pth 

backbone.layers.2.1.3.norm1.bias - torch.Size([320]): 
PretrainedInit: load from https://download.openmmlab.com/mmsegmentation/v0.5/pretrain/segformer/mit_b2_20220624-66e8bf70.pth 

backbone.layers.2.1.3.attn.attn.in_proj_weight - torch.Size([960, 320]): 
PretrainedInit: load from https://download.openmmlab.com/mmsegmentation/v0.5/pretrain/segformer/mit_b2_20220624-66e8bf70.pth 

backbone.layers.2.1.3.attn.attn.in_proj_bias - torch.Size([960]): 
PretrainedInit: load from https://download.openmmlab.com/mmsegmentation/v0.5/pretrain/segformer/mit_b2_20220624-66e8bf70.pth 

backbone.layers.2.1.3.attn.attn.out_proj.weight - torch.Size([320, 320]): 
PretrainedInit: load from https://download.openmmlab.com/mmsegmentation/v0.5/pretrain/segformer/mit_b2_20220624-66e8bf70.pth 

backbone.layers.2.1.3.attn.attn.out_proj.bias - torch.Size([320]): 
PretrainedInit: load from https://download.openmmlab.com/mmsegmentation/v0.5/pretrain/segformer/mit_b2_20220624-66e8bf70.pth 

backbone.layers.2.1.3.attn.sr.weight - torch.Size([320, 320, 2, 2]): 
PretrainedInit: load from https://download.openmmlab.com/mmsegmentation/v0.5/pretrain/segformer/mit_b2_20220624-66e8bf70.pth 

backbone.layers.2.1.3.attn.sr.bias - torch.Size([320]): 
PretrainedInit: load from https://download.openmmlab.com/mmsegmentation/v0.5/pretrain/segformer/mit_b2_20220624-66e8bf70.pth 

backbone.layers.2.1.3.attn.norm.weight - torch.Size([320]): 
PretrainedInit: load from https://download.openmmlab.com/mmsegmentation/v0.5/pretrain/segformer/mit_b2_20220624-66e8bf70.pth 

backbone.layers.2.1.3.attn.norm.bias - torch.Size([320]): 
PretrainedInit: load from https://download.openmmlab.com/mmsegmentation/v0.5/pretrain/segformer/mit_b2_20220624-66e8bf70.pth 

backbone.layers.2.1.3.norm2.weight - torch.Size([320]): 
PretrainedInit: load from https://download.openmmlab.com/mmsegmentation/v0.5/pretrain/segformer/mit_b2_20220624-66e8bf70.pth 

backbone.layers.2.1.3.norm2.bias - torch.Size([320]): 
PretrainedInit: load from https://download.openmmlab.com/mmsegmentation/v0.5/pretrain/segformer/mit_b2_20220624-66e8bf70.pth 

backbone.layers.2.1.3.ffn.layers.0.weight - torch.Size([1280, 320, 1, 1]): 
PretrainedInit: load from https://download.openmmlab.com/mmsegmentation/v0.5/pretrain/segformer/mit_b2_20220624-66e8bf70.pth 

backbone.layers.2.1.3.ffn.layers.0.bias - torch.Size([1280]): 
PretrainedInit: load from https://download.openmmlab.com/mmsegmentation/v0.5/pretrain/segformer/mit_b2_20220624-66e8bf70.pth 

backbone.layers.2.1.3.ffn.layers.1.weight - torch.Size([1280, 1, 3, 3]): 
PretrainedInit: load from https://download.openmmlab.com/mmsegmentation/v0.5/pretrain/segformer/mit_b2_20220624-66e8bf70.pth 

backbone.layers.2.1.3.ffn.layers.1.bias - torch.Size([1280]): 
PretrainedInit: load from https://download.openmmlab.com/mmsegmentation/v0.5/pretrain/segformer/mit_b2_20220624-66e8bf70.pth 

backbone.layers.2.1.3.ffn.layers.4.weight - torch.Size([320, 1280, 1, 1]): 
PretrainedInit: load from https://download.openmmlab.com/mmsegmentation/v0.5/pretrain/segformer/mit_b2_20220624-66e8bf70.pth 

backbone.layers.2.1.3.ffn.layers.4.bias - torch.Size([320]): 
PretrainedInit: load from https://download.openmmlab.com/mmsegmentation/v0.5/pretrain/segformer/mit_b2_20220624-66e8bf70.pth 

backbone.layers.2.1.4.norm1.weight - torch.Size([320]): 
PretrainedInit: load from https://download.openmmlab.com/mmsegmentation/v0.5/pretrain/segformer/mit_b2_20220624-66e8bf70.pth 

backbone.layers.2.1.4.norm1.bias - torch.Size([320]): 
PretrainedInit: load from https://download.openmmlab.com/mmsegmentation/v0.5/pretrain/segformer/mit_b2_20220624-66e8bf70.pth 

backbone.layers.2.1.4.attn.attn.in_proj_weight - torch.Size([960, 320]): 
PretrainedInit: load from https://download.openmmlab.com/mmsegmentation/v0.5/pretrain/segformer/mit_b2_20220624-66e8bf70.pth 

backbone.layers.2.1.4.attn.attn.in_proj_bias - torch.Size([960]): 
PretrainedInit: load from https://download.openmmlab.com/mmsegmentation/v0.5/pretrain/segformer/mit_b2_20220624-66e8bf70.pth 

backbone.layers.2.1.4.attn.attn.out_proj.weight - torch.Size([320, 320]): 
PretrainedInit: load from https://download.openmmlab.com/mmsegmentation/v0.5/pretrain/segformer/mit_b2_20220624-66e8bf70.pth 

backbone.layers.2.1.4.attn.attn.out_proj.bias - torch.Size([320]): 
PretrainedInit: load from https://download.openmmlab.com/mmsegmentation/v0.5/pretrain/segformer/mit_b2_20220624-66e8bf70.pth 

backbone.layers.2.1.4.attn.sr.weight - torch.Size([320, 320, 2, 2]): 
PretrainedInit: load from https://download.openmmlab.com/mmsegmentation/v0.5/pretrain/segformer/mit_b2_20220624-66e8bf70.pth 

backbone.layers.2.1.4.attn.sr.bias - torch.Size([320]): 
PretrainedInit: load from https://download.openmmlab.com/mmsegmentation/v0.5/pretrain/segformer/mit_b2_20220624-66e8bf70.pth 

backbone.layers.2.1.4.attn.norm.weight - torch.Size([320]): 
PretrainedInit: load from https://download.openmmlab.com/mmsegmentation/v0.5/pretrain/segformer/mit_b2_20220624-66e8bf70.pth 

backbone.layers.2.1.4.attn.norm.bias - torch.Size([320]): 
PretrainedInit: load from https://download.openmmlab.com/mmsegmentation/v0.5/pretrain/segformer/mit_b2_20220624-66e8bf70.pth 

backbone.layers.2.1.4.norm2.weight - torch.Size([320]): 
PretrainedInit: load from https://download.openmmlab.com/mmsegmentation/v0.5/pretrain/segformer/mit_b2_20220624-66e8bf70.pth 

backbone.layers.2.1.4.norm2.bias - torch.Size([320]): 
PretrainedInit: load from https://download.openmmlab.com/mmsegmentation/v0.5/pretrain/segformer/mit_b2_20220624-66e8bf70.pth 

backbone.layers.2.1.4.ffn.layers.0.weight - torch.Size([1280, 320, 1, 1]): 
PretrainedInit: load from https://download.openmmlab.com/mmsegmentation/v0.5/pretrain/segformer/mit_b2_20220624-66e8bf70.pth 

backbone.layers.2.1.4.ffn.layers.0.bias - torch.Size([1280]): 
PretrainedInit: load from https://download.openmmlab.com/mmsegmentation/v0.5/pretrain/segformer/mit_b2_20220624-66e8bf70.pth 

backbone.layers.2.1.4.ffn.layers.1.weight - torch.Size([1280, 1, 3, 3]): 
PretrainedInit: load from https://download.openmmlab.com/mmsegmentation/v0.5/pretrain/segformer/mit_b2_20220624-66e8bf70.pth 

backbone.layers.2.1.4.ffn.layers.1.bias - torch.Size([1280]): 
PretrainedInit: load from https://download.openmmlab.com/mmsegmentation/v0.5/pretrain/segformer/mit_b2_20220624-66e8bf70.pth 

backbone.layers.2.1.4.ffn.layers.4.weight - torch.Size([320, 1280, 1, 1]): 
PretrainedInit: load from https://download.openmmlab.com/mmsegmentation/v0.5/pretrain/segformer/mit_b2_20220624-66e8bf70.pth 

backbone.layers.2.1.4.ffn.layers.4.bias - torch.Size([320]): 
PretrainedInit: load from https://download.openmmlab.com/mmsegmentation/v0.5/pretrain/segformer/mit_b2_20220624-66e8bf70.pth 

backbone.layers.2.1.5.norm1.weight - torch.Size([320]): 
PretrainedInit: load from https://download.openmmlab.com/mmsegmentation/v0.5/pretrain/segformer/mit_b2_20220624-66e8bf70.pth 

backbone.layers.2.1.5.norm1.bias - torch.Size([320]): 
PretrainedInit: load from https://download.openmmlab.com/mmsegmentation/v0.5/pretrain/segformer/mit_b2_20220624-66e8bf70.pth 

backbone.layers.2.1.5.attn.attn.in_proj_weight - torch.Size([960, 320]): 
PretrainedInit: load from https://download.openmmlab.com/mmsegmentation/v0.5/pretrain/segformer/mit_b2_20220624-66e8bf70.pth 

backbone.layers.2.1.5.attn.attn.in_proj_bias - torch.Size([960]): 
PretrainedInit: load from https://download.openmmlab.com/mmsegmentation/v0.5/pretrain/segformer/mit_b2_20220624-66e8bf70.pth 

backbone.layers.2.1.5.attn.attn.out_proj.weight - torch.Size([320, 320]): 
PretrainedInit: load from https://download.openmmlab.com/mmsegmentation/v0.5/pretrain/segformer/mit_b2_20220624-66e8bf70.pth 

backbone.layers.2.1.5.attn.attn.out_proj.bias - torch.Size([320]): 
PretrainedInit: load from https://download.openmmlab.com/mmsegmentation/v0.5/pretrain/segformer/mit_b2_20220624-66e8bf70.pth 

backbone.layers.2.1.5.attn.sr.weight - torch.Size([320, 320, 2, 2]): 
PretrainedInit: load from https://download.openmmlab.com/mmsegmentation/v0.5/pretrain/segformer/mit_b2_20220624-66e8bf70.pth 

backbone.layers.2.1.5.attn.sr.bias - torch.Size([320]): 
PretrainedInit: load from https://download.openmmlab.com/mmsegmentation/v0.5/pretrain/segformer/mit_b2_20220624-66e8bf70.pth 

backbone.layers.2.1.5.attn.norm.weight - torch.Size([320]): 
PretrainedInit: load from https://download.openmmlab.com/mmsegmentation/v0.5/pretrain/segformer/mit_b2_20220624-66e8bf70.pth 

backbone.layers.2.1.5.attn.norm.bias - torch.Size([320]): 
PretrainedInit: load from https://download.openmmlab.com/mmsegmentation/v0.5/pretrain/segformer/mit_b2_20220624-66e8bf70.pth 

backbone.layers.2.1.5.norm2.weight - torch.Size([320]): 
PretrainedInit: load from https://download.openmmlab.com/mmsegmentation/v0.5/pretrain/segformer/mit_b2_20220624-66e8bf70.pth 

backbone.layers.2.1.5.norm2.bias - torch.Size([320]): 
PretrainedInit: load from https://download.openmmlab.com/mmsegmentation/v0.5/pretrain/segformer/mit_b2_20220624-66e8bf70.pth 

backbone.layers.2.1.5.ffn.layers.0.weight - torch.Size([1280, 320, 1, 1]): 
PretrainedInit: load from https://download.openmmlab.com/mmsegmentation/v0.5/pretrain/segformer/mit_b2_20220624-66e8bf70.pth 

backbone.layers.2.1.5.ffn.layers.0.bias - torch.Size([1280]): 
PretrainedInit: load from https://download.openmmlab.com/mmsegmentation/v0.5/pretrain/segformer/mit_b2_20220624-66e8bf70.pth 

backbone.layers.2.1.5.ffn.layers.1.weight - torch.Size([1280, 1, 3, 3]): 
PretrainedInit: load from https://download.openmmlab.com/mmsegmentation/v0.5/pretrain/segformer/mit_b2_20220624-66e8bf70.pth 

backbone.layers.2.1.5.ffn.layers.1.bias - torch.Size([1280]): 
PretrainedInit: load from https://download.openmmlab.com/mmsegmentation/v0.5/pretrain/segformer/mit_b2_20220624-66e8bf70.pth 

backbone.layers.2.1.5.ffn.layers.4.weight - torch.Size([320, 1280, 1, 1]): 
PretrainedInit: load from https://download.openmmlab.com/mmsegmentation/v0.5/pretrain/segformer/mit_b2_20220624-66e8bf70.pth 

backbone.layers.2.1.5.ffn.layers.4.bias - torch.Size([320]): 
PretrainedInit: load from https://download.openmmlab.com/mmsegmentation/v0.5/pretrain/segformer/mit_b2_20220624-66e8bf70.pth 

backbone.layers.2.2.weight - torch.Size([320]): 
PretrainedInit: load from https://download.openmmlab.com/mmsegmentation/v0.5/pretrain/segformer/mit_b2_20220624-66e8bf70.pth 

backbone.layers.2.2.bias - torch.Size([320]): 
PretrainedInit: load from https://download.openmmlab.com/mmsegmentation/v0.5/pretrain/segformer/mit_b2_20220624-66e8bf70.pth 

backbone.layers.3.0.projection.weight - torch.Size([512, 320, 3, 3]): 
PretrainedInit: load from https://download.openmmlab.com/mmsegmentation/v0.5/pretrain/segformer/mit_b2_20220624-66e8bf70.pth 

backbone.layers.3.0.projection.bias - torch.Size([512]): 
PretrainedInit: load from https://download.openmmlab.com/mmsegmentation/v0.5/pretrain/segformer/mit_b2_20220624-66e8bf70.pth 

backbone.layers.3.0.norm.weight - torch.Size([512]): 
PretrainedInit: load from https://download.openmmlab.com/mmsegmentation/v0.5/pretrain/segformer/mit_b2_20220624-66e8bf70.pth 

backbone.layers.3.0.norm.bias - torch.Size([512]): 
PretrainedInit: load from https://download.openmmlab.com/mmsegmentation/v0.5/pretrain/segformer/mit_b2_20220624-66e8bf70.pth 

backbone.layers.3.1.0.norm1.weight - torch.Size([512]): 
PretrainedInit: load from https://download.openmmlab.com/mmsegmentation/v0.5/pretrain/segformer/mit_b2_20220624-66e8bf70.pth 

backbone.layers.3.1.0.norm1.bias - torch.Size([512]): 
PretrainedInit: load from https://download.openmmlab.com/mmsegmentation/v0.5/pretrain/segformer/mit_b2_20220624-66e8bf70.pth 

backbone.layers.3.1.0.attn.attn.in_proj_weight - torch.Size([1536, 512]): 
PretrainedInit: load from https://download.openmmlab.com/mmsegmentation/v0.5/pretrain/segformer/mit_b2_20220624-66e8bf70.pth 

backbone.layers.3.1.0.attn.attn.in_proj_bias - torch.Size([1536]): 
PretrainedInit: load from https://download.openmmlab.com/mmsegmentation/v0.5/pretrain/segformer/mit_b2_20220624-66e8bf70.pth 

backbone.layers.3.1.0.attn.attn.out_proj.weight - torch.Size([512, 512]): 
PretrainedInit: load from https://download.openmmlab.com/mmsegmentation/v0.5/pretrain/segformer/mit_b2_20220624-66e8bf70.pth 

backbone.layers.3.1.0.attn.attn.out_proj.bias - torch.Size([512]): 
PretrainedInit: load from https://download.openmmlab.com/mmsegmentation/v0.5/pretrain/segformer/mit_b2_20220624-66e8bf70.pth 

backbone.layers.3.1.0.norm2.weight - torch.Size([512]): 
PretrainedInit: load from https://download.openmmlab.com/mmsegmentation/v0.5/pretrain/segformer/mit_b2_20220624-66e8bf70.pth 

backbone.layers.3.1.0.norm2.bias - torch.Size([512]): 
PretrainedInit: load from https://download.openmmlab.com/mmsegmentation/v0.5/pretrain/segformer/mit_b2_20220624-66e8bf70.pth 

backbone.layers.3.1.0.ffn.layers.0.weight - torch.Size([2048, 512, 1, 1]): 
PretrainedInit: load from https://download.openmmlab.com/mmsegmentation/v0.5/pretrain/segformer/mit_b2_20220624-66e8bf70.pth 

backbone.layers.3.1.0.ffn.layers.0.bias - torch.Size([2048]): 
PretrainedInit: load from https://download.openmmlab.com/mmsegmentation/v0.5/pretrain/segformer/mit_b2_20220624-66e8bf70.pth 

backbone.layers.3.1.0.ffn.layers.1.weight - torch.Size([2048, 1, 3, 3]): 
PretrainedInit: load from https://download.openmmlab.com/mmsegmentation/v0.5/pretrain/segformer/mit_b2_20220624-66e8bf70.pth 

backbone.layers.3.1.0.ffn.layers.1.bias - torch.Size([2048]): 
PretrainedInit: load from https://download.openmmlab.com/mmsegmentation/v0.5/pretrain/segformer/mit_b2_20220624-66e8bf70.pth 

backbone.layers.3.1.0.ffn.layers.4.weight - torch.Size([512, 2048, 1, 1]): 
PretrainedInit: load from https://download.openmmlab.com/mmsegmentation/v0.5/pretrain/segformer/mit_b2_20220624-66e8bf70.pth 

backbone.layers.3.1.0.ffn.layers.4.bias - torch.Size([512]): 
PretrainedInit: load from https://download.openmmlab.com/mmsegmentation/v0.5/pretrain/segformer/mit_b2_20220624-66e8bf70.pth 

backbone.layers.3.1.1.norm1.weight - torch.Size([512]): 
PretrainedInit: load from https://download.openmmlab.com/mmsegmentation/v0.5/pretrain/segformer/mit_b2_20220624-66e8bf70.pth 

backbone.layers.3.1.1.norm1.bias - torch.Size([512]): 
PretrainedInit: load from https://download.openmmlab.com/mmsegmentation/v0.5/pretrain/segformer/mit_b2_20220624-66e8bf70.pth 

backbone.layers.3.1.1.attn.attn.in_proj_weight - torch.Size([1536, 512]): 
PretrainedInit: load from https://download.openmmlab.com/mmsegmentation/v0.5/pretrain/segformer/mit_b2_20220624-66e8bf70.pth 

backbone.layers.3.1.1.attn.attn.in_proj_bias - torch.Size([1536]): 
PretrainedInit: load from https://download.openmmlab.com/mmsegmentation/v0.5/pretrain/segformer/mit_b2_20220624-66e8bf70.pth 

backbone.layers.3.1.1.attn.attn.out_proj.weight - torch.Size([512, 512]): 
PretrainedInit: load from https://download.openmmlab.com/mmsegmentation/v0.5/pretrain/segformer/mit_b2_20220624-66e8bf70.pth 

backbone.layers.3.1.1.attn.attn.out_proj.bias - torch.Size([512]): 
PretrainedInit: load from https://download.openmmlab.com/mmsegmentation/v0.5/pretrain/segformer/mit_b2_20220624-66e8bf70.pth 

backbone.layers.3.1.1.norm2.weight - torch.Size([512]): 
PretrainedInit: load from https://download.openmmlab.com/mmsegmentation/v0.5/pretrain/segformer/mit_b2_20220624-66e8bf70.pth 

backbone.layers.3.1.1.norm2.bias - torch.Size([512]): 
PretrainedInit: load from https://download.openmmlab.com/mmsegmentation/v0.5/pretrain/segformer/mit_b2_20220624-66e8bf70.pth 

backbone.layers.3.1.1.ffn.layers.0.weight - torch.Size([2048, 512, 1, 1]): 
PretrainedInit: load from https://download.openmmlab.com/mmsegmentation/v0.5/pretrain/segformer/mit_b2_20220624-66e8bf70.pth 

backbone.layers.3.1.1.ffn.layers.0.bias - torch.Size([2048]): 
PretrainedInit: load from https://download.openmmlab.com/mmsegmentation/v0.5/pretrain/segformer/mit_b2_20220624-66e8bf70.pth 

backbone.layers.3.1.1.ffn.layers.1.weight - torch.Size([2048, 1, 3, 3]): 
PretrainedInit: load from https://download.openmmlab.com/mmsegmentation/v0.5/pretrain/segformer/mit_b2_20220624-66e8bf70.pth 

backbone.layers.3.1.1.ffn.layers.1.bias - torch.Size([2048]): 
PretrainedInit: load from https://download.openmmlab.com/mmsegmentation/v0.5/pretrain/segformer/mit_b2_20220624-66e8bf70.pth 

backbone.layers.3.1.1.ffn.layers.4.weight - torch.Size([512, 2048, 1, 1]): 
PretrainedInit: load from https://download.openmmlab.com/mmsegmentation/v0.5/pretrain/segformer/mit_b2_20220624-66e8bf70.pth 

backbone.layers.3.1.1.ffn.layers.4.bias - torch.Size([512]): 
PretrainedInit: load from https://download.openmmlab.com/mmsegmentation/v0.5/pretrain/segformer/mit_b2_20220624-66e8bf70.pth 

backbone.layers.3.1.2.norm1.weight - torch.Size([512]): 
PretrainedInit: load from https://download.openmmlab.com/mmsegmentation/v0.5/pretrain/segformer/mit_b2_20220624-66e8bf70.pth 

backbone.layers.3.1.2.norm1.bias - torch.Size([512]): 
PretrainedInit: load from https://download.openmmlab.com/mmsegmentation/v0.5/pretrain/segformer/mit_b2_20220624-66e8bf70.pth 

backbone.layers.3.1.2.attn.attn.in_proj_weight - torch.Size([1536, 512]): 
PretrainedInit: load from https://download.openmmlab.com/mmsegmentation/v0.5/pretrain/segformer/mit_b2_20220624-66e8bf70.pth 

backbone.layers.3.1.2.attn.attn.in_proj_bias - torch.Size([1536]): 
PretrainedInit: load from https://download.openmmlab.com/mmsegmentation/v0.5/pretrain/segformer/mit_b2_20220624-66e8bf70.pth 

backbone.layers.3.1.2.attn.attn.out_proj.weight - torch.Size([512, 512]): 
PretrainedInit: load from https://download.openmmlab.com/mmsegmentation/v0.5/pretrain/segformer/mit_b2_20220624-66e8bf70.pth 

backbone.layers.3.1.2.attn.attn.out_proj.bias - torch.Size([512]): 
PretrainedInit: load from https://download.openmmlab.com/mmsegmentation/v0.5/pretrain/segformer/mit_b2_20220624-66e8bf70.pth 

backbone.layers.3.1.2.norm2.weight - torch.Size([512]): 
PretrainedInit: load from https://download.openmmlab.com/mmsegmentation/v0.5/pretrain/segformer/mit_b2_20220624-66e8bf70.pth 

backbone.layers.3.1.2.norm2.bias - torch.Size([512]): 
PretrainedInit: load from https://download.openmmlab.com/mmsegmentation/v0.5/pretrain/segformer/mit_b2_20220624-66e8bf70.pth 

backbone.layers.3.1.2.ffn.layers.0.weight - torch.Size([2048, 512, 1, 1]): 
PretrainedInit: load from https://download.openmmlab.com/mmsegmentation/v0.5/pretrain/segformer/mit_b2_20220624-66e8bf70.pth 

backbone.layers.3.1.2.ffn.layers.0.bias - torch.Size([2048]): 
PretrainedInit: load from https://download.openmmlab.com/mmsegmentation/v0.5/pretrain/segformer/mit_b2_20220624-66e8bf70.pth 

backbone.layers.3.1.2.ffn.layers.1.weight - torch.Size([2048, 1, 3, 3]): 
PretrainedInit: load from https://download.openmmlab.com/mmsegmentation/v0.5/pretrain/segformer/mit_b2_20220624-66e8bf70.pth 

backbone.layers.3.1.2.ffn.layers.1.bias - torch.Size([2048]): 
PretrainedInit: load from https://download.openmmlab.com/mmsegmentation/v0.5/pretrain/segformer/mit_b2_20220624-66e8bf70.pth 

backbone.layers.3.1.2.ffn.layers.4.weight - torch.Size([512, 2048, 1, 1]): 
PretrainedInit: load from https://download.openmmlab.com/mmsegmentation/v0.5/pretrain/segformer/mit_b2_20220624-66e8bf70.pth 

backbone.layers.3.1.2.ffn.layers.4.bias - torch.Size([512]): 
PretrainedInit: load from https://download.openmmlab.com/mmsegmentation/v0.5/pretrain/segformer/mit_b2_20220624-66e8bf70.pth 

backbone.layers.3.2.weight - torch.Size([512]): 
PretrainedInit: load from https://download.openmmlab.com/mmsegmentation/v0.5/pretrain/segformer/mit_b2_20220624-66e8bf70.pth 

backbone.layers.3.2.bias - torch.Size([512]): 
PretrainedInit: load from https://download.openmmlab.com/mmsegmentation/v0.5/pretrain/segformer/mit_b2_20220624-66e8bf70.pth 

decode_head.conv_seg.weight - torch.Size([2, 256, 1, 1]): 
NormalInit: mean=0, std=0.01, bias=0 

decode_head.conv_seg.bias - torch.Size([2]): 
NormalInit: mean=0, std=0.01, bias=0 

decode_head.convs.0.conv.weight - torch.Size([256, 64, 1, 1]): 
The value is the same before and after calling `init_weights` of EncoderDecoder  

decode_head.convs.0.bn.weight - torch.Size([256]): 
The value is the same before and after calling `init_weights` of EncoderDecoder  

decode_head.convs.0.bn.bias - torch.Size([256]): 
The value is the same before and after calling `init_weights` of EncoderDecoder  

decode_head.convs.1.conv.weight - torch.Size([256, 128, 1, 1]): 
The value is the same before and after calling `init_weights` of EncoderDecoder  

decode_head.convs.1.bn.weight - torch.Size([256]): 
The value is the same before and after calling `init_weights` of EncoderDecoder  

decode_head.convs.1.bn.bias - torch.Size([256]): 
The value is the same before and after calling `init_weights` of EncoderDecoder  

decode_head.convs.2.conv.weight - torch.Size([256, 320, 1, 1]): 
The value is the same before and after calling `init_weights` of EncoderDecoder  

decode_head.convs.2.bn.weight - torch.Size([256]): 
The value is the same before and after calling `init_weights` of EncoderDecoder  

decode_head.convs.2.bn.bias - torch.Size([256]): 
The value is the same before and after calling `init_weights` of EncoderDecoder  

decode_head.convs.3.conv.weight - torch.Size([256, 512, 1, 1]): 
The value is the same before and after calling `init_weights` of EncoderDecoder  

decode_head.convs.3.bn.weight - torch.Size([256]): 
The value is the same before and after calling `init_weights` of EncoderDecoder  

decode_head.convs.3.bn.bias - torch.Size([256]): 
The value is the same before and after calling `init_weights` of EncoderDecoder  

decode_head.fusion_conv.conv.weight - torch.Size([256, 1024, 1, 1]): 
Initialized by user-defined `init_weights` in ConvModule  

decode_head.fusion_conv.bn.weight - torch.Size([256]): 
The value is the same before and after calling `init_weights` of EncoderDecoder  

decode_head.fusion_conv.bn.bias - torch.Size([256]): 
The value is the same before and after calling `init_weights` of EncoderDecoder  
2026/07/17 04:28:57 - mmengine - WARNING - "FileClient" will be deprecated in future. Please use io functions in https://mmengine.readthedocs.io/en/latest/api/fileio.html#file-io
2026/07/17 04:28:57 - mmengine - WARNING - "HardDiskBackend" is the alias of "LocalBackend" and the former will be deprecated in future.
2026/07/17 04:28:57 - mmengine - INFO - Checkpoints will be saved to /home/panuwat/project/model/segformer/work_dirs/segformer_v2.0.0.
2026/07/17 04:29:19 - mmengine - INFO - Iter(train) [    50/160000]  base_lr: 3.2689e-07 lr: 3.2689e-08  eta: 19:12:16  time: 0.3240  data_time: 0.0112  memory: 6196  loss: 0.9722  decode.loss_ce: 0.6072  decode.loss_dice: 0.3650  decode.acc_seg: 57.5347
2026/07/17 04:29:35 - mmengine - INFO - Iter(train) [   100/160000]  base_lr: 6.6045e-07 lr: 6.6045e-08  eta: 16:47:13  time: 0.3236  data_time: 0.0113  memory: 6145  loss: 0.9461  decode.loss_ce: 0.5811  decode.loss_dice: 0.3650  decode.acc_seg: 77.0038
2026/07/17 04:29:51 - mmengine - INFO - Iter(train) [   150/160000]  base_lr: 9.9401e-07 lr: 9.9401e-08  eta: 15:47:45  time: 0.3203  data_time: 0.0109  memory: 6144  loss: 0.9026  decode.loss_ce: 0.5504  decode.loss_dice: 0.3522  decode.acc_seg: 90.2386
2026/07/17 04:30:07 - mmengine - INFO - Iter(train) [   200/160000]  base_lr: 1.3276e-06 lr: 1.3276e-07  eta: 15:23:54  time: 0.3180  data_time: 0.0111  memory: 6143  loss: 0.8417  decode.loss_ce: 0.5048  decode.loss_dice: 0.3369  decode.acc_seg: 99.0384
2026/07/17 04:30:22 - mmengine - INFO - Iter(train) [   250/160000]  base_lr: 1.6611e-06 lr: 1.6611e-07  eta: 15:03:09  time: 0.3155  data_time: 0.0112  memory: 6146  loss: 0.7749  decode.loss_ce: 0.4306  decode.loss_dice: 0.3444  decode.acc_seg: 90.1543
2026/07/17 04:30:38 - mmengine - INFO - Iter(train) [   300/160000]  base_lr: 1.9947e-06 lr: 1.9947e-07  eta: 14:56:38  time: 0.3220  data_time: 0.0116  memory: 6145  loss: 0.7134  decode.loss_ce: 0.4186  decode.loss_dice: 0.2948  decode.acc_seg: 94.9175
2026/07/17 04:30:54 - mmengine - INFO - Iter(train) [   350/160000]  base_lr: 2.3282e-06 lr: 2.3282e-07  eta: 14:44:49  time: 0.3213  data_time: 0.0110  memory: 6145  loss: 0.6365  decode.loss_ce: 0.3574  decode.loss_dice: 0.2790  decode.acc_seg: 98.1108
2026/07/17 04:31:10 - mmengine - INFO - Iter(train) [   400/160000]  base_lr: 2.6618e-06 lr: 2.6618e-07  eta: 14:41:31  time: 0.3183  data_time: 0.0110  memory: 6145  loss: 0.5512  decode.loss_ce: 0.2992  decode.loss_dice: 0.2520  decode.acc_seg: 99.6202
2026/07/17 04:31:25 - mmengine - INFO - Iter(train) [   450/160000]  base_lr: 2.9953e-06 lr: 2.9953e-07  eta: 14:34:20  time: 0.3237  data_time: 0.0112  memory: 6146  loss: 0.4880  decode.loss_ce: 0.2668  decode.loss_dice: 0.2213  decode.acc_seg: 98.1169
2026/07/17 04:31:42 - mmengine - INFO - Iter(train) [   500/160000]  base_lr: 3.3289e-06 lr: 3.3289e-07  eta: 14:33:06  time: 0.3295  data_time: 0.0114  memory: 6145  loss: 0.4531  decode.loss_ce: 0.2644  decode.loss_dice: 0.1888  decode.acc_seg: 99.6338
