version,category,case_id,image_path,mask_path,width,height,threshold_percent,tp,fp,fn,tn,mIoU_percent,mDice_percent,background_IoU_percent,background_Dice_percent,forgery_IoU_percent,forgery_Dice_percent,accuracy_percent,false_positive_rate_percent,det_score,det_pred_label,det_correct
v1.0.0,authentic,authentic/au_usb_000000000036_jpg,/home/panuwat/Pictures/Test-Cases/with_mask/authentic/images/test/au_usb_000000000036_jpg.png,/home/panuwat/Pictures/Test-Cases/with_mask/authentic/annotations/test/au_usb_000000000036_jpg.png,481,640,50.0,0,0,0,307840,100.0,100.0,100.0,100.0,,,100.0,0.0,,,
v1.0.0,authentic,authentic/au_usb_000000000092_jpg,/home/panuwat/Pictures/Test-Cases/with_mask/authentic/images/test/au_usb_000000000092_jpg.png,/home/panuwat/Pictures/Test-Cases/with_mask/authentic/annotations/test/au_usb_000000000092_jpg.png,640,427,50.0,0,0,0,273280,100.0,100.0,100.0,100.0,,,100.0,0.0,,,
v1.0.0,authentic,authentic/au_usb_000000000247_jpg,/home/panuwat/Pictures/Test-Cases/with_mask/authentic/images/test/au_usb_000000000247_jpg.png,/home/panuwat/Pictures/Test-Cases/with_mask/authentic/annotations/test/au_usb_000000000247_jpg.png,640,424,50.0,0,0,0,271360,100.0,100.0,100.0,100.0,,,100.0,0.0,,,
v1.0.0,authentic,authentic/au_usb_000000000263_jpg,/home/panuwat/Pictures/Test-Cases/with_mask/authentic/images/test/au_usb_000000000263_jpg.png,/home/panuwat/Pictures/Test-Cases/with_mask/authentic/annotations/test/au_usb_000000000263_jpg.png,591,640,50.0,0,0,0,378240,100.0,100.0,100.0,100.0,,,100.0,0.0,,,
v1.0.0,authentic,authentic/au_usb_000000000322_jpg,/home/panuwat/Pictures/Test-Cases/with_mask/authentic/images/test/au_usb_000000000322_jpg.png,/home/panuwat/Pictures/Test-Cases/with_mask/authentic/annotations/test/au_usb_000000000322_jpg.png,640,481,50.0,0,46,0,307794,49.992529,49.996264,99.985057,99.992528,0.0,0.0,99.985057,0.014943,,,
v1.0.0,authentic,authentic/au_usb_000000000359_jpg,/home/panuwat/Pictures/Test-Cases/with_mask/authentic/images/test/au_usb_000000000359_jpg.png,/home/panuwat/Pictures/Test-Cases/with_mask/authentic/annotations/test/au_usb_000000000359_jpg.png,500,332,50.0,0,1040,0,164960,49.686747,49.842881,99.373494,99.685763,0.0,0.0,99.373494,0.626506,,,
v1.0.0,authentic,authentic/au_usb_000000000360_jpg,/home/panuwat/Pictures/Test-Cases/with_mask/authentic/images/test/au_usb_000000000360_jpg.png,/home/panuwat/Pictures/Test-Cases/with_mask/authentic/annotations/test/au_usb_000000000360_jpg.png,500,375,50.0,0,0,0,187500,100.0,100.0,100.0,100.0,,,100.0,0.0,,,
v1.0.0,authentic,authentic/au_usb_000000000488_jpg,/home/panuwat/Pictures/Test-Cases/with_mask/authentic/images/test/au_usb_000000000488_jpg.png,/home/panuwat/Pictures/Test-Cases/with_mask/authentic/annotations/test/au_usb_000000000488_jpg.png,640,406,50.0,0,0,0,259840,100.0,100.0,100.0,100.0,,,100.0,0.0,,,
v1.0.0,authentic,authentic/au_usb_000000000529_jpg,/home/panuwat/Pictures/Test-Cases/with_mask/authentic/images/test/au_usb_000000000529_jpg.png,/home/panuwat/Pictures/Test-Cases/with_mask/authentic/annotations/test/au_usb_000000000529_jpg.png,427,640,50.0,0,0,0,273280,100.0,100.0,100.0,100.0,,,100.0,0.0,,,
v1.0.0,authentic,authentic/au_usb_000000000532_jpg,/home/panuwat/Pictures/Test-Cases/with_mask/authentic/images/test/au_usb_000000000532_jpg.png,/home/panuwat/Pictures/Test-Cases/with_mask/authentic/annotations/test/au_usb_000000000532_jpg.png,640,480,50.0,0,0,0,307200,100.0,100.0,100.0,100.0,,,100.0,0.0,,,
v1.0.0,authentic,authentic/au_usb_000000000612_jpg,/home/panuwat/Pictures/Test-Cases/with_mask/authentic/images/test/au_usb_000000000612_jpg.png,/home/panuwat/Pictures/Test-Cases/with_mask/authentic/annotations/test/au_usb_000000000612_jpg.png,640,480,50.0,0,0,0,307200,100.0,100.0,100.0,100.0,,,100.0,0.0,,,
v1.0.0,authentic,authentic/au_usb_000000000650_jpg,/home/panuwat/Pictures/Test-Cases/with_mask/authentic/images/test/au_usb_000000000650_jpg.png,/home/panuwat/Pictures/Test-Cases/with_mask/authentic/annotations/test/au_usb_000000000650_jpg.png,640,427,50.0,0,0,0,273280,100.0,100.0,100.0,100.0,,,100.0,0.0,,,
v1.0.0,authentic,authentic/au_usb_000000000656_jpg,/home/panuwat/Pictures/Test-Cases/with_mask/authentic/images/test/au_usb_000000000656_jpg.png,/home/panuwat/Pictures/Test-Cases/with_mask/authentic/annotations/test/au_usb_000000000656_jpg.png,640,472,50.0,0,0,0,302080,100.0,100.0,100.0,100.0,,,100.0,0.0,,,
v1.0.0,authentic,authentic/au_usb_000000000693_jpg,/home/panuwat/Pictures/Test-Cases/with_mask/authentic/images/test/au_usb_000000000693_jpg.png,/home/panuwat/Pictures/Test-Cases/with_mask/authentic/annotations/test/au_usb_000000000693_jpg.png,640,428,50.0,0,0,0,273920,100.0,100.0,100.0,100.0,,,100.0,0.0,,,
v1.0.0,authentic,authentic/au_usb_000000000801_jpg,/home/panuwat/Pictures/Test-Cases/with_mask/authentic/images/test/au_usb_000000000801_jpg.png,/home/panuwat/Pictures/Test-Cases/with_mask/authentic/annotations/test/au_usb_000000000801_jpg.png,640,360,50.0,0,0,0,230400,100.0,100.0,100.0,100.0,,,100.0,0.0,,,
v1.0.0,casia,casia/tp_casia_Tp_D_CNN_M_N_txt00054_txt00050_10375_tif,/home/panuwat/Pictures/Test-Cases/with_mask/casia/images/test/tp_casia_Tp_D_CNN_M_N_txt00054_txt00050_10375_tif.png,/home/panuwat/Pictures/Test-Cases/with_mask/casia/annotations/test/tp_casia_Tp_D_CNN_M_N_txt00054_txt00050_10375_tif.png,384,256,50.0,9515,12040,43859,32890,25.794346,39.728825,37.042877,54.060273,14.545816,25.397376,43.136597,26.79724,,,
v1.0.0,casia,casia/tp_casia_Tp_D_CNN_S_B_txt00055_txt00047_11328_jpg,/home/panuwat/Pictures/Test-Cases/with_mask/casia/images/test/tp_casia_Tp_D_CNN_S_B_txt00055_txt00047_11328_jpg.png,/home/panuwat/Pictures/Test-Cases/with_mask/casia/annotations/test/tp_casia_Tp_D_CNN_S_B_txt00055_txt00047_11328_jpg.png,384,256,50.0,382,12323,11821,73778,38.450586,44.502776,75.343641,85.938264,1.557531,3.067288,75.439453,14.312261,,,
v1.0.0,casia,casia/tp_casia_Tp_D_CNN_S_N_art00001_ani00074_10442_tif,/home/panuwat/Pictures/Test-Cases/with_mask/casia/images/test/tp_casia_Tp_D_CNN_S_N_art00001_ani00074_10442_tif.png,/home/panuwat/Pictures/Test-Cases/with_mask/casia/annotations/test/tp_casia_Tp_D_CNN_S_N_art00001_ani00074_10442_tif.png,384,256,50.0,1688,4609,53640,38367,21.263552,31.162727,39.710814,56.847159,2.81629,5.478296,40.746053,10.72459,,,
v1.0.0,casia,casia/tp_casia_Tp_D_CNN_S_N_art00011_art00014_11841_jpg,/home/panuwat/Pictures/Test-Cases/with_mask/casia/images/test/tp_casia_Tp_D_CNN_S_N_art00011_art00014_11841_jpg.png,/home/panuwat/Pictures/Test-Cases/with_mask/casia/annotations/test/tp_casia_Tp_D_CNN_S_N_art00011_art00014_11841_jpg.png,384,256,50.0,4600,484,18225,74995,49.884402,60.937055,80.033937,88.909833,19.734866,32.964277,80.968221,0.641238,,,
v1.0.0,casia,casia/tp_casia_Tp_D_CNN_S_N_cha00044_cha00043_00364_tif,/home/panuwat/Pictures/Test-Cases/with_mask/casia/images/test/tp_casia_Tp_D_CNN_S_N_cha00044_cha00043_00364_tif.png,/home/panuwat/Pictures/Test-Cases/with_mask/casia/annotations/test/tp_casia_Tp_D_CNN_S_N_cha00044_cha00043_00364_tif.png,384,256,50.0,468,683,22666,74487,39.049767,45.152338,76.134552,86.450445,1.964983,3.854231,76.248169,0.908607,,,
v1.0.0,casia,casia/tp_casia_Tp_D_CNN_S_N_cha10122_nat10124_12167_jpg,/home/panuwat/Pictures/Test-Cases/with_mask/casia/images/test/tp_casia_Tp_D_CNN_S_N_cha10122_nat10124_12167_jpg.png,/home/panuwat/Pictures/Test-Cases/with_mask/casia/annotations/test/tp_casia_Tp_D_CNN_S_N_cha10122_nat10124_12167_jpg.png,518,800,50.0,27006,15823,166108,205463,32.981323,46.102403,53.037218,69.312836,12.925427,22.89197,56.097732,7.150475,,,
v1.0.0,casia,casia/tp_casia_Tp_D_CNN_S_N_cha10122_nat10139_12166_jpg,/home/panuwat/Pictures/Test-Cases/with_mask/casia/images/test/tp_casia_Tp_D_CNN_S_N_cha10122_nat10139_12166_jpg.png,/home/panuwat/Pictures/Test-Cases/with_mask/casia/annotations/test/tp_casia_Tp_D_CNN_S_N_cha10122_nat10139_12166_jpg.png,518,800,50.0,40762,267,167464,205907,37.329732,51.882612,55.108688,71.058158,19.550776,32.707067,59.524373,0.129502,,,
v1.0.0,casia,casia/tp_casia_Tp_D_CNN_S_N_txt00051_txt00051_10376_tif,/home/panuwat/Pictures/Test-Cases/with_mask/casia/images/test/tp_casia_Tp_D_CNN_S_N_txt00051_txt00051_10376_tif.png,/home/panuwat/Pictures/Test-Cases/with_mask/casia/annotations/test/tp_casia_Tp_D_CNN_S_N_txt00051_txt00051_10376_tif.png,384,256,50.0,5386,9753,39294,43871,28.554741,41.075852,47.214748,64.144047,9.894733,18.007656,50.106812,18.187752,,,
v1.0.0,casia,casia/tp_casia_Tp_D_CRD_M_N_nat00048_nat00049_11067_jpg,/home/panuwat/Pictures/Test-Cases/with_mask/casia/images/test/tp_casia_Tp_D_CRD_M_N_nat00048_nat00049_11067_jpg.png,/home/panuwat/Pictures/Test-Cases/with_mask/casia/annotations/test/tp_casia_Tp_D_CRD_M_N_nat00048_nat00049_11067_jpg.png,384,256,50.0,0,1644,44711,51949,26.422628,34.574351,52.845256,69.148703,0.0,0.0,52.845256,3.067565,,,
v1.0.0,casia,casia/tp_casia_Tp_D_CRD_S_N_ind00029_ind00088_00444_tif,/home/panuwat/Pictures/Test-Cases/with_mask/casia/images/test/tp_casia_Tp_D_CRD_S_N_ind00029_ind00088_00444_tif.png,/home/panuwat/Pictures/Test-Cases/with_mask/casia/annotations/test/tp_casia_Tp_D_CRD_S_N_ind00029_ind00088_00444_tif.png,384,256,50.0,22,2619,3803,91860,46.903572,48.651503,93.465741,96.622524,0.341403,0.680483,93.467204,2.772045,,,
v1.0.0,casia,casia/tp_casia_Tp_D_CRN_M_N_ani10112_ani00100_11648_jpg,/home/panuwat/Pictures/Test-Cases/with_mask/casia/images/test/tp_casia_Tp_D_CRN_M_N_ani10112_ani00100_11648_jpg.png,/home/panuwat/Pictures/Test-Cases/with_mask/casia/annotations/test/tp_casia_Tp_D_CRN_M_N_ani10112_ani00100_11648_jpg.png,384,256,50.0,5645,2454,56486,33719,22.56542,34.718943,36.390421,53.362136,8.74042,16.075751,40.043132,6.784065,,,
v1.0.0,casia,casia/tp_casia_Tp_D_CRN_M_N_ani10117_ani00100_11642_jpg,/home/panuwat/Pictures/Test-Cases/with_mask/casia/images/test/tp_casia_Tp_D_CRN_M_N_ani10117_ani00100_11642_jpg.png,/home/panuwat/Pictures/Test-Cases/with_mask/casia/annotations/test/tp_casia_Tp_D_CRN_M_N_ani10117_ani00100_11642_jpg.png,384,256,50.0,9268,4976,32588,51472,38.800106,53.153289,57.810324,73.265579,19.789887,33.040998,61.787923,8.815193,,,
v1.0.0,casia,casia/tp_casia_Tp_D_CRN_M_N_arc00008_nat10122_11773_jpg,/home/panuwat/Pictures/Test-Cases/with_mask/casia/images/test/tp_casia_Tp_D_CRN_M_N_arc00008_nat10122_11773_jpg.png,/home/panuwat/Pictures/Test-Cases/with_mask/casia/annotations/test/tp_casia_Tp_D_CRN_M_N_arc00008_nat10122_11773_jpg.png,384,256,50.0,23476,4595,19448,50785,58.636188,73.49685,67.86898,80.859465,49.403397,66.134235,75.542196,8.297219,,,
v1.0.0,casia,casia/tp_casia_Tp_D_CRN_M_N_cha10108_cha00027_11666_jpg,/home/panuwat/Pictures/Test-Cases/with_mask/casia/images/test/tp_casia_Tp_D_CRN_M_N_cha10108_cha00027_11666_jpg.png,/home/panuwat/Pictures/Test-Cases/with_mask/casia/annotations/test/tp_casia_Tp_D_CRN_M_N_cha10108_cha00027_11666_jpg.png,384,256,50.0,446,138,39252,58468,30.433694,38.508522,59.747798,74.802656,1.11959,2.214389,59.93042,0.235471,,,
v1.0.0,casia,casia/tp_casia_Tp_D_CRN_M_N_cha10108_cha00040_11665_jpg,/home/panuwat/Pictures/Test-Cases/with_mask/casia/images/test/tp_casia_Tp_D_CRN_M_N_cha10108_cha00040_11665_jpg.png,/home/panuwat/Pictures/Test-Cases/with_mask/casia/annotations/test/tp_casia_Tp_D_CRN_M_N_cha10108_cha00040_11665_jpg.png,384,256,50.0,1096,790,37106,59312,31.913194,40.628184,61.015554,75.788398,2.810833,5.46797,61.450195,1.314432,,,
v1.0.0,copymove,copymove/tp_copymove_0_000000001596_tif,/home/panuwat/Pictures/Test-Cases/with_mask/copymove/images/test/tp_copymove_0_000000001596_tif.png,/home/panuwat/Pictures/Test-Cases/with_mask/copymove/annotations/test/tp_copymove_0_000000001596_tif.png,500,419,50.0,0,3,1006,208491,49.759189,49.879304,99.518377,99.758607,0.0,0.0,99.518377,0.001439,,,
v1.0.0,copymove,copymove/tp_copymove_0_000000001697_tif,/home/panuwat/Pictures/Test-Cases/with_mask/copymove/images/test/tp_copymove_0_000000001697_tif.png,/home/panuwat/Pictures/Test-Cases/with_mask/copymove/annotations/test/tp_copymove_0_000000001697_tif.png,500,375,50.0,0,0,2849,184651,49.240267,49.617225,98.480533,99.234451,0.0,0.0,98.480533,0.0,,,
v1.0.0,copymove,copymove/tp_copymove_0_000000003693_tif,/home/panuwat/Pictures/Test-Cases/with_mask/copymove/images/test/tp_copymove_0_000000003693_tif.png,/home/panuwat/Pictures/Test-Cases/with_mask/copymove/annotations/test/tp_copymove_0_000000003693_tif.png,640,428,50.0,0,0,527,273393,49.903804,49.951856,99.807608,99.903711,0.0,0.0,99.807608,0.0,,,
v1.0.0,copymove,copymove/tp_copymove_0_000000004051_tif,/home/panuwat/Pictures/Test-Cases/with_mask/copymove/images/test/tp_copymove_0_000000004051_tif.png,/home/panuwat/Pictures/Test-Cases/with_mask/copymove/annotations/test/tp_copymove_0_000000004051_tif.png,480,640,50.0,0,0,777,306423,49.873535,49.936688,99.74707,99.873375,0.0,0.0,99.74707,0.0,,,
v1.0.0,copymove,copymove/tp_copymove_0_000000006363_tif,/home/panuwat/Pictures/Test-Cases/with_mask/copymove/images/test/tp_copymove_0_000000006363_tif.png,/home/panuwat/Pictures/Test-Cases/with_mask/copymove/annotations/test/tp_copymove_0_000000006363_tif.png,640,480,50.0,0,0,10088,297112,48.358073,49.165332,96.716146,98.330664,0.0,0.0,96.716146,0.0,,,
v1.0.0,copymove,copymove/tp_copymove_0_000000006432_tif,/home/panuwat/Pictures/Test-Cases/with_mask/copymove/images/test/tp_copymove_0_000000006432_tif.png,/home/panuwat/Pictures/Test-Cases/with_mask/copymove/annotations/test/tp_copymove_0_000000006432_tif.png,491,640,50.0,0,0,9344,304896,48.513238,49.2454,97.026477,98.4908,0.0,0.0,97.026477,0.0,,,
v1.0.0,copymove,copymove/tp_copymove_0_000000008119_tif,/home/panuwat/Pictures/Test-Cases/with_mask/copymove/images/test/tp_copymove_0_000000008119_tif.png,/home/panuwat/Pictures/Test-Cases/with_mask/copymove/annotations/test/tp_copymove_0_000000008119_tif.png,640,480,50.0,0,0,328,306872,49.946615,49.973293,99.893229,99.946586,0.0,0.0,99.893229,0.0,,,
v1.0.0,copymove,copymove/tp_copymove_0_000000009170_tif,/home/panuwat/Pictures/Test-Cases/with_mask/copymove/images/test/tp_copymove_0_000000009170_tif.png,/home/panuwat/Pictures/Test-Cases/with_mask/copymove/annotations/test/tp_copymove_0_000000009170_tif.png,640,383,50.0,0,0,21756,223364,45.562174,47.678042,91.124347,95.356085,0.0,0.0,91.124347,0.0,,,
v1.0.0,copymove,copymove/tp_copymove_0_000000009960_tif,/home/panuwat/Pictures/Test-Cases/with_mask/copymove/images/test/tp_copymove_0_000000009960_tif.png,/home/panuwat/Pictures/Test-Cases/with_mask/copymove/annotations/test/tp_copymove_0_000000009960_tif.png,640,427,50.0,0,0,394,272886,49.927913,49.96393,99.855826,99.927861,0.0,0.0,99.855826,0.0,,,
v1.0.0,copymove,copymove/tp_copymove_0_000000011075_tif,/home/panuwat/Pictures/Test-Cases/with_mask/copymove/images/test/tp_copymove_0_000000011075_tif.png,/home/panuwat/Pictures/Test-Cases/with_mask/copymove/annotations/test/tp_copymove_0_000000011075_tif.png,640,480,50.0,0,0,31694,275506,44.841471,47.280447,89.682943,94.560893,0.0,0.0,89.682943,0.0,,,
v1.0.0,copymove,copymove/tp_copymove_0_000000011701_tif,/home/panuwat/Pictures/Test-Cases/with_mask/copymove/images/test/tp_copymove_0_000000011701_tif.png,/home/panuwat/Pictures/Test-Cases/with_mask/copymove/annotations/test/tp_copymove_0_000000011701_tif.png,612,612,50.0,174,0,44740,329630,44.218332,47.208355,88.049256,93.644886,0.387407,0.771824,88.054808,0.0,,,
v1.0.0,copymove,copymove/tp_copymove_0_000000012711_tif,/home/panuwat/Pictures/Test-Cases/with_mask/copymove/images/test/tp_copymove_0_000000012711_tif.png,/home/panuwat/Pictures/Test-Cases/with_mask/copymove/annotations/test/tp_copymove_0_000000012711_tif.png,640,480,50.0,0,0,2501,304699,49.592936,49.795636,99.185872,99.591272,0.0,0.0,99.185872,0.0,,,
v1.0.0,copymove,copymove/tp_copymove_0_000000012881_tif,/home/panuwat/Pictures/Test-Cases/with_mask/copymove/images/test/tp_copymove_0_000000012881_tif.png,/home/panuwat/Pictures/Test-Cases/with_mask/copymove/annotations/test/tp_copymove_0_000000012881_tif.png,640,428,50.0,0,0,7419,266501,48.645772,49.313591,97.291545,98.627181,0.0,0.0,97.291545,0.0,,,
v1.0.0,copymove,copymove/tp_copymove_0_000000012953_tif,/home/panuwat/Pictures/Test-Cases/with_mask/copymove/images/test/tp_copymove_0_000000012953_tif.png,/home/panuwat/Pictures/Test-Cases/with_mask/copymove/annotations/test/tp_copymove_0_000000012953_tif.png,640,433,50.0,0,0,12906,264214,47.671406,48.807945,95.342812,97.61589,0.0,0.0,95.342812,0.0,,,
v1.0.0,copymove,copymove/tp_copymove_0_000000013202_tif,/home/panuwat/Pictures/Test-Cases/with_mask/copymove/images/test/tp_copymove_0_000000013202_tif.png,/home/panuwat/Pictures/Test-Cases/with_mask/copymove/annotations/test/tp_copymove_0_000000013202_tif.png,427,640,50.0,0,0,9363,263917,48.286922,49.128532,96.573844,98.257064,0.0,0.0,96.573844,0.0,,,
v1.0.0,face,face/tp_face_morphing_0.jpg_IN_100.jpg_tif,/home/panuwat/Pictures/Test-Cases/with_mask/face/images/test/tp_face_morphing_0.jpg_IN_100.jpg_tif.png,/home/panuwat/Pictures/Test-Cases/with_mask/face/annotations/test/tp_face_morphing_0.jpg_IN_100.jpg_tif.png,500,652,50.0,0,0,65140,260860,40.009202,44.450124,80.018405,88.900249,0.0,0.0,80.018405,0.0,,,
v1.0.0,face,face/tp_face_morphing_0.jpg_IN_110.jpg_tif,/home/panuwat/Pictures/Test-Cases/with_mask/face/images/test/tp_face_morphing_0.jpg_IN_110.jpg_tif.png,/home/panuwat/Pictures/Test-Cases/with_mask/face/annotations/test/tp_face_morphing_0.jpg_IN_110.jpg_tif.png,500,652,50.0,0,0,66760,259240,39.760736,44.296357,79.521472,88.592714,0.0,0.0,79.521472,0.0,,,
v1.0.0,face,face/tp_face_morphing_0.jpg_IN_112.jpg_tif,/home/panuwat/Pictures/Test-Cases/with_mask/face/images/test/tp_face_morphing_0.jpg_IN_112.jpg_tif.png,/home/panuwat/Pictures/Test-Cases/with_mask/face/annotations/test/tp_face_morphing_0.jpg_IN_112.jpg_tif.png,500,652,50.0,0,15329,69490,241181,36.990951,42.522757,73.981902,85.045515,0.0,0.0,73.981902,5.975985,,,
v1.0.0,face,face/tp_face_morphing_0.jpg_IN_127.jpg_tif,/home/panuwat/Pictures/Test-Cases/with_mask/face/images/test/tp_face_morphing_0.jpg_IN_127.jpg_tif.png,/home/panuwat/Pictures/Test-Cases/with_mask/face/annotations/test/tp_face_morphing_0.jpg_IN_127.jpg_tif.png,500,652,50.0,0,103,62768,263129,40.357209,44.664072,80.714417,89.328144,0.0,0.0,80.714417,0.039129,,,
v1.0.0,face,face/tp_face_morphing_0.jpg_IN_131.jpg_tif,/home/panuwat/Pictures/Test-Cases/with_mask/face/images/test/tp_face_morphing_0.jpg_IN_131.jpg_tif.png,/home/panuwat/Pictures/Test-Cases/with_mask/face/annotations/test/tp_face_morphing_0.jpg_IN_131.jpg_tif.png,500,652,50.0,0,0,89431,236569,36.283589,42.051553,72.567178,84.103106,0.0,0.0,72.567178,0.0,,,
v1.0.0,face,face/tp_face_morphing_0.jpg_IN_132.jpg_tif,/home/panuwat/Pictures/Test-Cases/with_mask/face/images/test/tp_face_morphing_0.jpg_IN_132.jpg_tif.png,/home/panuwat/Pictures/Test-Cases/with_mask/face/annotations/test/tp_face_morphing_0.jpg_IN_132.jpg_tif.png,500,652,50.0,0,2572,86973,236455,36.266104,42.039808,72.532209,84.079615,0.0,0.0,72.532209,1.076029,,,
v1.0.0,face,face/tp_face_morphing_0.jpg_IN_170.jpg_tif,/home/panuwat/Pictures/Test-Cases/with_mask/face/images/test/tp_face_morphing_0.jpg_IN_170.jpg_tif.png,/home/panuwat/Pictures/Test-Cases/with_mask/face/annotations/test/tp_face_morphing_0.jpg_IN_170.jpg_tif.png,500,652,50.0,0,4,70939,255057,39.119172,43.895349,78.238344,87.790699,0.0,0.0,78.238344,0.001568,,,
v1.0.0,face,face/tp_face_morphing_0.jpg_IN_171.jpg_tif,/home/panuwat/Pictures/Test-Cases/with_mask/face/images/test/tp_face_morphing_0.jpg_IN_171.jpg_tif.png,/home/panuwat/Pictures/Test-Cases/with_mask/face/annotations/test/tp_face_morphing_0.jpg_IN_171.jpg_tif.png,500,652,50.0,0,888,61384,263728,40.44908,44.720278,80.89816,89.440556,0.0,0.0,80.89816,0.335581,,,
v1.0.0,face,face/tp_face_morphing_0.jpg_IN_177.jpg_tif,/home/panuwat/Pictures/Test-Cases/with_mask/face/images/test/tp_face_morphing_0.jpg_IN_177.jpg_tif.png,/home/panuwat/Pictures/Test-Cases/with_mask/face/annotations/test/tp_face_morphing_0.jpg_IN_177.jpg_tif.png,500,652,50.0,0,0,73454,252546,38.734049,43.651844,77.468098,87.303689,0.0,0.0,77.468098,0.0,,,
v1.0.0,face,face/tp_face_morphing_0.jpg_IN_190.jpg_tif,/home/panuwat/Pictures/Test-Cases/with_mask/face/images/test/tp_face_morphing_0.jpg_IN_190.jpg_tif.png,/home/panuwat/Pictures/Test-Cases/with_mask/face/annotations/test/tp_face_morphing_0.jpg_IN_190.jpg_tif.png,500,652,50.0,0,1918,66673,257409,39.479908,44.121534,78.959816,88.243068,0.0,0.0,78.959816,0.739607,,,
v1.0.0,face,face/tp_face_morphing_0.jpg_IN_192.jpg_tif,/home/panuwat/Pictures/Test-Cases/with_mask/face/images/test/tp_face_morphing_0.jpg_IN_192.jpg_tif.png,/home/panuwat/Pictures/Test-Cases/with_mask/face/annotations/test/tp_face_morphing_0.jpg_IN_192.jpg_tif.png,500,652,50.0,0,0,68283,257717,39.527147,44.151018,79.054294,88.302037,0.0,0.0,79.054294,0.0,,,
v1.0.0,face,face/tp_face_morphing_0.jpg_IN_199.jpg_tif,/home/panuwat/Pictures/Test-Cases/with_mask/face/images/test/tp_face_morphing_0.jpg_IN_199.jpg_tif.png,/home/panuwat/Pictures/Test-Cases/with_mask/face/annotations/test/tp_face_morphing_0.jpg_IN_199.jpg_tif.png,500,652,50.0,0,0,69989,256011,39.265491,43.987313,78.530982,87.974626,0.0,0.0,78.530982,0.0,,,
v1.0.0,face,face/tp_face_morphing_0.jpg_IN_31.jpg_tif,/home/panuwat/Pictures/Test-Cases/with_mask/face/images/test/tp_face_morphing_0.jpg_IN_31.jpg_tif.png,/home/panuwat/Pictures/Test-Cases/with_mask/face/annotations/test/tp_face_morphing_0.jpg_IN_31.jpg_tif.png,500,652,50.0,0,0,66786,259214,39.756748,44.293882,79.513497,88.587764,0.0,0.0,79.513497,0.0,,,
v1.0.0,face,face/tp_face_morphing_0.jpg_IN_37.jpg_tif,/home/panuwat/Pictures/Test-Cases/with_mask/face/images/test/tp_face_morphing_0.jpg_IN_37.jpg_tif.png,/home/panuwat/Pictures/Test-Cases/with_mask/face/annotations/test/tp_face_morphing_0.jpg_IN_37.jpg_tif.png,500,652,50.0,0,0,72342,253658,38.904601,43.759941,77.809202,87.519882,0.0,0.0,77.809202,0.0,,,
v1.0.0,face,face/tp_face_morphing_0.jpg_IN_49.jpg_tif,/home/panuwat/Pictures/Test-Cases/with_mask/face/images/test/tp_face_morphing_0.jpg_IN_49.jpg_tif.png,/home/panuwat/Pictures/Test-Cases/with_mask/face/annotations/test/tp_face_morphing_0.jpg_IN_49.jpg_tif.png,500,652,50.0,0,892,67874,257234,39.453067,44.104768,78.906135,88.209535,0.0,0.0,78.906135,0.345568,,,
v1.0.0,imd2020,imd2020/tp_imd2020_00064_fake_jpg,/home/panuwat/Pictures/Test-Cases/with_mask/imd2020/images/test/tp_imd2020_00064_fake_jpg.png,/home/panuwat/Pictures/Test-Cases/with_mask/imd2020/annotations/test/tp_imd2020_00064_fake_jpg.png,699,451,50.0,0,0,101044,214205,33.973938,40.457717,67.947876,80.915434,0.0,0.0,67.947876,0.0,,,
v1.0.0,imd2020,imd2020/tp_imd2020_00097_fake_jpg,/home/panuwat/Pictures/Test-Cases/with_mask/imd2020/images/test/tp_imd2020_00097_fake_jpg.png,/home/panuwat/Pictures/Test-Cases/with_mask/imd2020/annotations/test/tp_imd2020_00097_fake_jpg.png,383,274,50.0,207,5,2020,102710,53.670371,57.999004,98.066549,99.023838,9.274194,16.97417,98.070363,0.004868,,,
v1.0.0,imd2020,imd2020/tp_imd2020_c8u0rrz_0_jpg,/home/panuwat/Pictures/Test-Cases/with_mask/imd2020/images/test/tp_imd2020_c8u0rrz_0_jpg.png,/home/panuwat/Pictures/Test-Cases/with_mask/imd2020/annotations/test/tp_imd2020_c8u0rrz_0_jpg.png,620,464,50.0,0,0,33023,254657,44.260463,46.955491,88.520926,93.910982,0.0,0.0,88.520926,0.0,,,
v1.0.0,imd2020,imd2020/tp_imd2020_c8u4gpd_0_jpg,/home/panuwat/Pictures/Test-Cases/with_mask/imd2020/images/test/tp_imd2020_c8u4gpd_0_jpg.png,/home/panuwat/Pictures/Test-Cases/with_mask/imd2020/annotations/test/tp_imd2020_c8u4gpd_0_jpg.png,501,409,50.0,0,25,130809,74075,18.075097,26.551702,36.150194,53.103404,0.0,0.0,36.150194,0.033738,,,
v1.0.0,imd2020,imd2020/tp_imd2020_c8vgphr_0_jpg,/home/panuwat/Pictures/Test-Cases/with_mask/imd2020/images/test/tp_imd2020_c8vgphr_0_jpg.png,/home/panuwat/Pictures/Test-Cases/with_mask/imd2020/annotations/test/tp_imd2020_c8vgphr_0_jpg.png,375,500,50.0,0,0,9457,178043,47.478133,48.706445,94.956267,97.41289,0.0,0.0,94.956267,0.0,,,
v1.0.0,imd2020,imd2020/tp_imd2020_c8vkf28_0_jpg,/home/panuwat/Pictures/Test-Cases/with_mask/imd2020/images/test/tp_imd2020_c8vkf28_0_jpg.png,/home/panuwat/Pictures/Test-Cases/with_mask/imd2020/annotations/test/tp_imd2020_c8vkf28_0_jpg.png,1200,750,50.0,495,1,25894,873610,49.498452,51.110963,97.121194,98.539576,1.87571,3.682351,97.122778,0.000114,,,
v1.0.0,imd2020,imd2020/tp_imd2020_c8vpmfd_0_jpg,/home/panuwat/Pictures/Test-Cases/with_mask/imd2020/images/test/tp_imd2020_c8vpmfd_0_jpg.png,/home/panuwat/Pictures/Test-Cases/with_mask/imd2020/annotations/test/tp_imd2020_c8vpmfd_0_jpg.png,1920,1200,50.0,26577,1698,16872,2258853,79.026152,86.849859,99.184605,99.590633,58.867699,74.109085,99.19401,0.075114,,,
v1.0.0,imd2020,imd2020/tp_imd2020_c8vqeqw_0_jpg,/home/panuwat/Pictures/Test-Cases/with_mask/imd2020/images/test/tp_imd2020_c8vqeqw_0_jpg.png,/home/panuwat/Pictures/Test-Cases/with_mask/imd2020/annotations/test/tp_imd2020_c8vqeqw_0_jpg.png,1920,1200,50.0,156,1403,30834,2271607,49.541158,50.126995,98.60073,99.295436,0.481586,0.958555,98.600825,0.061724,,,
v1.0.0,imd2020,imd2020/tp_imd2020_c8w0r2r_0_jpg,/home/panuwat/Pictures/Test-Cases/with_mask/imd2020/images/test/tp_imd2020_c8w0r2r_0_jpg.png,/home/panuwat/Pictures/Test-Cases/with_mask/imd2020/annotations/test/tp_imd2020_c8w0r2r_0_jpg.png,1120,629,50.0,20469,432,112829,570750,49.373927,58.761155,83.441641,90.9735,15.306214,26.54881,83.922752,0.075633,,,
v1.0.0,imd2020,imd2020/tp_imd2020_c8wvegs_0_jpg,/home/panuwat/Pictures/Test-Cases/with_mask/imd2020/images/test/tp_imd2020_c8wvegs_0_jpg.png,/home/panuwat/Pictures/Test-Cases/with_mask/imd2020/annotations/test/tp_imd2020_c8wvegs_0_jpg.png,953,953,50.0,3645,225077,332,679155,38.336125,44.449956,75.080923,85.767109,1.591328,3.132802,75.180933,24.89151,,,
v1.0.0,imd2020,imd2020/tp_imd2020_c8xhzdr_0_jpg,/home/panuwat/Pictures/Test-Cases/with_mask/imd2020/images/test/tp_imd2020_c8xhzdr_0_jpg.png,/home/panuwat/Pictures/Test-Cases/with_mask/imd2020/annotations/test/tp_imd2020_c8xhzdr_0_jpg.png,650,366,50.0,452,45,4489,232914,53.577956,57.82991,98.090529,99.036062,9.065383,16.623759,98.094157,0.019317,,,
v1.0.0,imd2020,imd2020/tp_imd2020_c8xtrds_0_jpg,/home/panuwat/Pictures/Test-Cases/with_mask/imd2020/images/test/tp_imd2020_c8xtrds_0_jpg.png,/home/panuwat/Pictures/Test-Cases/with_mask/imd2020/annotations/test/tp_imd2020_c8xtrds_0_jpg.png,444,644,50.0,5,0,13434,272497,47.669434,48.83435,95.301664,97.594318,0.037205,0.074383,95.301746,0.0,,,
v1.0.0,imd2020,imd2020/tp_imd2020_c8yjv4u_0_jpg,/home/panuwat/Pictures/Test-Cases/with_mask/imd2020/images/test/tp_imd2020_c8yjv4u_0_jpg.png,/home/panuwat/Pictures/Test-Cases/with_mask/imd2020/annotations/test/tp_imd2020_c8yjv4u_0_jpg.png,549,732,50.0,0,0,14024,387844,48.255148,49.112081,96.510297,98.224163,0.0,0.0,96.510297,0.0,,,
v1.0.0,imd2020,imd2020/tp_imd2020_c8ynnae_0_jpg,/home/panuwat/Pictures/Test-Cases/with_mask/imd2020/images/test/tp_imd2020_c8ynnae_0_jpg.png,/home/panuwat/Pictures/Test-Cases/with_mask/imd2020/annotations/test/tp_imd2020_c8ynnae_0_jpg.png,453,604,50.0,1353,1,3843,268415,62.31118,70.301006,98.588109,99.289036,26.034251,41.312977,98.595091,0.000373,,,
v1.0.0,imd2020,imd2020/tp_imd2020_c8zefoe_0_jpg,/home/panuwat/Pictures/Test-Cases/with_mask/imd2020/images/test/tp_imd2020_c8zefoe_0_jpg.png,/home/panuwat/Pictures/Test-Cases/with_mask/imd2020/annotations/test/tp_imd2020_c8zefoe_0_jpg.png,1200,704,50.0,527,8069,43269,792935,47.467682,49.438027,93.919265,96.864296,1.016099,2.011758,93.923059,1.007361,,,
v1.0.0,inpainting,inpainting/tp_inpaint_0_000000000943_tif,/home/panuwat/Pictures/Test-Cases/with_mask/inpainting/images/test/tp_inpaint_0_000000000943_tif.png,/home/panuwat/Pictures/Test-Cases/with_mask/inpainting/annotations/test/tp_inpaint_0_000000000943_tif.png,640,360,50.0,0,110,15772,214518,46.553385,48.215177,93.106771,96.430353,0.0,0.0,93.106771,0.051251,,,
v1.0.0,inpainting,inpainting/tp_inpaint_0_000000001596_tif,/home/panuwat/Pictures/Test-Cases/with_mask/inpainting/images/test/tp_inpaint_0_000000001596_tif.png,/home/panuwat/Pictures/Test-Cases/with_mask/inpainting/annotations/test/tp_inpaint_0_000000001596_tif.png,500,419,50.0,0,0,1124,208376,49.731742,49.86551,99.463484,99.731021,0.0,0.0,99.463484,0.0,,,
v1.0.0,inpainting,inpainting/tp_inpaint_0_000000002614_tif,/home/panuwat/Pictures/Test-Cases/with_mask/inpainting/images/test/tp_inpaint_0_000000002614_tif.png,/home/panuwat/Pictures/Test-Cases/with_mask/inpainting/annotations/test/tp_inpaint_0_000000002614_tif.png,640,427,50.0,0,985,10234,262061,47.947343,48.952163,95.894687,97.904326,0.0,0.0,95.894687,0.374459,,,
v1.0.0,inpainting,inpainting/tp_inpaint_0_000000003488_tif,/home/panuwat/Pictures/Test-Cases/with_mask/inpainting/images/test/tp_inpaint_0_000000003488_tif.png,/home/panuwat/Pictures/Test-Cases/with_mask/inpainting/annotations/test/tp_inpaint_0_000000003488_tif.png,500,333,50.0,0,0,1142,165358,49.657057,49.827938,99.314114,99.655877,0.0,0.0,99.314114,0.0,,,
v1.0.0,inpainting,inpainting/tp_inpaint_0_000000005210_tif,/home/panuwat/Pictures/Test-Cases/with_mask/inpainting/images/test/tp_inpaint_0_000000005210_tif.png,/home/panuwat/Pictures/Test-Cases/with_mask/inpainting/annotations/test/tp_inpaint_0_000000005210_tif.png,640,426,50.0,0,8,274,272358,49.948283,49.974128,99.896567,99.948257,0.0,0.0,99.896567,0.002937,,,
v1.0.0,inpainting,inpainting/tp_inpaint_0_000000005699_tif,/home/panuwat/Pictures/Test-Cases/with_mask/inpainting/images/test/tp_inpaint_0_000000005699_tif.png,/home/panuwat/Pictures/Test-Cases/with_mask/inpainting/annotations/test/tp_inpaint_0_000000005699_tif.png,600,400,50.0,0,0,480,239520,49.9,49.94995,99.8,99.8999,0.0,0.0,99.8,0.0,,,
v1.0.0,inpainting,inpainting/tp_inpaint_0_000000008119_tif,/home/panuwat/Pictures/Test-Cases/with_mask/inpainting/images/test/tp_inpaint_0_000000008119_tif.png,/home/panuwat/Pictures/Test-Cases/with_mask/inpainting/annotations/test/tp_inpaint_0_000000008119_tif.png,640,480,50.0,0,0,320,306880,49.947917,49.973945,99.895833,99.94789,0.0,0.0,99.895833,0.0,,,
v1.0.0,inpainting,inpainting/tp_inpaint_0_000000009960_tif,/home/panuwat/Pictures/Test-Cases/with_mask/inpainting/images/test/tp_inpaint_0_000000009960_tif.png,/home/panuwat/Pictures/Test-Cases/with_mask/inpainting/annotations/test/tp_inpaint_0_000000009960_tif.png,640,427,50.0,0,0,454,272826,49.916935,49.958433,99.83387,99.916866,0.0,0.0,99.83387,0.0,,,
v1.0.0,inpainting,inpainting/tp_inpaint_0_000000010779_tif,/home/panuwat/Pictures/Test-Cases/with_mask/inpainting/images/test/tp_inpaint_0_000000010779_tif.png,/home/panuwat/Pictures/Test-Cases/with_mask/inpainting/annotations/test/tp_inpaint_0_000000010779_tif.png,532,640,50.0,0,0,19121,321359,47.192052,48.555464,94.384105,97.110929,0.0,0.0,94.384105,0.0,,,
v1.0.0,inpainting,inpainting/tp_inpaint_0_000000011075_tif,/home/panuwat/Pictures/Test-Cases/with_mask/inpainting/images/test/tp_inpaint_0_000000011075_tif.png,/home/panuwat/Pictures/Test-Cases/with_mask/inpainting/annotations/test/tp_inpaint_0_000000011075_tif.png,640,480,50.0,0,0,90510,216690,35.268555,41.361736,70.537109,82.723472,0.0,0.0,70.537109,0.0,,,
v1.0.0,inpainting,inpainting/tp_inpaint_0_000000011831_tif,/home/panuwat/Pictures/Test-Cases/with_mask/inpainting/images/test/tp_inpaint_0_000000011831_tif.png,/home/panuwat/Pictures/Test-Cases/with_mask/inpainting/annotations/test/tp_inpaint_0_000000011831_tif.png,640,427,50.0,0,1548,2658,269074,49.23046,49.612246,98.460919,99.224492,0.0,0.0,98.460919,0.572016,,,
v1.0.0,inpainting,inpainting/tp_inpaint_0_000000012927_tif,/home/panuwat/Pictures/Test-Cases/with_mask/inpainting/images/test/tp_inpaint_0_000000012927_tif.png,/home/panuwat/Pictures/Test-Cases/with_mask/inpainting/annotations/test/tp_inpaint_0_000000012927_tif.png,640,425,50.0,0,468,8970,262562,48.265074,49.117221,96.530147,98.234442,0.0,0.0,96.530147,0.177926,,,
v1.0.0,inpainting,inpainting/tp_inpaint_0_000000016359_tif,/home/panuwat/Pictures/Test-Cases/with_mask/inpainting/images/test/tp_inpaint_0_000000016359_tif.png,/home/panuwat/Pictures/Test-Cases/with_mask/inpainting/annotations/test/tp_inpaint_0_000000016359_tif.png,640,383,50.0,0,0,6213,238907,48.732662,49.358197,97.465323,98.716394,0.0,0.0,97.465323,0.0,,,
v1.0.0,inpainting,inpainting/tp_inpaint_0_000000017474_tif,/home/panuwat/Pictures/Test-Cases/with_mask/inpainting/images/test/tp_inpaint_0_000000017474_tif.png,/home/panuwat/Pictures/Test-Cases/with_mask/inpainting/annotations/test/tp_inpaint_0_000000017474_tif.png,640,427,50.0,0,0,256,273024,49.953162,49.97657,99.906323,99.95314,0.0,0.0,99.906323,0.0,,,
v1.0.0,inpainting,inpainting/tp_inpaint_0_000000018290_tif,/home/panuwat/Pictures/Test-Cases/with_mask/inpainting/images/test/tp_inpaint_0_000000018290_tif.png,/home/panuwat/Pictures/Test-Cases/with_mask/inpainting/annotations/test/tp_inpaint_0_000000018290_tif.png,640,379,50.0,0,0,434,242126,49.910538,49.955229,99.821075,99.910457,0.0,0.0,99.821075,0.0,,,
v1.0.0,splicing,splicing/tp_splice1_10007_000000130973_tif,/home/panuwat/Pictures/Test-Cases/with_mask/splicing/images/test/tp_splice1_10007_000000130973_tif.png,/home/panuwat/Pictures/Test-Cases/with_mask/splicing/annotations/test/tp_splice1_10007_000000130973_tif.png,640,427,50.0,0,0,4134,269146,49.243633,49.618934,98.487266,99.237868,0.0,0.0,98.487266,0.0,,,
v1.0.0,splicing,splicing/tp_splice1_10046_000000517430_tif,/home/panuwat/Pictures/Test-Cases/with_mask/splicing/images/test/tp_splice1_10046_000000517430_tif.png,/home/panuwat/Pictures/Test-Cases/with_mask/splicing/annotations/test/tp_splice1_10046_000000517430_tif.png,640,480,50.0,0,0,599,306601,49.902507,49.951206,99.805013,99.902411,0.0,0.0,99.805013,0.0,,,
v1.0.0,splicing,splicing/tp_splice1_10059_000000578306_tif,/home/panuwat/Pictures/Test-Cases/with_mask/splicing/images/test/tp_splice1_10059_000000578306_tif.png,/home/panuwat/Pictures/Test-Cases/with_mask/splicing/annotations/test/tp_splice1_10059_000000578306_tif.png,640,427,50.0,530,11,1149,271590,65.467824,73.767323,99.574702,99.786898,31.360947,47.747748,99.575527,0.00405,,,
v1.0.0,splicing,splicing/tp_splice1_10102_000000389655_tif,/home/panuwat/Pictures/Test-Cases/with_mask/splicing/images/test/tp_splice1_10102_000000389655_tif.png,/home/panuwat/Pictures/Test-Cases/with_mask/splicing/annotations/test/tp_splice1_10102_000000389655_tif.png,640,428,50.0,0,0,5464,268456,49.002629,49.49629,98.005257,98.992581,0.0,0.0,98.005257,0.0,,,
v1.0.0,splicing,splicing/tp_splice1_10147_000000365623_tif,/home/panuwat/Pictures/Test-Cases/with_mask/splicing/images/test/tp_splice1_10147_000000365623_tif.png,/home/panuwat/Pictures/Test-Cases/with_mask/splicing/annotations/test/tp_splice1_10147_000000365623_tif.png,640,480,50.0,749,1,8276,298174,52.798664,56.97793,97.299079,98.631052,8.29825,15.324808,97.305664,0.000335,,,
v1.0.0,splicing,splicing/tp_splice1_10176_000000008547_tif,/home/panuwat/Pictures/Test-Cases/with_mask/splicing/images/test/tp_splice1_10176_000000008547_tif.png,/home/panuwat/Pictures/Test-Cases/with_mask/splicing/annotations/test/tp_splice1_10176_000000008547_tif.png,640,419,50.0,0,0,2652,265508,49.505519,49.751531,99.011038,99.503062,0.0,0.0,99.011038,0.0,,,
v1.0.0,splicing,splicing/tp_splice1_10267_000000553552_tif,/home/panuwat/Pictures/Test-Cases/with_mask/splicing/images/test/tp_splice1_10267_000000553552_tif.png,/home/panuwat/Pictures/Test-Cases/with_mask/splicing/annotations/test/tp_splice1_10267_000000553552_tif.png,640,430,50.0,428,1,1170,273601,63.170279,71.008178,99.573828,99.786459,26.766729,42.229896,99.574491,0.000365,,,
v1.0.0,splicing,splicing/tp_splice1_1028_000000424348_tif,/home/panuwat/Pictures/Test-Cases/with_mask/splicing/images/test/tp_splice1_1028_000000424348_tif.png,/home/panuwat/Pictures/Test-Cases/with_mask/splicing/annotations/test/tp_splice1_1028_000000424348_tif.png,640,512,50.0,0,0,3839,323841,49.414215,49.705382,98.82843,99.410763,0.0,0.0,98.82843,0.0,,,
v1.0.0,splicing,splicing/tp_splice1_10311_000000553908_tif,/home/panuwat/Pictures/Test-Cases/with_mask/splicing/images/test/tp_splice1_10311_000000553908_tif.png,/home/panuwat/Pictures/Test-Cases/with_mask/splicing/annotations/test/tp_splice1_10311_000000553908_tif.png,497,640,50.0,0,95,670,317315,49.879747,49.939801,99.759494,99.879602,0.0,0.0,99.759494,0.02993,,,
v1.0.0,splicing,splicing/tp_splice1_10314_000000269103_tif,/home/panuwat/Pictures/Test-Cases/with_mask/splicing/images/test/tp_splice1_10314_000000269103_tif.png,/home/panuwat/Pictures/Test-Cases/with_mask/splicing/annotations/test/tp_splice1_10314_000000269103_tif.png,640,480,50.0,0,67,994,306139,49.827311,49.913506,99.654622,99.827012,0.0,0.0,99.654622,0.021881,,,
v1.0.0,splicing,splicing/tp_splice1_1032_000000410356_tif,/home/panuwat/Pictures/Test-Cases/with_mask/splicing/images/test/tp_splice1_1032_000000410356_tif.png,/home/panuwat/Pictures/Test-Cases/with_mask/splicing/annotations/test/tp_splice1_1032_000000410356_tif.png,640,360,50.0,0,72,4498,225830,49.008247,49.499156,98.016493,98.998312,0.0,0.0,98.016493,0.031872,,,
v1.0.0,splicing,splicing/tp_splice1_10380_000000465395_tif,/home/panuwat/Pictures/Test-Cases/with_mask/splicing/images/test/tp_splice1_10380_000000465395_tif.png,/home/panuwat/Pictures/Test-Cases/with_mask/splicing/annotations/test/tp_splice1_10380_000000465395_tif.png,640,429,50.0,0,0,710,273850,49.870702,49.935267,99.741404,99.870535,0.0,0.0,99.741404,0.0,,,
v1.0.0,splicing,splicing/tp_splice1_10386_000000480983_tif,/home/panuwat/Pictures/Test-Cases/with_mask/splicing/images/test/tp_splice1_10386_000000480983_tif.png,/home/panuwat/Pictures/Test-Cases/with_mask/splicing/annotations/test/tp_splice1_10386_000000480983_tif.png,640,426,50.0,21,0,4232,268387,49.47071,50.10022,98.44765,99.217754,0.493769,0.982686,98.44777,0.0,,,
v1.0.0,splicing,splicing/tp_splice1_10397_000000032562_tif,/home/panuwat/Pictures/Test-Cases/with_mask/splicing/images/test/tp_splice1_10397_000000032562_tif.png,/home/panuwat/Pictures/Test-Cases/with_mask/splicing/annotations/test/tp_splice1_10397_000000032562_tif.png,640,427,50.0,5463,160,724,266933,92.871042,96.174754,99.669924,99.834689,86.07216,92.514818,99.676522,0.059904,,,
v1.0.0,splicing,splicing/tp_splice1_10450_000000031497_tif,/home/panuwat/Pictures/Test-Cases/with_mask/splicing/images/test/tp_splice1_10450_000000031497_tif.png,/home/panuwat/Pictures/Test-Cases/with_mask/splicing/annotations/test/tp_splice1_10450_000000031497_tif.png,640,412,50.0,1,0,2814,260865,49.484159,49.767278,98.932793,99.463534,0.035524,0.071023,98.932797,0.0,,,
v1.0.1,authentic,authentic/au_usb_000000000036_jpg,/home/panuwat/Pictures/Test-Cases/with_mask/authentic/images/test/au_usb_000000000036_jpg.png,/home/panuwat/Pictures/Test-Cases/with_mask/authentic/annotations/test/au_usb_000000000036_jpg.png,481,640,50.0,0,0,0,307840,100.0,100.0,100.0,100.0,,,100.0,0.0,,,
v1.0.1,authentic,authentic/au_usb_000000000092_jpg,/home/panuwat/Pictures/Test-Cases/with_mask/authentic/images/test/au_usb_000000000092_jpg.png,/home/panuwat/Pictures/Test-Cases/with_mask/authentic/annotations/test/au_usb_000000000092_jpg.png,640,427,50.0,0,0,0,273280,100.0,100.0,100.0,100.0,,,100.0,0.0,,,
v1.0.1,authentic,authentic/au_usb_000000000247_jpg,/home/panuwat/Pictures/Test-Cases/with_mask/authentic/images/test/au_usb_000000000247_jpg.png,/home/panuwat/Pictures/Test-Cases/with_mask/authentic/annotations/test/au_usb_000000000247_jpg.png,640,424,50.0,0,0,0,271360,100.0,100.0,100.0,100.0,,,100.0,0.0,,,
v1.0.1,authentic,authentic/au_usb_000000000263_jpg,/home/panuwat/Pictures/Test-Cases/with_mask/authentic/images/test/au_usb_000000000263_jpg.png,/home/panuwat/Pictures/Test-Cases/with_mask/authentic/annotations/test/au_usb_000000000263_jpg.png,591,640,50.0,0,0,0,378240,100.0,100.0,100.0,100.0,,,100.0,0.0,,,
v1.0.1,authentic,authentic/au_usb_000000000322_jpg,/home/panuwat/Pictures/Test-Cases/with_mask/authentic/images/test/au_usb_000000000322_jpg.png,/home/panuwat/Pictures/Test-Cases/with_mask/authentic/annotations/test/au_usb_000000000322_jpg.png,640,481,50.0,0,0,0,307840,100.0,100.0,100.0,100.0,,,100.0,0.0,,,
v1.0.1,authentic,authentic/au_usb_000000000359_jpg,/home/panuwat/Pictures/Test-Cases/with_mask/authentic/images/test/au_usb_000000000359_jpg.png,/home/panuwat/Pictures/Test-Cases/with_mask/authentic/annotations/test/au_usb_000000000359_jpg.png,500,332,50.0,0,0,0,166000,100.0,100.0,100.0,100.0,,,100.0,0.0,,,
v1.0.1,authentic,authentic/au_usb_000000000360_jpg,/home/panuwat/Pictures/Test-Cases/with_mask/authentic/images/test/au_usb_000000000360_jpg.png,/home/panuwat/Pictures/Test-Cases/with_mask/authentic/annotations/test/au_usb_000000000360_jpg.png,500,375,50.0,0,0,0,187500,100.0,100.0,100.0,100.0,,,100.0,0.0,,,
v1.0.1,authentic,authentic/au_usb_000000000488_jpg,/home/panuwat/Pictures/Test-Cases/with_mask/authentic/images/test/au_usb_000000000488_jpg.png,/home/panuwat/Pictures/Test-Cases/with_mask/authentic/annotations/test/au_usb_000000000488_jpg.png,640,406,50.0,0,0,0,259840,100.0,100.0,100.0,100.0,,,100.0,0.0,,,
v1.0.1,authentic,authentic/au_usb_000000000529_jpg,/home/panuwat/Pictures/Test-Cases/with_mask/authentic/images/test/au_usb_000000000529_jpg.png,/home/panuwat/Pictures/Test-Cases/with_mask/authentic/annotations/test/au_usb_000000000529_jpg.png,427,640,50.0,0,0,0,273280,100.0,100.0,100.0,100.0,,,100.0,0.0,,,
v1.0.1,authentic,authentic/au_usb_000000000532_jpg,/home/panuwat/Pictures/Test-Cases/with_mask/authentic/images/test/au_usb_000000000532_jpg.png,/home/panuwat/Pictures/Test-Cases/with_mask/authentic/annotations/test/au_usb_000000000532_jpg.png,640,480,50.0,0,0,0,307200,100.0,100.0,100.0,100.0,,,100.0,0.0,,,
v1.0.1,authentic,authentic/au_usb_000000000612_jpg,/home/panuwat/Pictures/Test-Cases/with_mask/authentic/images/test/au_usb_000000000612_jpg.png,/home/panuwat/Pictures/Test-Cases/with_mask/authentic/annotations/test/au_usb_000000000612_jpg.png,640,480,50.0,0,0,0,307200,100.0,100.0,100.0,100.0,,,100.0,0.0,,,
v1.0.1,authentic,authentic/au_usb_000000000650_jpg,/home/panuwat/Pictures/Test-Cases/with_mask/authentic/images/test/au_usb_000000000650_jpg.png,/home/panuwat/Pictures/Test-Cases/with_mask/authentic/annotations/test/au_usb_000000000650_jpg.png,640,427,50.0,0,0,0,273280,100.0,100.0,100.0,100.0,,,100.0,0.0,,,
v1.0.1,authentic,authentic/au_usb_000000000656_jpg,/home/panuwat/Pictures/Test-Cases/with_mask/authentic/images/test/au_usb_000000000656_jpg.png,/home/panuwat/Pictures/Test-Cases/with_mask/authentic/annotations/test/au_usb_000000000656_jpg.png,640,472,50.0,0,0,0,302080,100.0,100.0,100.0,100.0,,,100.0,0.0,,,
v1.0.1,authentic,authentic/au_usb_000000000693_jpg,/home/panuwat/Pictures/Test-Cases/with_mask/authentic/images/test/au_usb_000000000693_jpg.png,/home/panuwat/Pictures/Test-Cases/with_mask/authentic/annotations/test/au_usb_000000000693_jpg.png,640,428,50.0,0,0,0,273920,100.0,100.0,100.0,100.0,,,100.0,0.0,,,
v1.0.1,authentic,authentic/au_usb_000000000801_jpg,/home/panuwat/Pictures/Test-Cases/with_mask/authentic/images/test/au_usb_000000000801_jpg.png,/home/panuwat/Pictures/Test-Cases/with_mask/authentic/annotations/test/au_usb_000000000801_jpg.png,640,360,50.0,0,0,0,230400,100.0,100.0,100.0,100.0,,,100.0,0.0,,,
v1.0.1,casia,casia/tp_casia_Tp_D_CNN_M_N_txt00054_txt00050_10375_tif,/home/panuwat/Pictures/Test-Cases/with_mask/casia/images/test/tp_casia_Tp_D_CNN_M_N_txt00054_txt00050_10375_tif.png,/home/panuwat/Pictures/Test-Cases/with_mask/casia/annotations/test/tp_casia_Tp_D_CNN_M_N_txt00054_txt00050_10375_tif.png,384,256,50.0,0,0,53374,44930,22.85258,31.368251,45.70516,62.736501,0.0,0.0,45.70516,0.0,,,
v1.0.1,casia,casia/tp_casia_Tp_D_CNN_S_B_txt00055_txt00047_11328_jpg,/home/panuwat/Pictures/Test-Cases/with_mask/casia/images/test/tp_casia_Tp_D_CNN_S_B_txt00055_txt00047_11328_jpg.png,/home/panuwat/Pictures/Test-Cases/with_mask/casia/annotations/test/tp_casia_Tp_D_CNN_S_B_txt00055_txt00047_11328_jpg.png,384,256,50.0,0,0,12203,86101,43.793233,46.69125,87.586466,93.3825,0.0,0.0,87.586466,0.0,,,
v1.0.1,casia,casia/tp_casia_Tp_D_CNN_S_N_art00001_ani00074_10442_tif,/home/panuwat/Pictures/Test-Cases/with_mask/casia/images/test/tp_casia_Tp_D_CNN_S_N_art00001_ani00074_10442_tif.png,/home/panuwat/Pictures/Test-Cases/with_mask/casia/annotations/test/tp_casia_Tp_D_CNN_S_N_art00001_ani00074_10442_tif.png,384,256,50.0,0,0,55328,42976,21.858724,30.419026,43.717448,60.838052,0.0,0.0,43.717448,0.0,,,
v1.0.1,casia,casia/tp_casia_Tp_D_CNN_S_N_art00011_art00014_11841_jpg,/home/panuwat/Pictures/Test-Cases/with_mask/casia/images/test/tp_casia_Tp_D_CNN_S_N_art00011_art00014_11841_jpg.png,/home/panuwat/Pictures/Test-Cases/with_mask/casia/annotations/test/tp_casia_Tp_D_CNN_S_N_art00011_art00014_11841_jpg.png,384,256,50.0,0,0,22825,75479,38.390605,43.432902,76.781209,86.865804,0.0,0.0,76.781209,0.0,,,
v1.0.1,casia,casia/tp_casia_Tp_D_CNN_S_N_cha00044_cha00043_00364_tif,/home/panuwat/Pictures/Test-Cases/with_mask/casia/images/test/tp_casia_Tp_D_CNN_S_N_cha00044_cha00043_00364_tif.png,/home/panuwat/Pictures/Test-Cases/with_mask/casia/annotations/test/tp_casia_Tp_D_CNN_S_N_cha00044_cha00043_00364_tif.png,384,256,50.0,0,0,23134,75170,38.233439,43.332142,76.466878,86.664284,0.0,0.0,76.466878,0.0,,,
v1.0.1,casia,casia/tp_casia_Tp_D_CNN_S_N_cha10122_nat10124_12167_jpg,/home/panuwat/Pictures/Test-Cases/with_mask/casia/images/test/tp_casia_Tp_D_CNN_S_N_cha10122_nat10124_12167_jpg.png,/home/panuwat/Pictures/Test-Cases/with_mask/casia/annotations/test/tp_casia_Tp_D_CNN_S_N_cha10122_nat10124_12167_jpg.png,518,800,50.0,0,0,193114,221286,26.699566,34.810583,53.399131,69.621165,0.0,0.0,53.399131,0.0,,,
v1.0.1,casia,casia/tp_casia_Tp_D_CNN_S_N_cha10122_nat10139_12166_jpg,/home/panuwat/Pictures/Test-Cases/with_mask/casia/images/test/tp_casia_Tp_D_CNN_S_N_cha10122_nat10139_12166_jpg.png,/home/panuwat/Pictures/Test-Cases/with_mask/casia/annotations/test/tp_casia_Tp_D_CNN_S_N_cha10122_nat10139_12166_jpg.png,518,800,50.0,0,0,208226,206174,24.876207,33.223113,49.752413,66.446226,0.0,0.0,49.752413,0.0,,,
v1.0.1,casia,casia/tp_casia_Tp_D_CNN_S_N_txt00051_txt00051_10376_tif,/home/panuwat/Pictures/Test-Cases/with_mask/casia/images/test/tp_casia_Tp_D_CNN_S_N_txt00051_txt00051_10376_tif.png,/home/panuwat/Pictures/Test-Cases/with_mask/casia/annotations/test/tp_casia_Tp_D_CNN_S_N_txt00051_txt00051_10376_tif.png,384,256,50.0,0,0,44680,53624,27.274577,35.295666,54.549154,70.591333,0.0,0.0,54.549154,0.0,,,
v1.0.1,casia,casia/tp_casia_Tp_D_CRD_M_N_nat00048_nat00049_11067_jpg,/home/panuwat/Pictures/Test-Cases/with_mask/casia/images/test/tp_casia_Tp_D_CRD_M_N_nat00048_nat00049_11067_jpg.png,/home/panuwat/Pictures/Test-Cases/with_mask/casia/annotations/test/tp_casia_Tp_D_CRD_M_N_nat00048_nat00049_11067_jpg.png,384,256,50.0,0,0,44711,53593,27.258809,35.282461,54.517619,70.564922,0.0,0.0,54.517619,0.0,,,
v1.0.1,casia,casia/tp_casia_Tp_D_CRD_S_N_ind00029_ind00088_00444_tif,/home/panuwat/Pictures/Test-Cases/with_mask/casia/images/test/tp_casia_Tp_D_CRD_S_N_ind00029_ind00088_00444_tif.png,/home/panuwat/Pictures/Test-Cases/with_mask/casia/annotations/test/tp_casia_Tp_D_CRD_S_N_ind00029_ind00088_00444_tif.png,384,256,50.0,0,0,3825,94479,48.054504,49.007952,96.109009,98.015904,0.0,0.0,96.109009,0.0,,,
v1.0.1,casia,casia/tp_casia_Tp_D_CRN_M_N_ani10112_ani00100_11648_jpg,/home/panuwat/Pictures/Test-Cases/with_mask/casia/images/test/tp_casia_Tp_D_CRN_M_N_ani10112_ani00100_11648_jpg.png,/home/panuwat/Pictures/Test-Cases/with_mask/casia/annotations/test/tp_casia_Tp_D_CRN_M_N_ani10112_ani00100_11648_jpg.png,384,256,50.0,0,0,62131,36173,18.398539,26.899024,36.797078,53.798047,0.0,0.0,36.797078,0.0,,,
v1.0.1,casia,casia/tp_casia_Tp_D_CRN_M_N_ani10117_ani00100_11642_jpg,/home/panuwat/Pictures/Test-Cases/with_mask/casia/images/test/tp_casia_Tp_D_CRN_M_N_ani10117_ani00100_11642_jpg.png,/home/panuwat/Pictures/Test-Cases/with_mask/casia/annotations/test/tp_casia_Tp_D_CRN_M_N_ani10117_ani00100_11642_jpg.png,384,256,50.0,0,0,41856,56448,28.710938,36.476427,57.421875,72.952854,0.0,0.0,57.421875,0.0,,,
v1.0.1,casia,casia/tp_casia_Tp_D_CRN_M_N_arc00008_nat10122_11773_jpg,/home/panuwat/Pictures/Test-Cases/with_mask/casia/images/test/tp_casia_Tp_D_CRN_M_N_arc00008_nat10122_11773_jpg.png,/home/panuwat/Pictures/Test-Cases/with_mask/casia/annotations/test/tp_casia_Tp_D_CRN_M_N_arc00008_nat10122_11773_jpg.png,384,256,50.0,0,0,42924,55380,28.167725,36.034981,56.335449,72.069962,0.0,0.0,56.335449,0.0,,,
v1.0.1,casia,casia/tp_casia_Tp_D_CRN_M_N_cha10108_cha00027_11666_jpg,/home/panuwat/Pictures/Test-Cases/with_mask/casia/images/test/tp_casia_Tp_D_CRN_M_N_cha10108_cha00027_11666_jpg.png,/home/panuwat/Pictures/Test-Cases/with_mask/casia/annotations/test/tp_casia_Tp_D_CRN_M_N_cha10108_cha00027_11666_jpg.png,384,256,50.0,0,0,39698,58606,29.808553,37.350073,59.617106,74.700147,0.0,0.0,59.617106,0.0,,,
v1.0.1,casia,casia/tp_casia_Tp_D_CRN_M_N_cha10108_cha00040_11665_jpg,/home/panuwat/Pictures/Test-Cases/with_mask/casia/images/test/tp_casia_Tp_D_CRN_M_N_cha10108_cha00040_11665_jpg.png,/home/panuwat/Pictures/Test-Cases/with_mask/casia/annotations/test/tp_casia_Tp_D_CRN_M_N_cha10108_cha00040_11665_jpg.png,384,256,50.0,0,0,38202,60102,30.569458,37.941745,61.138916,75.883489,0.0,0.0,61.138916,0.0,,,
v1.0.1,copymove,copymove/tp_copymove_0_000000001596_tif,/home/panuwat/Pictures/Test-Cases/with_mask/copymove/images/test/tp_copymove_0_000000001596_tif.png,/home/panuwat/Pictures/Test-Cases/with_mask/copymove/annotations/test/tp_copymove_0_000000001596_tif.png,500,419,50.0,0,0,1006,208494,49.759905,49.879663,99.519809,99.759327,0.0,0.0,99.519809,0.0,,,
v1.0.1,copymove,copymove/tp_copymove_0_000000001697_tif,/home/panuwat/Pictures/Test-Cases/with_mask/copymove/images/test/tp_copymove_0_000000001697_tif.png,/home/panuwat/Pictures/Test-Cases/with_mask/copymove/annotations/test/tp_copymove_0_000000001697_tif.png,500,375,50.0,0,0,2849,184651,49.240267,49.617225,98.480533,99.234451,0.0,0.0,98.480533,0.0,,,
v1.0.1,copymove,copymove/tp_copymove_0_000000003693_tif,/home/panuwat/Pictures/Test-Cases/with_mask/copymove/images/test/tp_copymove_0_000000003693_tif.png,/home/panuwat/Pictures/Test-Cases/with_mask/copymove/annotations/test/tp_copymove_0_000000003693_tif.png,640,428,50.0,0,0,527,273393,49.903804,49.951856,99.807608,99.903711,0.0,0.0,99.807608,0.0,,,
v1.0.1,copymove,copymove/tp_copymove_0_000000004051_tif,/home/panuwat/Pictures/Test-Cases/with_mask/copymove/images/test/tp_copymove_0_000000004051_tif.png,/home/panuwat/Pictures/Test-Cases/with_mask/copymove/annotations/test/tp_copymove_0_000000004051_tif.png,480,640,50.0,0,0,777,306423,49.873535,49.936688,99.74707,99.873375,0.0,0.0,99.74707,0.0,,,
v1.0.1,copymove,copymove/tp_copymove_0_000000006363_tif,/home/panuwat/Pictures/Test-Cases/with_mask/copymove/images/test/tp_copymove_0_000000006363_tif.png,/home/panuwat/Pictures/Test-Cases/with_mask/copymove/annotations/test/tp_copymove_0_000000006363_tif.png,640,480,50.0,0,0,10088,297112,48.358073,49.165332,96.716146,98.330664,0.0,0.0,96.716146,0.0,,,
v1.0.1,copymove,copymove/tp_copymove_0_000000006432_tif,/home/panuwat/Pictures/Test-Cases/with_mask/copymove/images/test/tp_copymove_0_000000006432_tif.png,/home/panuwat/Pictures/Test-Cases/with_mask/copymove/annotations/test/tp_copymove_0_000000006432_tif.png,491,640,50.0,0,0,9344,304896,48.513238,49.2454,97.026477,98.4908,0.0,0.0,97.026477,0.0,,,
v1.0.1,copymove,copymove/tp_copymove_0_000000008119_tif,/home/panuwat/Pictures/Test-Cases/with_mask/copymove/images/test/tp_copymove_0_000000008119_tif.png,/home/panuwat/Pictures/Test-Cases/with_mask/copymove/annotations/test/tp_copymove_0_000000008119_tif.png,640,480,50.0,0,0,328,306872,49.946615,49.973293,99.893229,99.946586,0.0,0.0,99.893229,0.0,,,
v1.0.1,copymove,copymove/tp_copymove_0_000000009170_tif,/home/panuwat/Pictures/Test-Cases/with_mask/copymove/images/test/tp_copymove_0_000000009170_tif.png,/home/panuwat/Pictures/Test-Cases/with_mask/copymove/annotations/test/tp_copymove_0_000000009170_tif.png,640,383,50.0,0,0,21756,223364,45.562174,47.678042,91.124347,95.356085,0.0,0.0,91.124347,0.0,,,
v1.0.1,copymove,copymove/tp_copymove_0_000000009960_tif,/home/panuwat/Pictures/Test-Cases/with_mask/copymove/images/test/tp_copymove_0_000000009960_tif.png,/home/panuwat/Pictures/Test-Cases/with_mask/copymove/annotations/test/tp_copymove_0_000000009960_tif.png,640,427,50.0,0,0,394,272886,49.927913,49.96393,99.855826,99.927861,0.0,0.0,99.855826,0.0,,,
v1.0.1,copymove,copymove/tp_copymove_0_000000011075_tif,/home/panuwat/Pictures/Test-Cases/with_mask/copymove/images/test/tp_copymove_0_000000011075_tif.png,/home/panuwat/Pictures/Test-Cases/with_mask/copymove/annotations/test/tp_copymove_0_000000011075_tif.png,640,480,50.0,0,0,31694,275506,44.841471,47.280447,89.682943,94.560893,0.0,0.0,89.682943,0.0,,,
v1.0.1,copymove,copymove/tp_copymove_0_000000011701_tif,/home/panuwat/Pictures/Test-Cases/with_mask/copymove/images/test/tp_copymove_0_000000011701_tif.png,/home/panuwat/Pictures/Test-Cases/with_mask/copymove/annotations/test/tp_copymove_0_000000011701_tif.png,612,612,50.0,0,0,44914,329630,44.004176,46.810873,88.008351,93.621747,0.0,0.0,88.008351,0.0,,,
v1.0.1,copymove,copymove/tp_copymove_0_000000012711_tif,/home/panuwat/Pictures/Test-Cases/with_mask/copymove/images/test/tp_copymove_0_000000012711_tif.png,/home/panuwat/Pictures/Test-Cases/with_mask/copymove/annotations/test/tp_copymove_0_000000012711_tif.png,640,480,50.0,0,0,2501,304699,49.592936,49.795636,99.185872,99.591272,0.0,0.0,99.185872,0.0,,,
v1.0.1,copymove,copymove/tp_copymove_0_000000012881_tif,/home/panuwat/Pictures/Test-Cases/with_mask/copymove/images/test/tp_copymove_0_000000012881_tif.png,/home/panuwat/Pictures/Test-Cases/with_mask/copymove/annotations/test/tp_copymove_0_000000012881_tif.png,640,428,50.0,0,0,7419,266501,48.645772,49.313591,97.291545,98.627181,0.0,0.0,97.291545,0.0,,,
v1.0.1,copymove,copymove/tp_copymove_0_000000012953_tif,/home/panuwat/Pictures/Test-Cases/with_mask/copymove/images/test/tp_copymove_0_000000012953_tif.png,/home/panuwat/Pictures/Test-Cases/with_mask/copymove/annotations/test/tp_copymove_0_000000012953_tif.png,640,433,50.0,0,0,12906,264214,47.671406,48.807945,95.342812,97.61589,0.0,0.0,95.342812,0.0,,,
v1.0.1,copymove,copymove/tp_copymove_0_000000013202_tif,/home/panuwat/Pictures/Test-Cases/with_mask/copymove/images/test/tp_copymove_0_000000013202_tif.png,/home/panuwat/Pictures/Test-Cases/with_mask/copymove/annotations/test/tp_copymove_0_000000013202_tif.png,427,640,50.0,0,0,9363,263917,48.286922,49.128532,96.573844,98.257064,0.0,0.0,96.573844,0.0,,,
v1.0.1,face,face/tp_face_morphing_0.jpg_IN_100.jpg_tif,/home/panuwat/Pictures/Test-Cases/with_mask/face/images/test/tp_face_morphing_0.jpg_IN_100.jpg_tif.png,/home/panuwat/Pictures/Test-Cases/with_mask/face/annotations/test/tp_face_morphing_0.jpg_IN_100.jpg_tif.png,500,652,50.0,0,0,65140,260860,40.009202,44.450124,80.018405,88.900249,0.0,0.0,80.018405,0.0,,,
v1.0.1,face,face/tp_face_morphing_0.jpg_IN_110.jpg_tif,/home/panuwat/Pictures/Test-Cases/with_mask/face/images/test/tp_face_morphing_0.jpg_IN_110.jpg_tif.png,/home/panuwat/Pictures/Test-Cases/with_mask/face/annotations/test/tp_face_morphing_0.jpg_IN_110.jpg_tif.png,500,652,50.0,0,0,66760,259240,39.760736,44.296357,79.521472,88.592714,0.0,0.0,79.521472,0.0,,,
v1.0.1,face,face/tp_face_morphing_0.jpg_IN_112.jpg_tif,/home/panuwat/Pictures/Test-Cases/with_mask/face/images/test/tp_face_morphing_0.jpg_IN_112.jpg_tif.png,/home/panuwat/Pictures/Test-Cases/with_mask/face/annotations/test/tp_face_morphing_0.jpg_IN_112.jpg_tif.png,500,652,50.0,0,0,69490,256510,39.342025,44.035296,78.684049,88.070591,0.0,0.0,78.684049,0.0,,,
v1.0.1,face,face/tp_face_morphing_0.jpg_IN_127.jpg_tif,/home/panuwat/Pictures/Test-Cases/with_mask/face/images/test/tp_face_morphing_0.jpg_IN_127.jpg_tif.png,/home/panuwat/Pictures/Test-Cases/with_mask/face/annotations/test/tp_face_morphing_0.jpg_IN_127.jpg_tif.png,500,652,50.0,0,0,62768,263232,40.373006,44.673745,80.746012,89.34749,0.0,0.0,80.746012,0.0,,,
v1.0.1,face,face/tp_face_morphing_0.jpg_IN_131.jpg_tif,/home/panuwat/Pictures/Test-Cases/with_mask/face/images/test/tp_face_morphing_0.jpg_IN_131.jpg_tif.png,/home/panuwat/Pictures/Test-Cases/with_mask/face/annotations/test/tp_face_morphing_0.jpg_IN_131.jpg_tif.png,500,652,50.0,0,0,89431,236569,36.283589,42.051553,72.567178,84.103106,0.0,0.0,72.567178,0.0,,,
v1.0.1,face,face/tp_face_morphing_0.jpg_IN_132.jpg_tif,/home/panuwat/Pictures/Test-Cases/with_mask/face/images/test/tp_face_morphing_0.jpg_IN_132.jpg_tif.png,/home/panuwat/Pictures/Test-Cases/with_mask/face/annotations/test/tp_face_morphing_0.jpg_IN_132.jpg_tif.png,500,652,50.0,0,0,86973,239027,36.660583,42.303642,73.321166,84.607284,0.0,0.0,73.321166,0.0,,,
v1.0.1,face,face/tp_face_morphing_0.jpg_IN_170.jpg_tif,/home/panuwat/Pictures/Test-Cases/with_mask/face/images/test/tp_face_morphing_0.jpg_IN_170.jpg_tif.png,/home/panuwat/Pictures/Test-Cases/with_mask/face/annotations/test/tp_face_morphing_0.jpg_IN_170.jpg_tif.png,500,652,50.0,0,0,70939,255061,39.119785,43.895736,78.239571,87.791471,0.0,0.0,78.239571,0.0,,,
v1.0.1,face,face/tp_face_morphing_0.jpg_IN_171.jpg_tif,/home/panuwat/Pictures/Test-Cases/with_mask/face/images/test/tp_face_morphing_0.jpg_IN_171.jpg_tif.png,/home/panuwat/Pictures/Test-Cases/with_mask/face/annotations/test/tp_face_morphing_0.jpg_IN_171.jpg_tif.png,500,652,50.0,0,0,61384,264616,40.585276,44.803392,81.170552,89.606783,0.0,0.0,81.170552,0.0,,,
v1.0.1,face,face/tp_face_morphing_0.jpg_IN_177.jpg_tif,/home/panuwat/Pictures/Test-Cases/with_mask/face/images/test/tp_face_morphing_0.jpg_IN_177.jpg_tif.png,/home/panuwat/Pictures/Test-Cases/with_mask/face/annotations/test/tp_face_morphing_0.jpg_IN_177.jpg_tif.png,500,652,50.0,0,122,73454,252424,38.715337,43.63996,77.430675,87.279919,0.0,0.0,77.430675,0.048308,,,
v1.0.1,face,face/tp_face_morphing_0.jpg_IN_190.jpg_tif,/home/panuwat/Pictures/Test-Cases/with_mask/face/images/test/tp_face_morphing_0.jpg_IN_190.jpg_tif.png,/home/panuwat/Pictures/Test-Cases/with_mask/face/annotations/test/tp_face_morphing_0.jpg_IN_190.jpg_tif.png,500,652,50.0,0,0,66673,259327,39.77408,44.304637,79.54816,88.609273,0.0,0.0,79.54816,0.0,,,
v1.0.1,face,face/tp_face_morphing_0.jpg_IN_192.jpg_tif,/home/panuwat/Pictures/Test-Cases/with_mask/face/images/test/tp_face_morphing_0.jpg_IN_192.jpg_tif.png,/home/panuwat/Pictures/Test-Cases/with_mask/face/annotations/test/tp_face_morphing_0.jpg_IN_192.jpg_tif.png,500,652,50.0,0,0,68283,257717,39.527147,44.151018,79.054294,88.302037,0.0,0.0,79.054294,0.0,,,
v1.0.1,face,face/tp_face_morphing_0.jpg_IN_199.jpg_tif,/home/panuwat/Pictures/Test-Cases/with_mask/face/images/test/tp_face_morphing_0.jpg_IN_199.jpg_tif.png,/home/panuwat/Pictures/Test-Cases/with_mask/face/annotations/test/tp_face_morphing_0.jpg_IN_199.jpg_tif.png,500,652,50.0,0,3757,69989,252254,38.689264,43.62339,77.378528,87.246781,0.0,0.0,77.378528,1.467515,,,
v1.0.1,face,face/tp_face_morphing_0.jpg_IN_31.jpg_tif,/home/panuwat/Pictures/Test-Cases/with_mask/face/images/test/tp_face_morphing_0.jpg_IN_31.jpg_tif.png,/home/panuwat/Pictures/Test-Cases/with_mask/face/annotations/test/tp_face_morphing_0.jpg_IN_31.jpg_tif.png,500,652,50.0,0,0,66786,259214,39.756748,44.293882,79.513497,88.587764,0.0,0.0,79.513497,0.0,,,
v1.0.1,face,face/tp_face_morphing_0.jpg_IN_37.jpg_tif,/home/panuwat/Pictures/Test-Cases/with_mask/face/images/test/tp_face_morphing_0.jpg_IN_37.jpg_tif.png,/home/panuwat/Pictures/Test-Cases/with_mask/face/annotations/test/tp_face_morphing_0.jpg_IN_37.jpg_tif.png,500,652,50.0,0,0,72342,253658,38.904601,43.759941,77.809202,87.519882,0.0,0.0,77.809202,0.0,,,
v1.0.1,face,face/tp_face_morphing_0.jpg_IN_49.jpg_tif,/home/panuwat/Pictures/Test-Cases/with_mask/face/images/test/tp_face_morphing_0.jpg_IN_49.jpg_tif.png,/home/panuwat/Pictures/Test-Cases/with_mask/face/annotations/test/tp_face_morphing_0.jpg_IN_49.jpg_tif.png,500,652,50.0,0,0,67874,258126,39.589877,44.190123,79.179755,88.380247,0.0,0.0,79.179755,0.0,,,
v1.0.1,imd2020,imd2020/tp_imd2020_00064_fake_jpg,/home/panuwat/Pictures/Test-Cases/with_mask/imd2020/images/test/tp_imd2020_00064_fake_jpg.png,/home/panuwat/Pictures/Test-Cases/with_mask/imd2020/annotations/test/tp_imd2020_00064_fake_jpg.png,699,451,50.0,0,0,101044,214205,33.973938,40.457717,67.947876,80.915434,0.0,0.0,67.947876,0.0,,,
v1.0.1,imd2020,imd2020/tp_imd2020_00097_fake_jpg,/home/panuwat/Pictures/Test-Cases/with_mask/imd2020/images/test/tp_imd2020_00097_fake_jpg.png,/home/panuwat/Pictures/Test-Cases/with_mask/imd2020/annotations/test/tp_imd2020_00097_fake_jpg.png,383,274,50.0,0,0,2227,102715,48.938938,49.463779,97.877875,98.927558,0.0,0.0,97.877875,0.0,,,
v1.0.1,imd2020,imd2020/tp_imd2020_c8u0rrz_0_jpg,/home/panuwat/Pictures/Test-Cases/with_mask/imd2020/images/test/tp_imd2020_c8u0rrz_0_jpg.png,/home/panuwat/Pictures/Test-Cases/with_mask/imd2020/annotations/test/tp_imd2020_c8u0rrz_0_jpg.png,620,464,50.0,0,0,33023,254657,44.260463,46.955491,88.520926,93.910982,0.0,0.0,88.520926,0.0,,,
v1.0.1,imd2020,imd2020/tp_imd2020_c8u4gpd_0_jpg,/home/panuwat/Pictures/Test-Cases/with_mask/imd2020/images/test/tp_imd2020_c8u4gpd_0_jpg.png,/home/panuwat/Pictures/Test-Cases/with_mask/imd2020/annotations/test/tp_imd2020_c8u4gpd_0_jpg.png,501,409,50.0,0,0,130809,74100,18.081197,26.558283,36.162394,53.116566,0.0,0.0,36.162394,0.0,,,
v1.0.1,imd2020,imd2020/tp_imd2020_c8vgphr_0_jpg,/home/panuwat/Pictures/Test-Cases/with_mask/imd2020/images/test/tp_imd2020_c8vgphr_0_jpg.png,/home/panuwat/Pictures/Test-Cases/with_mask/imd2020/annotations/test/tp_imd2020_c8vgphr_0_jpg.png,375,500,50.0,0,0,9457,178043,47.478133,48.706445,94.956267,97.41289,0.0,0.0,94.956267,0.0,,,
v1.0.1,imd2020,imd2020/tp_imd2020_c8vkf28_0_jpg,/home/panuwat/Pictures/Test-Cases/with_mask/imd2020/images/test/tp_imd2020_c8vkf28_0_jpg.png,/home/panuwat/Pictures/Test-Cases/with_mask/imd2020/annotations/test/tp_imd2020_c8vkf28_0_jpg.png,1200,750,50.0,0,0,26389,873611,48.533944,49.256066,97.067889,98.512131,0.0,0.0,97.067889,0.0,,,
v1.0.1,imd2020,imd2020/tp_imd2020_c8vpmfd_0_jpg,/home/panuwat/Pictures/Test-Cases/with_mask/imd2020/images/test/tp_imd2020_c8vpmfd_0_jpg.png,/home/panuwat/Pictures/Test-Cases/with_mask/imd2020/annotations/test/tp_imd2020_c8vpmfd_0_jpg.png,1920,1200,50.0,0,0,43449,2260551,49.057096,49.524061,98.114193,99.048121,0.0,0.0,98.114193,0.0,,,
v1.0.1,imd2020,imd2020/tp_imd2020_c8vqeqw_0_jpg,/home/panuwat/Pictures/Test-Cases/with_mask/imd2020/images/test/tp_imd2020_c8vqeqw_0_jpg.png,/home/panuwat/Pictures/Test-Cases/with_mask/imd2020/annotations/test/tp_imd2020_c8vqeqw_0_jpg.png,1920,1200,50.0,0,0,30990,2273010,49.327474,49.66146,98.654948,99.32292,0.0,0.0,98.654948,0.0,,,
v1.0.1,imd2020,imd2020/tp_imd2020_c8w0r2r_0_jpg,/home/panuwat/Pictures/Test-Cases/with_mask/imd2020/images/test/tp_imd2020_c8w0r2r_0_jpg.png,/home/panuwat/Pictures/Test-Cases/with_mask/imd2020/annotations/test/tp_imd2020_c8w0r2r_0_jpg.png,1120,629,50.0,0,390,133298,570792,40.511583,44.758452,81.023166,89.516903,0.0,0.0,81.023166,0.068279,,,
v1.0.1,imd2020,imd2020/tp_imd2020_c8wvegs_0_jpg,/home/panuwat/Pictures/Test-Cases/with_mask/imd2020/images/test/tp_imd2020_c8wvegs_0_jpg.png,/home/panuwat/Pictures/Test-Cases/with_mask/imd2020/annotations/test/tp_imd2020_c8wvegs_0_jpg.png,953,953,50.0,0,3590,3977,900642,49.583411,49.790834,99.166822,99.581668,0.0,0.0,99.166822,0.397022,,,
v1.0.1,imd2020,imd2020/tp_imd2020_c8xhzdr_0_jpg,/home/panuwat/Pictures/Test-Cases/with_mask/imd2020/images/test/tp_imd2020_c8xhzdr_0_jpg.png,/home/panuwat/Pictures/Test-Cases/with_mask/imd2020/annotations/test/tp_imd2020_c8xhzdr_0_jpg.png,650,366,50.0,0,0,4941,232959,48.961538,49.475321,97.923077,98.950641,0.0,0.0,97.923077,0.0,,,
v1.0.1,imd2020,imd2020/tp_imd2020_c8xtrds_0_jpg,/home/panuwat/Pictures/Test-Cases/with_mask/imd2020/images/test/tp_imd2020_c8xtrds_0_jpg.png,/home/panuwat/Pictures/Test-Cases/with_mask/imd2020/annotations/test/tp_imd2020_c8xtrds_0_jpg.png,444,644,50.0,0,0,13439,272497,47.649999,48.796722,95.299997,97.593445,0.0,0.0,95.299997,0.0,,,
v1.0.1,imd2020,imd2020/tp_imd2020_c8yjv4u_0_jpg,/home/panuwat/Pictures/Test-Cases/with_mask/imd2020/images/test/tp_imd2020_c8yjv4u_0_jpg.png,/home/panuwat/Pictures/Test-Cases/with_mask/imd2020/annotations/test/tp_imd2020_c8yjv4u_0_jpg.png,549,732,50.0,0,3043,14024,384801,47.876542,48.915236,95.753083,97.830473,0.0,0.0,95.753083,0.784594,,,
v1.0.1,imd2020,imd2020/tp_imd2020_c8ynnae_0_jpg,/home/panuwat/Pictures/Test-Cases/with_mask/imd2020/images/test/tp_imd2020_c8ynnae_0_jpg.png,/home/panuwat/Pictures/Test-Cases/with_mask/imd2020/annotations/test/tp_imd2020_c8ynnae_0_jpg.png,453,604,50.0,69,2722,5127,265694,49.001024,50.136116,97.130616,98.544425,0.871432,1.727808,97.131339,1.014098,,,
v1.0.1,imd2020,imd2020/tp_imd2020_c8zefoe_0_jpg,/home/panuwat/Pictures/Test-Cases/with_mask/imd2020/images/test/tp_imd2020_c8zefoe_0_jpg.png,/home/panuwat/Pictures/Test-Cases/with_mask/imd2020/annotations/test/tp_imd2020_c8zefoe_0_jpg.png,1200,704,50.0,0,3895,43796,797109,47.177379,48.547697,94.354759,97.095393,0.0,0.0,94.354759,0.486265,,,
v1.0.1,inpainting,inpainting/tp_inpaint_0_000000000943_tif,/home/panuwat/Pictures/Test-Cases/with_mask/inpainting/images/test/tp_inpaint_0_000000000943_tif.png,/home/panuwat/Pictures/Test-Cases/with_mask/inpainting/annotations/test/tp_inpaint_0_000000000943_tif.png,640,360,50.0,10400,465,5372,214163,80.69903,88.371223,97.346818,98.655574,64.051241,78.086872,97.46658,0.216654,,,
v1.0.1,inpainting,inpainting/tp_inpaint_0_000000001596_tif,/home/panuwat/Pictures/Test-Cases/with_mask/inpainting/images/test/tp_inpaint_0_000000001596_tif.png,/home/panuwat/Pictures/Test-Cases/with_mask/inpainting/annotations/test/tp_inpaint_0_000000001596_tif.png,500,419,50.0,0,0,1124,208376,49.731742,49.86551,99.463484,99.731021,0.0,0.0,99.463484,0.0,,,
v1.0.1,inpainting,inpainting/tp_inpaint_0_000000002614_tif,/home/panuwat/Pictures/Test-Cases/with_mask/inpainting/images/test/tp_inpaint_0_000000002614_tif.png,/home/panuwat/Pictures/Test-Cases/with_mask/inpainting/annotations/test/tp_inpaint_0_000000002614_tif.png,640,427,50.0,8190,3073,2044,259973,79.808133,87.611064,98.069712,99.02545,61.546554,76.196679,98.127561,1.168237,,,
v1.0.1,inpainting,inpainting/tp_inpaint_0_000000003488_tif,/home/panuwat/Pictures/Test-Cases/with_mask/inpainting/images/test/tp_inpaint_0_000000003488_tif.png,/home/panuwat/Pictures/Test-Cases/with_mask/inpainting/annotations/test/tp_inpaint_0_000000003488_tif.png,500,333,50.0,648,14,494,165344,77.874533,85.843486,99.693703,99.846617,56.055363,71.840355,99.694895,0.008466,,,
v1.0.1,inpainting,inpainting/tp_inpaint_0_000000005210_tif,/home/panuwat/Pictures/Test-Cases/with_mask/inpainting/images/test/tp_inpaint_0_000000005210_tif.png,/home/panuwat/Pictures/Test-Cases/with_mask/inpainting/annotations/test/tp_inpaint_0_000000005210_tif.png,640,426,50.0,0,0,274,272366,49.949751,49.974863,99.899501,99.949725,0.0,0.0,99.899501,0.0,,,
v1.0.1,inpainting,inpainting/tp_inpaint_0_000000005699_tif,/home/panuwat/Pictures/Test-Cases/with_mask/inpainting/images/test/tp_inpaint_0_000000005699_tif.png,/home/panuwat/Pictures/Test-Cases/with_mask/inpainting/annotations/test/tp_inpaint_0_000000005699_tif.png,600,400,50.0,0,0,480,239520,49.9,49.94995,99.8,99.8999,0.0,0.0,99.8,0.0,,,
v1.0.1,inpainting,inpainting/tp_inpaint_0_000000008119_tif,/home/panuwat/Pictures/Test-Cases/with_mask/inpainting/images/test/tp_inpaint_0_000000008119_tif.png,/home/panuwat/Pictures/Test-Cases/with_mask/inpainting/annotations/test/tp_inpaint_0_000000008119_tif.png,640,480,50.0,0,0,320,306880,49.947917,49.973945,99.895833,99.94789,0.0,0.0,99.895833,0.0,,,
v1.0.1,inpainting,inpainting/tp_inpaint_0_000000009960_tif,/home/panuwat/Pictures/Test-Cases/with_mask/inpainting/images/test/tp_inpaint_0_000000009960_tif.png,/home/panuwat/Pictures/Test-Cases/with_mask/inpainting/annotations/test/tp_inpaint_0_000000009960_tif.png,640,427,50.0,0,0,454,272826,49.916935,49.958433,99.83387,99.916866,0.0,0.0,99.83387,0.0,,,
v1.0.1,inpainting,inpainting/tp_inpaint_0_000000010779_tif,/home/panuwat/Pictures/Test-Cases/with_mask/inpainting/images/test/tp_inpaint_0_000000010779_tif.png,/home/panuwat/Pictures/Test-Cases/with_mask/inpainting/annotations/test/tp_inpaint_0_000000010779_tif.png,532,640,50.0,9204,621,9917,320738,71.720191,80.989028,96.818967,98.383777,46.621416,63.594279,96.904958,0.193242,,,
v1.0.1,inpainting,inpainting/tp_inpaint_0_000000011075_tif,/home/panuwat/Pictures/Test-Cases/with_mask/inpainting/images/test/tp_inpaint_0_000000011075_tif.png,/home/panuwat/Pictures/Test-Cases/with_mask/inpainting/annotations/test/tp_inpaint_0_000000011075_tif.png,640,480,50.0,83936,4742,6574,211948,91.525748,95.542366,94.931561,97.399888,88.119934,93.684845,96.316406,2.18838,,,
v1.0.1,inpainting,inpainting/tp_inpaint_0_000000011831_tif,/home/panuwat/Pictures/Test-Cases/with_mask/inpainting/images/test/tp_inpaint_0_000000011831_tif.png,/home/panuwat/Pictures/Test-Cases/with_mask/inpainting/annotations/test/tp_inpaint_0_000000011831_tif.png,640,427,50.0,0,0,2658,270622,49.513686,49.755655,99.027371,99.511309,0.0,0.0,99.027371,0.0,,,
v1.0.1,inpainting,inpainting/tp_inpaint_0_000000012927_tif,/home/panuwat/Pictures/Test-Cases/with_mask/inpainting/images/test/tp_inpaint_0_000000012927_tif.png,/home/panuwat/Pictures/Test-Cases/with_mask/inpainting/annotations/test/tp_inpaint_0_000000012927_tif.png,640,425,50.0,2212,1551,6758,261479,58.972396,66.590184,96.920174,98.436003,21.024617,34.744365,96.945221,0.589667,,,
v1.0.1,inpainting,inpainting/tp_inpaint_0_000000016359_tif,/home/panuwat/Pictures/Test-Cases/with_mask/inpainting/images/test/tp_inpaint_0_000000016359_tif.png,/home/panuwat/Pictures/Test-Cases/with_mask/inpainting/annotations/test/tp_inpaint_0_000000016359_tif.png,640,383,50.0,3144,63,3069,238844,74.40063,83.050103,98.705657,99.348613,50.095602,66.751592,98.722258,0.02637,,,
v1.0.1,inpainting,inpainting/tp_inpaint_0_000000017474_tif,/home/panuwat/Pictures/Test-Cases/with_mask/inpainting/images/test/tp_inpaint_0_000000017474_tif.png,/home/panuwat/Pictures/Test-Cases/with_mask/inpainting/annotations/test/tp_inpaint_0_000000017474_tif.png,640,427,50.0,0,0,256,273024,49.953162,49.97657,99.906323,99.95314,0.0,0.0,99.906323,0.0,,,
v1.0.1,inpainting,inpainting/tp_inpaint_0_000000018290_tif,/home/panuwat/Pictures/Test-Cases/with_mask/inpainting/images/test/tp_inpaint_0_000000018290_tif.png,/home/panuwat/Pictures/Test-Cases/with_mask/inpainting/annotations/test/tp_inpaint_0_000000018290_tif.png,640,379,50.0,111,9,323,242117,62.459749,70.001844,99.863064,99.931485,25.056433,40.072202,99.863127,0.003717,,,
v1.0.1,splicing,splicing/tp_splice1_10007_000000130973_tif,/home/panuwat/Pictures/Test-Cases/with_mask/splicing/images/test/tp_splice1_10007_000000130973_tif.png,/home/panuwat/Pictures/Test-Cases/with_mask/splicing/annotations/test/tp_splice1_10007_000000130973_tif.png,640,427,50.0,0,0,4134,269146,49.243633,49.618934,98.487266,99.237868,0.0,0.0,98.487266,0.0,,,
v1.0.1,splicing,splicing/tp_splice1_10046_000000517430_tif,/home/panuwat/Pictures/Test-Cases/with_mask/splicing/images/test/tp_splice1_10046_000000517430_tif.png,/home/panuwat/Pictures/Test-Cases/with_mask/splicing/annotations/test/tp_splice1_10046_000000517430_tif.png,640,480,50.0,0,0,599,306601,49.902507,49.951206,99.805013,99.902411,0.0,0.0,99.805013,0.0,,,
v1.0.1,splicing,splicing/tp_splice1_10059_000000578306_tif,/home/panuwat/Pictures/Test-Cases/with_mask/splicing/images/test/tp_splice1_10059_000000578306_tif.png,/home/panuwat/Pictures/Test-Cases/with_mask/splicing/annotations/test/tp_splice1_10059_000000578306_tif.png,640,427,50.0,0,0,1679,271601,49.692806,49.84593,99.385612,99.691859,0.0,0.0,99.385612,0.0,,,
v1.0.1,splicing,splicing/tp_splice1_10102_000000389655_tif,/home/panuwat/Pictures/Test-Cases/with_mask/splicing/images/test/tp_splice1_10102_000000389655_tif.png,/home/panuwat/Pictures/Test-Cases/with_mask/splicing/annotations/test/tp_splice1_10102_000000389655_tif.png,640,428,50.0,0,0,5464,268456,49.002629,49.49629,98.005257,98.992581,0.0,0.0,98.005257,0.0,,,
v1.0.1,splicing,splicing/tp_splice1_10147_000000365623_tif,/home/panuwat/Pictures/Test-Cases/with_mask/splicing/images/test/tp_splice1_10147_000000365623_tif.png,/home/panuwat/Pictures/Test-Cases/with_mask/splicing/annotations/test/tp_splice1_10147_000000365623_tif.png,640,480,50.0,0,0,9025,298175,48.531087,49.254594,97.062174,98.509189,0.0,0.0,97.062174,0.0,,,
v1.0.1,splicing,splicing/tp_splice1_10176_000000008547_tif,/home/panuwat/Pictures/Test-Cases/with_mask/splicing/images/test/tp_splice1_10176_000000008547_tif.png,/home/panuwat/Pictures/Test-Cases/with_mask/splicing/annotations/test/tp_splice1_10176_000000008547_tif.png,640,419,50.0,0,0,2652,265508,49.505519,49.751531,99.011038,99.503062,0.0,0.0,99.011038,0.0,,,
v1.0.1,splicing,splicing/tp_splice1_10267_000000553552_tif,/home/panuwat/Pictures/Test-Cases/with_mask/splicing/images/test/tp_splice1_10267_000000553552_tif.png,/home/panuwat/Pictures/Test-Cases/with_mask/splicing/annotations/test/tp_splice1_10267_000000553552_tif.png,640,430,50.0,0,0,1598,273602,49.709666,49.85441,99.419331,99.70882,0.0,0.0,99.419331,0.0,,,
v1.0.1,splicing,splicing/tp_splice1_1028_000000424348_tif,/home/panuwat/Pictures/Test-Cases/with_mask/splicing/images/test/tp_splice1_1028_000000424348_tif.png,/home/panuwat/Pictures/Test-Cases/with_mask/splicing/annotations/test/tp_splice1_1028_000000424348_tif.png,640,512,50.0,0,0,3839,323841,49.414215,49.705382,98.82843,99.410763,0.0,0.0,98.82843,0.0,,,
v1.0.1,splicing,splicing/tp_splice1_10311_000000553908_tif,/home/panuwat/Pictures/Test-Cases/with_mask/splicing/images/test/tp_splice1_10311_000000553908_tif.png,/home/panuwat/Pictures/Test-Cases/with_mask/splicing/annotations/test/tp_splice1_10311_000000553908_tif.png,497,640,50.0,0,0,670,317410,49.894681,49.947285,99.789361,99.89457,0.0,0.0,99.789361,0.0,,,
v1.0.1,splicing,splicing/tp_splice1_10314_000000269103_tif,/home/panuwat/Pictures/Test-Cases/with_mask/splicing/images/test/tp_splice1_10314_000000269103_tif.png,/home/panuwat/Pictures/Test-Cases/with_mask/splicing/annotations/test/tp_splice1_10314_000000269103_tif.png,640,480,50.0,0,0,994,306206,49.838216,49.918977,99.676432,99.837954,0.0,0.0,99.676432,0.0,,,
v1.0.1,splicing,splicing/tp_splice1_1032_000000410356_tif,/home/panuwat/Pictures/Test-Cases/with_mask/splicing/images/test/tp_splice1_1032_000000410356_tif.png,/home/panuwat/Pictures/Test-Cases/with_mask/splicing/annotations/test/tp_splice1_1032_000000410356_tif.png,640,360,50.0,0,0,4498,225902,49.023872,49.507125,98.047743,99.014249,0.0,0.0,98.047743,0.0,,,
v1.0.1,splicing,splicing/tp_splice1_10380_000000465395_tif,/home/panuwat/Pictures/Test-Cases/with_mask/splicing/images/test/tp_splice1_10380_000000465395_tif.png,/home/panuwat/Pictures/Test-Cases/with_mask/splicing/annotations/test/tp_splice1_10380_000000465395_tif.png,640,429,50.0,0,0,710,273850,49.870702,49.935267,99.741404,99.870535,0.0,0.0,99.741404,0.0,,,
v1.0.1,splicing,splicing/tp_splice1_10386_000000480983_tif,/home/panuwat/Pictures/Test-Cases/with_mask/splicing/images/test/tp_splice1_10386_000000480983_tif.png,/home/panuwat/Pictures/Test-Cases/with_mask/splicing/annotations/test/tp_splice1_10386_000000480983_tif.png,640,426,50.0,0,0,4253,268387,49.220034,49.606951,98.440067,99.213902,0.0,0.0,98.440067,0.0,,,
v1.0.1,splicing,splicing/tp_splice1_10397_000000032562_tif,/home/panuwat/Pictures/Test-Cases/with_mask/splicing/images/test/tp_splice1_10397_000000032562_tif.png,/home/panuwat/Pictures/Test-Cases/with_mask/splicing/annotations/test/tp_splice1_10397_000000032562_tif.png,640,427,50.0,0,0,6187,267093,48.868011,49.427525,97.736022,98.85505,0.0,0.0,97.736022,0.0,,,
v1.0.1,splicing,splicing/tp_splice1_10450_000000031497_tif,/home/panuwat/Pictures/Test-Cases/with_mask/splicing/images/test/tp_splice1_10450_000000031497_tif.png,/home/panuwat/Pictures/Test-Cases/with_mask/splicing/annotations/test/tp_splice1_10450_000000031497_tif.png,640,412,50.0,0,0,2815,260865,49.466209,49.731672,98.932418,99.463344,0.0,0.0,98.932418,0.0,,,
v1.0.2,authentic,authentic/au_usb_000000000036_jpg,/home/panuwat/Pictures/Test-Cases/with_mask/authentic/images/test/au_usb_000000000036_jpg.png,/home/panuwat/Pictures/Test-Cases/with_mask/authentic/annotations/test/au_usb_000000000036_jpg.png,481,640,50.0,0,0,0,307840,100.0,100.0,100.0,100.0,,,100.0,0.0,,,
v1.0.2,authentic,authentic/au_usb_000000000092_jpg,/home/panuwat/Pictures/Test-Cases/with_mask/authentic/images/test/au_usb_000000000092_jpg.png,/home/panuwat/Pictures/Test-Cases/with_mask/authentic/annotations/test/au_usb_000000000092_jpg.png,640,427,50.0,0,0,0,273280,100.0,100.0,100.0,100.0,,,100.0,0.0,,,
v1.0.2,authentic,authentic/au_usb_000000000247_jpg,/home/panuwat/Pictures/Test-Cases/with_mask/authentic/images/test/au_usb_000000000247_jpg.png,/home/panuwat/Pictures/Test-Cases/with_mask/authentic/annotations/test/au_usb_000000000247_jpg.png,640,424,50.0,0,0,0,271360,100.0,100.0,100.0,100.0,,,100.0,0.0,,,
v1.0.2,authentic,authentic/au_usb_000000000263_jpg,/home/panuwat/Pictures/Test-Cases/with_mask/authentic/images/test/au_usb_000000000263_jpg.png,/home/panuwat/Pictures/Test-Cases/with_mask/authentic/annotations/test/au_usb_000000000263_jpg.png,591,640,50.0,0,0,0,378240,100.0,100.0,100.0,100.0,,,100.0,0.0,,,
v1.0.2,authentic,authentic/au_usb_000000000322_jpg,/home/panuwat/Pictures/Test-Cases/with_mask/authentic/images/test/au_usb_000000000322_jpg.png,/home/panuwat/Pictures/Test-Cases/with_mask/authentic/annotations/test/au_usb_000000000322_jpg.png,640,481,50.0,0,666,0,307174,49.891827,49.945855,99.783654,99.89171,0.0,0.0,99.783654,0.216346,,,
v1.0.2,authentic,authentic/au_usb_000000000359_jpg,/home/panuwat/Pictures/Test-Cases/with_mask/authentic/images/test/au_usb_000000000359_jpg.png,/home/panuwat/Pictures/Test-Cases/with_mask/authentic/annotations/test/au_usb_000000000359_jpg.png,500,332,50.0,0,0,0,166000,100.0,100.0,100.0,100.0,,,100.0,0.0,,,
v1.0.2,authentic,authentic/au_usb_000000000360_jpg,/home/panuwat/Pictures/Test-Cases/with_mask/authentic/images/test/au_usb_000000000360_jpg.png,/home/panuwat/Pictures/Test-Cases/with_mask/authentic/annotations/test/au_usb_000000000360_jpg.png,500,375,50.0,0,0,0,187500,100.0,100.0,100.0,100.0,,,100.0,0.0,,,
v1.0.2,authentic,authentic/au_usb_000000000488_jpg,/home/panuwat/Pictures/Test-Cases/with_mask/authentic/images/test/au_usb_000000000488_jpg.png,/home/panuwat/Pictures/Test-Cases/with_mask/authentic/annotations/test/au_usb_000000000488_jpg.png,640,406,50.0,0,0,0,259840,100.0,100.0,100.0,100.0,,,100.0,0.0,,,
v1.0.2,authentic,authentic/au_usb_000000000529_jpg,/home/panuwat/Pictures/Test-Cases/with_mask/authentic/images/test/au_usb_000000000529_jpg.png,/home/panuwat/Pictures/Test-Cases/with_mask/authentic/annotations/test/au_usb_000000000529_jpg.png,427,640,50.0,0,0,0,273280,100.0,100.0,100.0,100.0,,,100.0,0.0,,,
v1.0.2,authentic,authentic/au_usb_000000000532_jpg,/home/panuwat/Pictures/Test-Cases/with_mask/authentic/images/test/au_usb_000000000532_jpg.png,/home/panuwat/Pictures/Test-Cases/with_mask/authentic/annotations/test/au_usb_000000000532_jpg.png,640,480,50.0,0,0,0,307200,100.0,100.0,100.0,100.0,,,100.0,0.0,,,
v1.0.2,authentic,authentic/au_usb_000000000612_jpg,/home/panuwat/Pictures/Test-Cases/with_mask/authentic/images/test/au_usb_000000000612_jpg.png,/home/panuwat/Pictures/Test-Cases/with_mask/authentic/annotations/test/au_usb_000000000612_jpg.png,640,480,50.0,0,0,0,307200,100.0,100.0,100.0,100.0,,,100.0,0.0,,,
v1.0.2,authentic,authentic/au_usb_000000000650_jpg,/home/panuwat/Pictures/Test-Cases/with_mask/authentic/images/test/au_usb_000000000650_jpg.png,/home/panuwat/Pictures/Test-Cases/with_mask/authentic/annotations/test/au_usb_000000000650_jpg.png,640,427,50.0,0,0,0,273280,100.0,100.0,100.0,100.0,,,100.0,0.0,,,
v1.0.2,authentic,authentic/au_usb_000000000656_jpg,/home/panuwat/Pictures/Test-Cases/with_mask/authentic/images/test/au_usb_000000000656_jpg.png,/home/panuwat/Pictures/Test-Cases/with_mask/authentic/annotations/test/au_usb_000000000656_jpg.png,640,472,50.0,0,0,0,302080,100.0,100.0,100.0,100.0,,,100.0,0.0,,,
v1.0.2,authentic,authentic/au_usb_000000000693_jpg,/home/panuwat/Pictures/Test-Cases/with_mask/authentic/images/test/au_usb_000000000693_jpg.png,/home/panuwat/Pictures/Test-Cases/with_mask/authentic/annotations/test/au_usb_000000000693_jpg.png,640,428,50.0,0,0,0,273920,100.0,100.0,100.0,100.0,,,100.0,0.0,,,
v1.0.2,authentic,authentic/au_usb_000000000801_jpg,/home/panuwat/Pictures/Test-Cases/with_mask/authentic/images/test/au_usb_000000000801_jpg.png,/home/panuwat/Pictures/Test-Cases/with_mask/authentic/annotations/test/au_usb_000000000801_jpg.png,640,360,50.0,0,0,0,230400,100.0,100.0,100.0,100.0,,,100.0,0.0,,,
v1.0.2,casia,casia/tp_casia_Tp_D_CNN_M_N_txt00054_txt00050_10375_tif,/home/panuwat/Pictures/Test-Cases/with_mask/casia/images/test/tp_casia_Tp_D_CNN_M_N_txt00054_txt00050_10375_tif.png,/home/panuwat/Pictures/Test-Cases/with_mask/casia/annotations/test/tp_casia_Tp_D_CNN_M_N_txt00054_txt00050_10375_tif.png,384,256,50.0,9443,11872,43931,33058,25.83742,39.757817,37.201922,54.229447,14.472918,25.286187,43.234253,26.423325,,,
v1.0.2,casia,casia/tp_casia_Tp_D_CNN_S_B_txt00055_txt00047_11328_jpg,/home/panuwat/Pictures/Test-Cases/with_mask/casia/images/test/tp_casia_Tp_D_CNN_S_B_txt00055_txt00047_11328_jpg.png,/home/panuwat/Pictures/Test-Cases/with_mask/casia/annotations/test/tp_casia_Tp_D_CNN_S_B_txt00055_txt00047_11328_jpg.png,384,256,50.0,417,12470,11786,73631,38.455257,44.591039,75.220407,85.858044,1.690107,3.324033,75.325521,14.482991,,,
v1.0.2,casia,casia/tp_casia_Tp_D_CNN_S_N_art00001_ani00074_10442_tif,/home/panuwat/Pictures/Test-Cases/with_mask/casia/images/test/tp_casia_Tp_D_CNN_S_N_art00001_ani00074_10442_tif.png,/home/panuwat/Pictures/Test-Cases/with_mask/casia/annotations/test/tp_casia_Tp_D_CNN_S_N_art00001_ani00074_10442_tif.png,384,256,50.0,1599,4554,53729,38422,21.200696,31.034795,39.731141,56.867983,2.670251,5.201607,40.711466,10.596612,,,
v1.0.2,casia,casia/tp_casia_Tp_D_CNN_S_N_art00011_art00014_11841_jpg,/home/panuwat/Pictures/Test-Cases/with_mask/casia/images/test/tp_casia_Tp_D_CNN_S_N_art00011_art00014_11841_jpg.png,/home/panuwat/Pictures/Test-Cases/with_mask/casia/annotations/test/tp_casia_Tp_D_CNN_S_N_art00011_art00014_11841_jpg.png,384,256,50.0,13550,4579,9275,70900,66.549603,78.635646,83.653869,91.09949,49.445336,66.171803,85.906982,6.066588,,,
v1.0.2,casia,casia/tp_casia_Tp_D_CNN_S_N_cha00044_cha00043_00364_tif,/home/panuwat/Pictures/Test-Cases/with_mask/casia/images/test/tp_casia_Tp_D_CNN_S_N_cha00044_cha00043_00364_tif.png,/home/panuwat/Pictures/Test-Cases/with_mask/casia/annotations/test/tp_casia_Tp_D_CNN_S_N_cha00044_cha00043_00364_tif.png,384,256,50.0,0,0,23134,75170,38.233439,43.332142,76.466878,86.664284,0.0,0.0,76.466878,0.0,,,
v1.0.2,casia,casia/tp_casia_Tp_D_CNN_S_N_cha10122_nat10124_12167_jpg,/home/panuwat/Pictures/Test-Cases/with_mask/casia/images/test/tp_casia_Tp_D_CNN_S_N_cha10122_nat10124_12167_jpg.png,/home/panuwat/Pictures/Test-Cases/with_mask/casia/annotations/test/tp_casia_Tp_D_CNN_S_N_cha10122_nat10124_12167_jpg.png,518,800,50.0,27078,16201,166036,205085,32.942984,46.07359,52.949484,69.237872,12.936483,22.909308,56.02389,7.321295,,,
v1.0.2,casia,casia/tp_casia_Tp_D_CNN_S_N_cha10122_nat10139_12166_jpg,/home/panuwat/Pictures/Test-Cases/with_mask/casia/images/test/tp_casia_Tp_D_CNN_S_N_cha10122_nat10139_12166_jpg.png,/home/panuwat/Pictures/Test-Cases/with_mask/casia/annotations/test/tp_casia_Tp_D_CNN_S_N_cha10122_nat10139_12166_jpg.png,518,800,50.0,39993,230,168233,205944,37.095363,51.583177,55.005382,70.972222,19.185344,32.194132,59.347732,0.111556,,,
v1.0.2,casia,casia/tp_casia_Tp_D_CNN_S_N_txt00051_txt00051_10376_tif,/home/panuwat/Pictures/Test-Cases/with_mask/casia/images/test/tp_casia_Tp_D_CNN_S_N_txt00051_txt00051_10376_tif.png,/home/panuwat/Pictures/Test-Cases/with_mask/casia/annotations/test/tp_casia_Tp_D_CNN_S_N_txt00051_txt00051_10376_tif.png,384,256,50.0,5566,10164,39114,43460,28.505996,41.123132,46.863206,63.818852,10.148786,18.427413,49.871826,18.9542,,,
v1.0.2,casia,casia/tp_casia_Tp_D_CRD_M_N_nat00048_nat00049_11067_jpg,/home/panuwat/Pictures/Test-Cases/with_mask/casia/images/test/tp_casia_Tp_D_CRD_M_N_nat00048_nat00049_11067_jpg.png,/home/panuwat/Pictures/Test-Cases/with_mask/casia/annotations/test/tp_casia_Tp_D_CRD_M_N_nat00048_nat00049_11067_jpg.png,384,256,50.0,0,0,44711,53593,27.258809,35.282461,54.517619,70.564922,0.0,0.0,54.517619,0.0,,,
v1.0.2,casia,casia/tp_casia_Tp_D_CRD_S_N_ind00029_ind00088_00444_tif,/home/panuwat/Pictures/Test-Cases/with_mask/casia/images/test/tp_casia_Tp_D_CRD_S_N_ind00029_ind00088_00444_tif.png,/home/panuwat/Pictures/Test-Cases/with_mask/casia/annotations/test/tp_casia_Tp_D_CRD_S_N_ind00029_ind00088_00444_tif.png,384,256,50.0,17,1721,3808,92758,47.340582,48.858549,94.374638,97.105917,0.306527,0.611181,94.37561,1.821569,,,
v1.0.2,casia,casia/tp_casia_Tp_D_CRN_M_N_ani10112_ani00100_11648_jpg,/home/panuwat/Pictures/Test-Cases/with_mask/casia/images/test/tp_casia_Tp_D_CRN_M_N_ani10112_ani00100_11648_jpg.png,/home/panuwat/Pictures/Test-Cases/with_mask/casia/annotations/test/tp_casia_Tp_D_CRN_M_N_ani10112_ani00100_11648_jpg.png,384,256,50.0,5540,2398,56591,33775,22.497443,34.597868,36.409599,53.382752,8.585287,15.812984,39.993286,6.629254,,,
v1.0.2,casia,casia/tp_casia_Tp_D_CRN_M_N_ani10117_ani00100_11642_jpg,/home/panuwat/Pictures/Test-Cases/with_mask/casia/images/test/tp_casia_Tp_D_CRN_M_N_ani10117_ani00100_11642_jpg.png,/home/panuwat/Pictures/Test-Cases/with_mask/casia/annotations/test/tp_casia_Tp_D_CRN_M_N_ani10117_ani00100_11642_jpg.png,384,256,50.0,8824,4317,33032,52131,38.685341,52.85733,58.259946,73.625636,19.110736,32.089023,62.006632,7.647747,,,
v1.0.2,casia,casia/tp_casia_Tp_D_CRN_M_N_arc00008_nat10122_11773_jpg,/home/panuwat/Pictures/Test-Cases/with_mask/casia/images/test/tp_casia_Tp_D_CRN_M_N_arc00008_nat10122_11773_jpg.png,/home/panuwat/Pictures/Test-Cases/with_mask/casia/annotations/test/tp_casia_Tp_D_CRN_M_N_arc00008_nat10122_11773_jpg.png,384,256,50.0,23229,4653,19695,50727,58.196222,73.12943,67.568432,80.645777,48.824012,65.613084,75.231934,8.40195,,,
v1.0.2,casia,casia/tp_casia_Tp_D_CRN_M_N_cha10108_cha00027_11666_jpg,/home/panuwat/Pictures/Test-Cases/with_mask/casia/images/test/tp_casia_Tp_D_CRN_M_N_cha10108_cha00027_11666_jpg.png,/home/panuwat/Pictures/Test-Cases/with_mask/casia/annotations/test/tp_casia_Tp_D_CRN_M_N_cha10108_cha00027_11666_jpg.png,384,256,50.0,0,0,39698,58606,29.808553,37.350073,59.617106,74.700147,0.0,0.0,59.617106,0.0,,,
v1.0.2,casia,casia/tp_casia_Tp_D_CRN_M_N_cha10108_cha00040_11665_jpg,/home/panuwat/Pictures/Test-Cases/with_mask/casia/images/test/tp_casia_Tp_D_CRN_M_N_cha10108_cha00040_11665_jpg.png,/home/panuwat/Pictures/Test-Cases/with_mask/casia/annotations/test/tp_casia_Tp_D_CRN_M_N_cha10108_cha00040_11665_jpg.png,384,256,50.0,0,0,38202,60102,30.569458,37.941745,61.138916,75.883489,0.0,0.0,61.138916,0.0,,,
v1.0.2,copymove,copymove/tp_copymove_0_000000001596_tif,/home/panuwat/Pictures/Test-Cases/with_mask/copymove/images/test/tp_copymove_0_000000001596_tif.png,/home/panuwat/Pictures/Test-Cases/with_mask/copymove/annotations/test/tp_copymove_0_000000001596_tif.png,500,419,50.0,0,0,1006,208494,49.759905,49.879663,99.519809,99.759327,0.0,0.0,99.519809,0.0,,,
v1.0.2,copymove,copymove/tp_copymove_0_000000001697_tif,/home/panuwat/Pictures/Test-Cases/with_mask/copymove/images/test/tp_copymove_0_000000001697_tif.png,/home/panuwat/Pictures/Test-Cases/with_mask/copymove/annotations/test/tp_copymove_0_000000001697_tif.png,500,375,50.0,0,0,2849,184651,49.240267,49.617225,98.480533,99.234451,0.0,0.0,98.480533,0.0,,,
v1.0.2,copymove,copymove/tp_copymove_0_000000003693_tif,/home/panuwat/Pictures/Test-Cases/with_mask/copymove/images/test/tp_copymove_0_000000003693_tif.png,/home/panuwat/Pictures/Test-Cases/with_mask/copymove/annotations/test/tp_copymove_0_000000003693_tif.png,640,428,50.0,0,0,527,273393,49.903804,49.951856,99.807608,99.903711,0.0,0.0,99.807608,0.0,,,
v1.0.2,copymove,copymove/tp_copymove_0_000000004051_tif,/home/panuwat/Pictures/Test-Cases/with_mask/copymove/images/test/tp_copymove_0_000000004051_tif.png,/home/panuwat/Pictures/Test-Cases/with_mask/copymove/annotations/test/tp_copymove_0_000000004051_tif.png,480,640,50.0,0,0,777,306423,49.873535,49.936688,99.74707,99.873375,0.0,0.0,99.74707,0.0,,,
v1.0.2,copymove,copymove/tp_copymove_0_000000006363_tif,/home/panuwat/Pictures/Test-Cases/with_mask/copymove/images/test/tp_copymove_0_000000006363_tif.png,/home/panuwat/Pictures/Test-Cases/with_mask/copymove/annotations/test/tp_copymove_0_000000006363_tif.png,640,480,50.0,0,0,10088,297112,48.358073,49.165332,96.716146,98.330664,0.0,0.0,96.716146,0.0,,,
v1.0.2,copymove,copymove/tp_copymove_0_000000006432_tif,/home/panuwat/Pictures/Test-Cases/with_mask/copymove/images/test/tp_copymove_0_000000006432_tif.png,/home/panuwat/Pictures/Test-Cases/with_mask/copymove/annotations/test/tp_copymove_0_000000006432_tif.png,491,640,50.0,0,0,9344,304896,48.513238,49.2454,97.026477,98.4908,0.0,0.0,97.026477,0.0,,,
v1.0.2,copymove,copymove/tp_copymove_0_000000008119_tif,/home/panuwat/Pictures/Test-Cases/with_mask/copymove/images/test/tp_copymove_0_000000008119_tif.png,/home/panuwat/Pictures/Test-Cases/with_mask/copymove/annotations/test/tp_copymove_0_000000008119_tif.png,640,480,50.0,0,0,328,306872,49.946615,49.973293,99.893229,99.946586,0.0,0.0,99.893229,0.0,,,
v1.0.2,copymove,copymove/tp_copymove_0_000000009170_tif,/home/panuwat/Pictures/Test-Cases/with_mask/copymove/images/test/tp_copymove_0_000000009170_tif.png,/home/panuwat/Pictures/Test-Cases/with_mask/copymove/annotations/test/tp_copymove_0_000000009170_tif.png,640,383,50.0,0,0,21756,223364,45.562174,47.678042,91.124347,95.356085,0.0,0.0,91.124347,0.0,,,
v1.0.2,copymove,copymove/tp_copymove_0_000000009960_tif,/home/panuwat/Pictures/Test-Cases/with_mask/copymove/images/test/tp_copymove_0_000000009960_tif.png,/home/panuwat/Pictures/Test-Cases/with_mask/copymove/annotations/test/tp_copymove_0_000000009960_tif.png,640,427,50.0,0,0,394,272886,49.927913,49.96393,99.855826,99.927861,0.0,0.0,99.855826,0.0,,,
v1.0.2,copymove,copymove/tp_copymove_0_000000011075_tif,/home/panuwat/Pictures/Test-Cases/with_mask/copymove/images/test/tp_copymove_0_000000011075_tif.png,/home/panuwat/Pictures/Test-Cases/with_mask/copymove/annotations/test/tp_copymove_0_000000011075_tif.png,640,480,50.0,0,0,31694,275506,44.841471,47.280447,89.682943,94.560893,0.0,0.0,89.682943,0.0,,,
v1.0.2,copymove,copymove/tp_copymove_0_000000011701_tif,/home/panuwat/Pictures/Test-Cases/with_mask/copymove/images/test/tp_copymove_0_000000011701_tif.png,/home/panuwat/Pictures/Test-Cases/with_mask/copymove/annotations/test/tp_copymove_0_000000011701_tif.png,612,612,50.0,0,0,44914,329630,44.004176,46.810873,88.008351,93.621747,0.0,0.0,88.008351,0.0,,,
v1.0.2,copymove,copymove/tp_copymove_0_000000012711_tif,/home/panuwat/Pictures/Test-Cases/with_mask/copymove/images/test/tp_copymove_0_000000012711_tif.png,/home/panuwat/Pictures/Test-Cases/with_mask/copymove/annotations/test/tp_copymove_0_000000012711_tif.png,640,480,50.0,3,0,2498,304699,49.653397,49.915689,99.186841,99.591761,0.119952,0.239617,99.186849,0.0,,,
v1.0.2,copymove,copymove/tp_copymove_0_000000012881_tif,/home/panuwat/Pictures/Test-Cases/with_mask/copymove/images/test/tp_copymove_0_000000012881_tif.png,/home/panuwat/Pictures/Test-Cases/with_mask/copymove/annotations/test/tp_copymove_0_000000012881_tif.png,640,428,50.0,0,0,7419,266501,48.645772,49.313591,97.291545,98.627181,0.0,0.0,97.291545,0.0,,,
v1.0.2,copymove,copymove/tp_copymove_0_000000012953_tif,/home/panuwat/Pictures/Test-Cases/with_mask/copymove/images/test/tp_copymove_0_000000012953_tif.png,/home/panuwat/Pictures/Test-Cases/with_mask/copymove/annotations/test/tp_copymove_0_000000012953_tif.png,640,433,50.0,0,0,12906,264214,47.671406,48.807945,95.342812,97.61589,0.0,0.0,95.342812,0.0,,,
v1.0.2,copymove,copymove/tp_copymove_0_000000013202_tif,/home/panuwat/Pictures/Test-Cases/with_mask/copymove/images/test/tp_copymove_0_000000013202_tif.png,/home/panuwat/Pictures/Test-Cases/with_mask/copymove/annotations/test/tp_copymove_0_000000013202_tif.png,427,640,50.0,0,0,9363,263917,48.286922,49.128532,96.573844,98.257064,0.0,0.0,96.573844,0.0,,,
v1.0.2,face,face/tp_face_morphing_0.jpg_IN_100.jpg_tif,/home/panuwat/Pictures/Test-Cases/with_mask/face/images/test/tp_face_morphing_0.jpg_IN_100.jpg_tif.png,/home/panuwat/Pictures/Test-Cases/with_mask/face/annotations/test/tp_face_morphing_0.jpg_IN_100.jpg_tif.png,500,652,50.0,0,0,65140,260860,40.009202,44.450124,80.018405,88.900249,0.0,0.0,80.018405,0.0,,,
v1.0.2,face,face/tp_face_morphing_0.jpg_IN_110.jpg_tif,/home/panuwat/Pictures/Test-Cases/with_mask/face/images/test/tp_face_morphing_0.jpg_IN_110.jpg_tif.png,/home/panuwat/Pictures/Test-Cases/with_mask/face/annotations/test/tp_face_morphing_0.jpg_IN_110.jpg_tif.png,500,652,50.0,0,0,66760,259240,39.760736,44.296357,79.521472,88.592714,0.0,0.0,79.521472,0.0,,,
v1.0.2,face,face/tp_face_morphing_0.jpg_IN_112.jpg_tif,/home/panuwat/Pictures/Test-Cases/with_mask/face/images/test/tp_face_morphing_0.jpg_IN_112.jpg_tif.png,/home/panuwat/Pictures/Test-Cases/with_mask/face/annotations/test/tp_face_morphing_0.jpg_IN_112.jpg_tif.png,500,652,50.0,0,0,69490,256510,39.342025,44.035296,78.684049,88.070591,0.0,0.0,78.684049,0.0,,,
v1.0.2,face,face/tp_face_morphing_0.jpg_IN_127.jpg_tif,/home/panuwat/Pictures/Test-Cases/with_mask/face/images/test/tp_face_morphing_0.jpg_IN_127.jpg_tif.png,/home/panuwat/Pictures/Test-Cases/with_mask/face/annotations/test/tp_face_morphing_0.jpg_IN_127.jpg_tif.png,500,652,50.0,0,0,62768,263232,40.373006,44.673745,80.746012,89.34749,0.0,0.0,80.746012,0.0,,,
v1.0.2,face,face/tp_face_morphing_0.jpg_IN_131.jpg_tif,/home/panuwat/Pictures/Test-Cases/with_mask/face/images/test/tp_face_morphing_0.jpg_IN_131.jpg_tif.png,/home/panuwat/Pictures/Test-Cases/with_mask/face/annotations/test/tp_face_morphing_0.jpg_IN_131.jpg_tif.png,500,652,50.0,0,611,89431,235958,36.189877,41.988547,72.379755,83.977094,0.0,0.0,72.379755,0.258276,,,
v1.0.2,face,face/tp_face_morphing_0.jpg_IN_132.jpg_tif,/home/panuwat/Pictures/Test-Cases/with_mask/face/images/test/tp_face_morphing_0.jpg_IN_132.jpg_tif.png,/home/panuwat/Pictures/Test-Cases/with_mask/face/annotations/test/tp_face_morphing_0.jpg_IN_132.jpg_tif.png,500,652,50.0,0,0,86973,239027,36.660583,42.303642,73.321166,84.607284,0.0,0.0,73.321166,0.0,,,
v1.0.2,face,face/tp_face_morphing_0.jpg_IN_170.jpg_tif,/home/panuwat/Pictures/Test-Cases/with_mask/face/images/test/tp_face_morphing_0.jpg_IN_170.jpg_tif.png,/home/panuwat/Pictures/Test-Cases/with_mask/face/annotations/test/tp_face_morphing_0.jpg_IN_170.jpg_tif.png,500,652,50.0,0,0,70939,255061,39.119785,43.895736,78.239571,87.791471,0.0,0.0,78.239571,0.0,,,
v1.0.2,face,face/tp_face_morphing_0.jpg_IN_171.jpg_tif,/home/panuwat/Pictures/Test-Cases/with_mask/face/images/test/tp_face_morphing_0.jpg_IN_171.jpg_tif.png,/home/panuwat/Pictures/Test-Cases/with_mask/face/annotations/test/tp_face_morphing_0.jpg_IN_171.jpg_tif.png,500,652,50.0,0,0,61384,264616,40.585276,44.803392,81.170552,89.606783,0.0,0.0,81.170552,0.0,,,
v1.0.2,face,face/tp_face_morphing_0.jpg_IN_177.jpg_tif,/home/panuwat/Pictures/Test-Cases/with_mask/face/images/test/tp_face_morphing_0.jpg_IN_177.jpg_tif.png,/home/panuwat/Pictures/Test-Cases/with_mask/face/annotations/test/tp_face_morphing_0.jpg_IN_177.jpg_tif.png,500,652,50.0,0,730,73454,251816,38.622086,43.580655,77.244172,87.161311,0.0,0.0,77.244172,0.289056,,,
v1.0.2,face,face/tp_face_morphing_0.jpg_IN_190.jpg_tif,/home/panuwat/Pictures/Test-Cases/with_mask/face/images/test/tp_face_morphing_0.jpg_IN_190.jpg_tif.png,/home/panuwat/Pictures/Test-Cases/with_mask/face/annotations/test/tp_face_morphing_0.jpg_IN_190.jpg_tif.png,500,652,50.0,0,0,66673,259327,39.77408,44.304637,79.54816,88.609273,0.0,0.0,79.54816,0.0,,,
v1.0.2,face,face/tp_face_morphing_0.jpg_IN_192.jpg_tif,/home/panuwat/Pictures/Test-Cases/with_mask/face/images/test/tp_face_morphing_0.jpg_IN_192.jpg_tif.png,/home/panuwat/Pictures/Test-Cases/with_mask/face/annotations/test/tp_face_morphing_0.jpg_IN_192.jpg_tif.png,500,652,50.0,0,0,68283,257717,39.527147,44.151018,79.054294,88.302037,0.0,0.0,79.054294,0.0,,,
v1.0.2,face,face/tp_face_morphing_0.jpg_IN_199.jpg_tif,/home/panuwat/Pictures/Test-Cases/with_mask/face/images/test/tp_face_morphing_0.jpg_IN_199.jpg_tif.png,/home/panuwat/Pictures/Test-Cases/with_mask/face/annotations/test/tp_face_morphing_0.jpg_IN_199.jpg_tif.png,500,652,50.0,0,486,69989,255525,39.190951,43.940501,78.381902,87.881003,0.0,0.0,78.381902,0.189836,,,
v1.0.2,face,face/tp_face_morphing_0.jpg_IN_31.jpg_tif,/home/panuwat/Pictures/Test-Cases/with_mask/face/images/test/tp_face_morphing_0.jpg_IN_31.jpg_tif.png,/home/panuwat/Pictures/Test-Cases/with_mask/face/annotations/test/tp_face_morphing_0.jpg_IN_31.jpg_tif.png,500,652,50.0,0,0,66786,259214,39.756748,44.293882,79.513497,88.587764,0.0,0.0,79.513497,0.0,,,
v1.0.2,face,face/tp_face_morphing_0.jpg_IN_37.jpg_tif,/home/panuwat/Pictures/Test-Cases/with_mask/face/images/test/tp_face_morphing_0.jpg_IN_37.jpg_tif.png,/home/panuwat/Pictures/Test-Cases/with_mask/face/annotations/test/tp_face_morphing_0.jpg_IN_37.jpg_tif.png,500,652,50.0,0,0,72342,253658,38.904601,43.759941,77.809202,87.519882,0.0,0.0,77.809202,0.0,,,
v1.0.2,face,face/tp_face_morphing_0.jpg_IN_49.jpg_tif,/home/panuwat/Pictures/Test-Cases/with_mask/face/images/test/tp_face_morphing_0.jpg_IN_49.jpg_tif.png,/home/panuwat/Pictures/Test-Cases/with_mask/face/annotations/test/tp_face_morphing_0.jpg_IN_49.jpg_tif.png,500,652,50.0,0,0,67874,258126,39.589877,44.190123,79.179755,88.380247,0.0,0.0,79.179755,0.0,,,
v1.0.2,imd2020,imd2020/tp_imd2020_00064_fake_jpg,/home/panuwat/Pictures/Test-Cases/with_mask/imd2020/images/test/tp_imd2020_00064_fake_jpg.png,/home/panuwat/Pictures/Test-Cases/with_mask/imd2020/annotations/test/tp_imd2020_00064_fake_jpg.png,699,451,50.0,0,0,101044,214205,33.973938,40.457717,67.947876,80.915434,0.0,0.0,67.947876,0.0,,,
v1.0.2,imd2020,imd2020/tp_imd2020_00097_fake_jpg,/home/panuwat/Pictures/Test-Cases/with_mask/imd2020/images/test/tp_imd2020_00097_fake_jpg.png,/home/panuwat/Pictures/Test-Cases/with_mask/imd2020/annotations/test/tp_imd2020_00097_fake_jpg.png,383,274,50.0,0,0,2227,102715,48.938938,49.463779,97.877875,98.927558,0.0,0.0,97.877875,0.0,,,
v1.0.2,imd2020,imd2020/tp_imd2020_c8u0rrz_0_jpg,/home/panuwat/Pictures/Test-Cases/with_mask/imd2020/images/test/tp_imd2020_c8u0rrz_0_jpg.png,/home/panuwat/Pictures/Test-Cases/with_mask/imd2020/annotations/test/tp_imd2020_c8u0rrz_0_jpg.png,620,464,50.0,0,0,33023,254657,44.260463,46.955491,88.520926,93.910982,0.0,0.0,88.520926,0.0,,,
v1.0.2,imd2020,imd2020/tp_imd2020_c8u4gpd_0_jpg,/home/panuwat/Pictures/Test-Cases/with_mask/imd2020/images/test/tp_imd2020_c8u4gpd_0_jpg.png,/home/panuwat/Pictures/Test-Cases/with_mask/imd2020/annotations/test/tp_imd2020_c8u4gpd_0_jpg.png,501,409,50.0,0,0,130809,74100,18.081197,26.558283,36.162394,53.116566,0.0,0.0,36.162394,0.0,,,
v1.0.2,imd2020,imd2020/tp_imd2020_c8vgphr_0_jpg,/home/panuwat/Pictures/Test-Cases/with_mask/imd2020/images/test/tp_imd2020_c8vgphr_0_jpg.png,/home/panuwat/Pictures/Test-Cases/with_mask/imd2020/annotations/test/tp_imd2020_c8vgphr_0_jpg.png,375,500,50.0,0,0,9457,178043,47.478133,48.706445,94.956267,97.41289,0.0,0.0,94.956267,0.0,,,
v1.0.2,imd2020,imd2020/tp_imd2020_c8vkf28_0_jpg,/home/panuwat/Pictures/Test-Cases/with_mask/imd2020/images/test/tp_imd2020_c8vkf28_0_jpg.png,/home/panuwat/Pictures/Test-Cases/with_mask/imd2020/annotations/test/tp_imd2020_c8vkf28_0_jpg.png,1200,750,50.0,0,0,26389,873611,48.533944,49.256066,97.067889,98.512131,0.0,0.0,97.067889,0.0,,,
v1.0.2,imd2020,imd2020/tp_imd2020_c8vpmfd_0_jpg,/home/panuwat/Pictures/Test-Cases/with_mask/imd2020/images/test/tp_imd2020_c8vpmfd_0_jpg.png,/home/panuwat/Pictures/Test-Cases/with_mask/imd2020/annotations/test/tp_imd2020_c8vpmfd_0_jpg.png,1920,1200,50.0,4703,260,38746,2260291,54.531683,59.286798,98.303568,99.144528,10.759798,19.429067,98.307031,0.011502,,,
v1.0.2,imd2020,imd2020/tp_imd2020_c8vqeqw_0_jpg,/home/panuwat/Pictures/Test-Cases/with_mask/imd2020/images/test/tp_imd2020_c8vqeqw_0_jpg.png,/home/panuwat/Pictures/Test-Cases/with_mask/imd2020/annotations/test/tp_imd2020_c8vqeqw_0_jpg.png,1920,1200,50.0,0,431,30990,2272579,49.318121,49.65672,98.636241,99.313439,0.0,0.0,98.636241,0.018962,,,
v1.0.2,imd2020,imd2020/tp_imd2020_c8w0r2r_0_jpg,/home/panuwat/Pictures/Test-Cases/with_mask/imd2020/images/test/tp_imd2020_c8w0r2r_0_jpg.png,/home/panuwat/Pictures/Test-Cases/with_mask/imd2020/annotations/test/tp_imd2020_c8w0r2r_0_jpg.png,1120,629,50.0,1706,541,131592,570641,41.236516,46.070487,81.198365,89.623728,1.274666,2.517245,81.243896,0.094716,,,
v1.0.2,imd2020,imd2020/tp_imd2020_c8wvegs_0_jpg,/home/panuwat/Pictures/Test-Cases/with_mask/imd2020/images/test/tp_imd2020_c8wvegs_0_jpg.png,/home/panuwat/Pictures/Test-Cases/with_mask/imd2020/annotations/test/tp_imd2020_c8wvegs_0_jpg.png,953,953,50.0,2129,13628,1848,890604,55.192569,60.357805,98.291983,99.138635,12.093155,21.576974,98.295987,1.507135,,,
v1.0.2,imd2020,imd2020/tp_imd2020_c8xhzdr_0_jpg,/home/panuwat/Pictures/Test-Cases/with_mask/imd2020/images/test/tp_imd2020_c8xhzdr_0_jpg.png,/home/panuwat/Pictures/Test-Cases/with_mask/imd2020/annotations/test/tp_imd2020_c8xhzdr_0_jpg.png,650,366,50.0,0,0,4941,232959,48.961538,49.475321,97.923077,98.950641,0.0,0.0,97.923077,0.0,,,
v1.0.2,imd2020,imd2020/tp_imd2020_c8xtrds_0_jpg,/home/panuwat/Pictures/Test-Cases/with_mask/imd2020/images/test/tp_imd2020_c8xtrds_0_jpg.png,/home/panuwat/Pictures/Test-Cases/with_mask/imd2020/annotations/test/tp_imd2020_c8xtrds_0_jpg.png,444,644,50.0,0,0,13439,272497,47.649999,48.796722,95.299997,97.593445,0.0,0.0,95.299997,0.0,,,
v1.0.2,imd2020,imd2020/tp_imd2020_c8yjv4u_0_jpg,/home/panuwat/Pictures/Test-Cases/with_mask/imd2020/images/test/tp_imd2020_c8yjv4u_0_jpg.png,/home/panuwat/Pictures/Test-Cases/with_mask/imd2020/annotations/test/tp_imd2020_c8yjv4u_0_jpg.png,549,732,50.0,0,5917,14024,381927,47.518961,48.72792,95.037923,97.45584,0.0,0.0,95.037923,1.525613,,,
v1.0.2,imd2020,imd2020/tp_imd2020_c8ynnae_0_jpg,/home/panuwat/Pictures/Test-Cases/with_mask/imd2020/images/test/tp_imd2020_c8ynnae_0_jpg.png,/home/panuwat/Pictures/Test-Cases/with_mask/imd2020/annotations/test/tp_imd2020_c8ynnae_0_jpg.png,453,604,50.0,0,0,5196,268416,49.05048,49.520689,98.10096,99.041378,0.0,0.0,98.10096,0.0,,,
v1.0.2,imd2020,imd2020/tp_imd2020_c8zefoe_0_jpg,/home/panuwat/Pictures/Test-Cases/with_mask/imd2020/images/test/tp_imd2020_c8zefoe_0_jpg.png,/home/panuwat/Pictures/Test-Cases/with_mask/imd2020/annotations/test/tp_imd2020_c8zefoe_0_jpg.png,1200,704,50.0,0,0,43796,801004,47.407907,48.669465,94.815814,97.33893,0.0,0.0,94.815814,0.0,,,
v1.0.2,inpainting,inpainting/tp_inpaint_0_000000000943_tif,/home/panuwat/Pictures/Test-Cases/with_mask/inpainting/images/test/tp_inpaint_0_000000000943_tif.png,/home/panuwat/Pictures/Test-Cases/with_mask/inpainting/annotations/test/tp_inpaint_0_000000000943_tif.png,640,360,50.0,527,184,15245,214444,48.295433,51.460973,93.288033,96.527479,3.302833,6.394467,93.303385,0.08573,,,
v1.0.2,inpainting,inpainting/tp_inpaint_0_000000001596_tif,/home/panuwat/Pictures/Test-Cases/with_mask/inpainting/images/test/tp_inpaint_0_000000001596_tif.png,/home/panuwat/Pictures/Test-Cases/with_mask/inpainting/annotations/test/tp_inpaint_0_000000001596_tif.png,500,419,50.0,0,0,1124,208376,49.731742,49.86551,99.463484,99.731021,0.0,0.0,99.463484,0.0,,,
v1.0.2,inpainting,inpainting/tp_inpaint_0_000000002614_tif,/home/panuwat/Pictures/Test-Cases/with_mask/inpainting/images/test/tp_inpaint_0_000000002614_tif.png,/home/panuwat/Pictures/Test-Cases/with_mask/inpainting/annotations/test/tp_inpaint_0_000000002614_tif.png,640,427,50.0,4661,2304,5573,260742,67.121291,76.356403,97.067594,98.51198,37.174988,54.200826,97.117608,0.875892,,,
v1.0.2,inpainting,inpainting/tp_inpaint_0_000000003488_tif,/home/panuwat/Pictures/Test-Cases/with_mask/inpainting/images/test/tp_inpaint_0_000000003488_tif.png,/home/panuwat/Pictures/Test-Cases/with_mask/inpainting/annotations/test/tp_inpaint_0_000000003488_tif.png,500,333,50.0,0,0,1142,165358,49.657057,49.827938,99.314114,99.655877,0.0,0.0,99.314114,0.0,,,
v1.0.2,inpainting,inpainting/tp_inpaint_0_000000005210_tif,/home/panuwat/Pictures/Test-Cases/with_mask/inpainting/images/test/tp_inpaint_0_000000005210_tif.png,/home/panuwat/Pictures/Test-Cases/with_mask/inpainting/annotations/test/tp_inpaint_0_000000005210_tif.png,640,426,50.0,0,0,274,272366,49.949751,49.974863,99.899501,99.949725,0.0,0.0,99.899501,0.0,,,
v1.0.2,inpainting,inpainting/tp_inpaint_0_000000005699_tif,/home/panuwat/Pictures/Test-Cases/with_mask/inpainting/images/test/tp_inpaint_0_000000005699_tif.png,/home/panuwat/Pictures/Test-Cases/with_mask/inpainting/annotations/test/tp_inpaint_0_000000005699_tif.png,600,400,50.0,0,0,480,239520,49.9,49.94995,99.8,99.8999,0.0,0.0,99.8,0.0,,,
v1.0.2,inpainting,inpainting/tp_inpaint_0_000000008119_tif,/home/panuwat/Pictures/Test-Cases/with_mask/inpainting/images/test/tp_inpaint_0_000000008119_tif.png,/home/panuwat/Pictures/Test-Cases/with_mask/inpainting/annotations/test/tp_inpaint_0_000000008119_tif.png,640,480,50.0,0,0,320,306880,49.947917,49.973945,99.895833,99.94789,0.0,0.0,99.895833,0.0,,,
v1.0.2,inpainting,inpainting/tp_inpaint_0_000000009960_tif,/home/panuwat/Pictures/Test-Cases/with_mask/inpainting/images/test/tp_inpaint_0_000000009960_tif.png,/home/panuwat/Pictures/Test-Cases/with_mask/inpainting/annotations/test/tp_inpaint_0_000000009960_tif.png,640,427,50.0,0,0,454,272826,49.916935,49.958433,99.83387,99.916866,0.0,0.0,99.83387,0.0,,,
v1.0.2,inpainting,inpainting/tp_inpaint_0_000000010779_tif,/home/panuwat/Pictures/Test-Cases/with_mask/inpainting/images/test/tp_inpaint_0_000000010779_tif.png,/home/panuwat/Pictures/Test-Cases/with_mask/inpainting/annotations/test/tp_inpaint_0_000000010779_tif.png,532,640,50.0,3533,85,15588,321274,56.87191,64.346625,95.348527,97.618885,18.395293,31.074366,95.396793,0.02645,,,
v1.0.2,inpainting,inpainting/tp_inpaint_0_000000011075_tif,/home/panuwat/Pictures/Test-Cases/with_mask/inpainting/images/test/tp_inpaint_0_000000011075_tif.png,/home/panuwat/Pictures/Test-Cases/with_mask/inpainting/annotations/test/tp_inpaint_0_000000011075_tif.png,640,480,50.0,87037,32519,3473,184171,77.198611,86.982393,83.652112,91.098448,70.745109,82.866337,88.283854,15.007153,,,
v1.0.2,inpainting,inpainting/tp_inpaint_0_000000011831_tif,/home/panuwat/Pictures/Test-Cases/with_mask/inpainting/images/test/tp_inpaint_0_000000011831_tif.png,/home/panuwat/Pictures/Test-Cases/with_mask/inpainting/annotations/test/tp_inpaint_0_000000011831_tif.png,640,427,50.0,0,0,2658,270622,49.513686,49.755655,99.027371,99.511309,0.0,0.0,99.027371,0.0,,,
v1.0.2,inpainting,inpainting/tp_inpaint_0_000000012927_tif,/home/panuwat/Pictures/Test-Cases/with_mask/inpainting/images/test/tp_inpaint_0_000000012927_tif.png,/home/panuwat/Pictures/Test-Cases/with_mask/inpainting/annotations/test/tp_inpaint_0_000000012927_tif.png,640,425,50.0,107,31,8863,262999,48.958809,50.343409,96.72886,98.337234,1.188757,2.349583,96.730147,0.011786,,,
v1.0.2,inpainting,inpainting/tp_inpaint_0_000000016359_tif,/home/panuwat/Pictures/Test-Cases/with_mask/inpainting/images/test/tp_inpaint_0_000000016359_tif.png,/home/panuwat/Pictures/Test-Cases/with_mask/inpainting/annotations/test/tp_inpaint_0_000000016359_tif.png,640,383,50.0,1120,26,5093,238881,57.926822,64.689411,97.902049,98.939904,17.951595,30.438918,97.911635,0.010883,,,
v1.0.2,inpainting,inpainting/tp_inpaint_0_000000017474_tif,/home/panuwat/Pictures/Test-Cases/with_mask/inpainting/images/test/tp_inpaint_0_000000017474_tif.png,/home/panuwat/Pictures/Test-Cases/with_mask/inpainting/annotations/test/tp_inpaint_0_000000017474_tif.png,640,427,50.0,0,0,256,273024,49.953162,49.97657,99.906323,99.95314,0.0,0.0,99.906323,0.0,,,
v1.0.2,inpainting,inpainting/tp_inpaint_0_000000018290_tif,/home/panuwat/Pictures/Test-Cases/with_mask/inpainting/images/test/tp_inpaint_0_000000018290_tif.png,/home/panuwat/Pictures/Test-Cases/with_mask/inpainting/annotations/test/tp_inpaint_0_000000018290_tif.png,640,379,50.0,125,217,309,241909,59.492132,66.053947,99.783035,99.8914,19.201229,32.216495,99.783146,0.089623,,,
v1.0.2,splicing,splicing/tp_splice1_10007_000000130973_tif,/home/panuwat/Pictures/Test-Cases/with_mask/splicing/images/test/tp_splice1_10007_000000130973_tif.png,/home/panuwat/Pictures/Test-Cases/with_mask/splicing/annotations/test/tp_splice1_10007_000000130973_tif.png,640,427,50.0,0,0,4134,269146,49.243633,49.618934,98.487266,99.237868,0.0,0.0,98.487266,0.0,,,
v1.0.2,splicing,splicing/tp_splice1_10046_000000517430_tif,/home/panuwat/Pictures/Test-Cases/with_mask/splicing/images/test/tp_splice1_10046_000000517430_tif.png,/home/panuwat/Pictures/Test-Cases/with_mask/splicing/annotations/test/tp_splice1_10046_000000517430_tif.png,640,480,50.0,0,0,599,306601,49.902507,49.951206,99.805013,99.902411,0.0,0.0,99.805013,0.0,,,
v1.0.2,splicing,splicing/tp_splice1_10059_000000578306_tif,/home/panuwat/Pictures/Test-Cases/with_mask/splicing/images/test/tp_splice1_10059_000000578306_tif.png,/home/panuwat/Pictures/Test-Cases/with_mask/splicing/annotations/test/tp_splice1_10059_000000578306_tif.png,640,427,50.0,0,0,1679,271601,49.692806,49.84593,99.385612,99.691859,0.0,0.0,99.385612,0.0,,,
v1.0.2,splicing,splicing/tp_splice1_10102_000000389655_tif,/home/panuwat/Pictures/Test-Cases/with_mask/splicing/images/test/tp_splice1_10102_000000389655_tif.png,/home/panuwat/Pictures/Test-Cases/with_mask/splicing/annotations/test/tp_splice1_10102_000000389655_tif.png,640,428,50.0,0,0,5464,268456,49.002629,49.49629,98.005257,98.992581,0.0,0.0,98.005257,0.0,,,
v1.0.2,splicing,splicing/tp_splice1_10147_000000365623_tif,/home/panuwat/Pictures/Test-Cases/with_mask/splicing/images/test/tp_splice1_10147_000000365623_tif.png,/home/panuwat/Pictures/Test-Cases/with_mask/splicing/annotations/test/tp_splice1_10147_000000365623_tif.png,640,480,50.0,0,0,9025,298175,48.531087,49.254594,97.062174,98.509189,0.0,0.0,97.062174,0.0,,,
v1.0.2,splicing,splicing/tp_splice1_10176_000000008547_tif,/home/panuwat/Pictures/Test-Cases/with_mask/splicing/images/test/tp_splice1_10176_000000008547_tif.png,/home/panuwat/Pictures/Test-Cases/with_mask/splicing/annotations/test/tp_splice1_10176_000000008547_tif.png,640,419,50.0,0,0,2652,265508,49.505519,49.751531,99.011038,99.503062,0.0,0.0,99.011038,0.0,,,
v1.0.2,splicing,splicing/tp_splice1_10267_000000553552_tif,/home/panuwat/Pictures/Test-Cases/with_mask/splicing/images/test/tp_splice1_10267_000000553552_tif.png,/home/panuwat/Pictures/Test-Cases/with_mask/splicing/annotations/test/tp_splice1_10267_000000553552_tif.png,640,430,50.0,0,0,1598,273602,49.709666,49.85441,99.419331,99.70882,0.0,0.0,99.419331,0.0,,,
v1.0.2,splicing,splicing/tp_splice1_1028_000000424348_tif,/home/panuwat/Pictures/Test-Cases/with_mask/splicing/images/test/tp_splice1_1028_000000424348_tif.png,/home/panuwat/Pictures/Test-Cases/with_mask/splicing/annotations/test/tp_splice1_1028_000000424348_tif.png,640,512,50.0,0,0,3839,323841,49.414215,49.705382,98.82843,99.410763,0.0,0.0,98.82843,0.0,,,
v1.0.2,splicing,splicing/tp_splice1_10311_000000553908_tif,/home/panuwat/Pictures/Test-Cases/with_mask/splicing/images/test/tp_splice1_10311_000000553908_tif.png,/home/panuwat/Pictures/Test-Cases/with_mask/splicing/annotations/test/tp_splice1_10311_000000553908_tif.png,497,640,50.0,0,0,670,317410,49.894681,49.947285,99.789361,99.89457,0.0,0.0,99.789361,0.0,,,
v1.0.2,splicing,splicing/tp_splice1_10314_000000269103_tif,/home/panuwat/Pictures/Test-Cases/with_mask/splicing/images/test/tp_splice1_10314_000000269103_tif.png,/home/panuwat/Pictures/Test-Cases/with_mask/splicing/annotations/test/tp_splice1_10314_000000269103_tif.png,640,480,50.0,0,433,994,305773,49.767741,49.8836,99.535482,99.7672,0.0,0.0,99.535482,0.141408,,,
v1.0.2,splicing,splicing/tp_splice1_1032_000000410356_tif,/home/panuwat/Pictures/Test-Cases/with_mask/splicing/images/test/tp_splice1_1032_000000410356_tif.png,/home/panuwat/Pictures/Test-Cases/with_mask/splicing/annotations/test/tp_splice1_1032_000000410356_tif.png,640,360,50.0,0,0,4498,225902,49.023872,49.507125,98.047743,99.014249,0.0,0.0,98.047743,0.0,,,
v1.0.2,splicing,splicing/tp_splice1_10380_000000465395_tif,/home/panuwat/Pictures/Test-Cases/with_mask/splicing/images/test/tp_splice1_10380_000000465395_tif.png,/home/panuwat/Pictures/Test-Cases/with_mask/splicing/annotations/test/tp_splice1_10380_000000465395_tif.png,640,429,50.0,0,0,710,273850,49.870702,49.935267,99.741404,99.870535,0.0,0.0,99.741404,0.0,,,
v1.0.2,splicing,splicing/tp_splice1_10386_000000480983_tif,/home/panuwat/Pictures/Test-Cases/with_mask/splicing/images/test/tp_splice1_10386_000000480983_tif.png,/home/panuwat/Pictures/Test-Cases/with_mask/splicing/annotations/test/tp_splice1_10386_000000480983_tif.png,640,426,50.0,0,0,4253,268387,49.220034,49.606951,98.440067,99.213902,0.0,0.0,98.440067,0.0,,,
v1.0.2,splicing,splicing/tp_splice1_10397_000000032562_tif,/home/panuwat/Pictures/Test-Cases/with_mask/splicing/images/test/tp_splice1_10397_000000032562_tif.png,/home/panuwat/Pictures/Test-Cases/with_mask/splicing/annotations/test/tp_splice1_10397_000000032562_tif.png,640,427,50.0,0,0,6187,267093,48.868011,49.427525,97.736022,98.85505,0.0,0.0,97.736022,0.0,,,
v1.0.2,splicing,splicing/tp_splice1_10450_000000031497_tif,/home/panuwat/Pictures/Test-Cases/with_mask/splicing/images/test/tp_splice1_10450_000000031497_tif.png,/home/panuwat/Pictures/Test-Cases/with_mask/splicing/annotations/test/tp_splice1_10450_000000031497_tif.png,640,412,50.0,0,0,2815,260865,49.466209,49.731672,98.932418,99.463344,0.0,0.0,98.932418,0.0,,,
v1.0.3,authentic,authentic/au_usb_000000000036_jpg,/home/panuwat/Pictures/Test-Cases/with_mask/authentic/images/test/au_usb_000000000036_jpg.png,/home/panuwat/Pictures/Test-Cases/with_mask/authentic/annotations/test/au_usb_000000000036_jpg.png,481,640,50.0,0,0,0,307840,100.0,100.0,100.0,100.0,,,100.0,0.0,,,
v1.0.3,authentic,authentic/au_usb_000000000092_jpg,/home/panuwat/Pictures/Test-Cases/with_mask/authentic/images/test/au_usb_000000000092_jpg.png,/home/panuwat/Pictures/Test-Cases/with_mask/authentic/annotations/test/au_usb_000000000092_jpg.png,640,427,50.0,0,0,0,273280,100.0,100.0,100.0,100.0,,,100.0,0.0,,,
v1.0.3,authentic,authentic/au_usb_000000000247_jpg,/home/panuwat/Pictures/Test-Cases/with_mask/authentic/images/test/au_usb_000000000247_jpg.png,/home/panuwat/Pictures/Test-Cases/with_mask/authentic/annotations/test/au_usb_000000000247_jpg.png,640,424,50.0,0,0,0,271360,100.0,100.0,100.0,100.0,,,100.0,0.0,,,
v1.0.3,authentic,authentic/au_usb_000000000263_jpg,/home/panuwat/Pictures/Test-Cases/with_mask/authentic/images/test/au_usb_000000000263_jpg.png,/home/panuwat/Pictures/Test-Cases/with_mask/authentic/annotations/test/au_usb_000000000263_jpg.png,591,640,50.0,0,0,0,378240,100.0,100.0,100.0,100.0,,,100.0,0.0,,,
v1.0.3,authentic,authentic/au_usb_000000000322_jpg,/home/panuwat/Pictures/Test-Cases/with_mask/authentic/images/test/au_usb_000000000322_jpg.png,/home/panuwat/Pictures/Test-Cases/with_mask/authentic/annotations/test/au_usb_000000000322_jpg.png,640,481,50.0,0,396,0,307444,49.935681,49.96782,99.871362,99.935639,0.0,0.0,99.871362,0.128638,,,
v1.0.3,authentic,authentic/au_usb_000000000359_jpg,/home/panuwat/Pictures/Test-Cases/with_mask/authentic/images/test/au_usb_000000000359_jpg.png,/home/panuwat/Pictures/Test-Cases/with_mask/authentic/annotations/test/au_usb_000000000359_jpg.png,500,332,50.0,0,1,0,165999,49.999699,49.999849,99.999398,99.999699,0.0,0.0,99.999398,0.000602,,,
v1.0.3,authentic,authentic/au_usb_000000000360_jpg,/home/panuwat/Pictures/Test-Cases/with_mask/authentic/images/test/au_usb_000000000360_jpg.png,/home/panuwat/Pictures/Test-Cases/with_mask/authentic/annotations/test/au_usb_000000000360_jpg.png,500,375,50.0,0,0,0,187500,100.0,100.0,100.0,100.0,,,100.0,0.0,,,
v1.0.3,authentic,authentic/au_usb_000000000488_jpg,/home/panuwat/Pictures/Test-Cases/with_mask/authentic/images/test/au_usb_000000000488_jpg.png,/home/panuwat/Pictures/Test-Cases/with_mask/authentic/annotations/test/au_usb_000000000488_jpg.png,640,406,50.0,0,0,0,259840,100.0,100.0,100.0,100.0,,,100.0,0.0,,,
v1.0.3,authentic,authentic/au_usb_000000000529_jpg,/home/panuwat/Pictures/Test-Cases/with_mask/authentic/images/test/au_usb_000000000529_jpg.png,/home/panuwat/Pictures/Test-Cases/with_mask/authentic/annotations/test/au_usb_000000000529_jpg.png,427,640,50.0,0,0,0,273280,100.0,100.0,100.0,100.0,,,100.0,0.0,,,
v1.0.3,authentic,authentic/au_usb_000000000532_jpg,/home/panuwat/Pictures/Test-Cases/with_mask/authentic/images/test/au_usb_000000000532_jpg.png,/home/panuwat/Pictures/Test-Cases/with_mask/authentic/annotations/test/au_usb_000000000532_jpg.png,640,480,50.0,0,0,0,307200,100.0,100.0,100.0,100.0,,,100.0,0.0,,,
v1.0.3,authentic,authentic/au_usb_000000000612_jpg,/home/panuwat/Pictures/Test-Cases/with_mask/authentic/images/test/au_usb_000000000612_jpg.png,/home/panuwat/Pictures/Test-Cases/with_mask/authentic/annotations/test/au_usb_000000000612_jpg.png,640,480,50.0,0,0,0,307200,100.0,100.0,100.0,100.0,,,100.0,0.0,,,
v1.0.3,authentic,authentic/au_usb_000000000650_jpg,/home/panuwat/Pictures/Test-Cases/with_mask/authentic/images/test/au_usb_000000000650_jpg.png,/home/panuwat/Pictures/Test-Cases/with_mask/authentic/annotations/test/au_usb_000000000650_jpg.png,640,427,50.0,0,0,0,273280,100.0,100.0,100.0,100.0,,,100.0,0.0,,,
v1.0.3,authentic,authentic/au_usb_000000000656_jpg,/home/panuwat/Pictures/Test-Cases/with_mask/authentic/images/test/au_usb_000000000656_jpg.png,/home/panuwat/Pictures/Test-Cases/with_mask/authentic/annotations/test/au_usb_000000000656_jpg.png,640,472,50.0,0,0,0,302080,100.0,100.0,100.0,100.0,,,100.0,0.0,,,
v1.0.3,authentic,authentic/au_usb_000000000693_jpg,/home/panuwat/Pictures/Test-Cases/with_mask/authentic/images/test/au_usb_000000000693_jpg.png,/home/panuwat/Pictures/Test-Cases/with_mask/authentic/annotations/test/au_usb_000000000693_jpg.png,640,428,50.0,0,0,0,273920,100.0,100.0,100.0,100.0,,,100.0,0.0,,,
v1.0.3,authentic,authentic/au_usb_000000000801_jpg,/home/panuwat/Pictures/Test-Cases/with_mask/authentic/images/test/au_usb_000000000801_jpg.png,/home/panuwat/Pictures/Test-Cases/with_mask/authentic/annotations/test/au_usb_000000000801_jpg.png,640,360,50.0,0,0,0,230400,100.0,100.0,100.0,100.0,,,100.0,0.0,,,
v1.0.3,casia,casia/tp_casia_Tp_D_CNN_M_N_txt00054_txt00050_10375_tif,/home/panuwat/Pictures/Test-Cases/with_mask/casia/images/test/tp_casia_Tp_D_CNN_M_N_txt00054_txt00050_10375_tif.png,/home/panuwat/Pictures/Test-Cases/with_mask/casia/annotations/test/tp_casia_Tp_D_CNN_M_N_txt00054_txt00050_10375_tif.png,384,256,50.0,10030,12341,43344,32589,26.090441,40.205385,36.918005,53.927174,15.262878,26.483596,43.354289,27.467171,,,
v1.0.3,casia,casia/tp_casia_Tp_D_CNN_S_B_txt00055_txt00047_11328_jpg,/home/panuwat/Pictures/Test-Cases/with_mask/casia/images/test/tp_casia_Tp_D_CNN_S_B_txt00055_txt00047_11328_jpg.png,/home/panuwat/Pictures/Test-Cases/with_mask/casia/annotations/test/tp_casia_Tp_D_CNN_S_B_txt00055_txt00047_11328_jpg.png,384,256,50.0,697,14902,11506,71199,37.758022,44.685017,72.944563,84.356006,2.571481,5.014028,73.136393,17.307581,,,
v1.0.3,casia,casia/tp_casia_Tp_D_CNN_S_N_art00001_ani00074_10442_tif,/home/panuwat/Pictures/Test-Cases/with_mask/casia/images/test/tp_casia_Tp_D_CNN_S_N_art00001_ani00074_10442_tif.png,/home/panuwat/Pictures/Test-Cases/with_mask/casia/annotations/test/tp_casia_Tp_D_CNN_S_N_art00001_ani00074_10442_tif.png,384,256,50.0,1623,4599,53705,38377,21.201377,31.05208,39.694459,56.830399,2.708295,5.273761,40.690104,10.701322,,,
v1.0.3,casia,casia/tp_casia_Tp_D_CNN_S_N_art00011_art00014_11841_jpg,/home/panuwat/Pictures/Test-Cases/with_mask/casia/images/test/tp_casia_Tp_D_CNN_S_N_art00011_art00014_11841_jpg.png,/home/panuwat/Pictures/Test-Cases/with_mask/casia/annotations/test/tp_casia_Tp_D_CNN_S_N_art00011_art00014_11841_jpg.png,384,256,50.0,5642,1564,17183,73915,51.450893,63.160126,79.768406,88.745745,23.13338,37.574506,80.929565,2.0721,,,
v1.0.3,casia,casia/tp_casia_Tp_D_CNN_S_N_cha00044_cha00043_00364_tif,/home/panuwat/Pictures/Test-Cases/with_mask/casia/images/test/tp_casia_Tp_D_CNN_S_N_cha00044_cha00043_00364_tif.png,/home/panuwat/Pictures/Test-Cases/with_mask/casia/annotations/test/tp_casia_Tp_D_CNN_S_N_cha00044_cha00043_00364_tif.png,384,256,50.0,124,0,23010,75170,38.549731,43.896288,76.563455,86.726276,0.536008,1.0663,76.593018,0.0,,,
v1.0.3,casia,casia/tp_casia_Tp_D_CNN_S_N_cha10122_nat10124_12167_jpg,/home/panuwat/Pictures/Test-Cases/with_mask/casia/images/test/tp_casia_Tp_D_CNN_S_N_cha10122_nat10124_12167_jpg.png,/home/panuwat/Pictures/Test-Cases/with_mask/casia/annotations/test/tp_casia_Tp_D_CNN_S_N_cha10122_nat10124_12167_jpg.png,518,800,50.0,26922,16052,166192,205234,32.918868,46.029635,52.96662,69.252521,12.871117,22.80675,56.022201,7.253961,,,
v1.0.3,casia,casia/tp_casia_Tp_D_CNN_S_N_cha10122_nat10139_12166_jpg,/home/panuwat/Pictures/Test-Cases/with_mask/casia/images/test/tp_casia_Tp_D_CNN_S_N_cha10122_nat10139_12166_jpg.png,/home/panuwat/Pictures/Test-Cases/with_mask/casia/annotations/test/tp_casia_Tp_D_CNN_S_N_cha10122_nat10139_12166_jpg.png,518,800,50.0,42343,479,165883,205695,37.787165,52.469142,55.285884,71.205292,20.288445,33.732991,59.85473,0.232328,,,
v1.0.3,casia,casia/tp_casia_Tp_D_CNN_S_N_txt00051_txt00051_10376_tif,/home/panuwat/Pictures/Test-Cases/with_mask/casia/images/test/tp_casia_Tp_D_CNN_S_N_txt00051_txt00051_10376_tif.png,/home/panuwat/Pictures/Test-Cases/with_mask/casia/annotations/test/tp_casia_Tp_D_CNN_S_N_txt00051_txt00051_10376_tif.png,384,256,50.0,5470,9985,39210,43639,28.506982,41.072489,47.007562,63.952577,10.006403,18.1924,49.956258,18.620394,,,
v1.0.3,casia,casia/tp_casia_Tp_D_CRD_M_N_nat00048_nat00049_11067_jpg,/home/panuwat/Pictures/Test-Cases/with_mask/casia/images/test/tp_casia_Tp_D_CRD_M_N_nat00048_nat00049_11067_jpg.png,/home/panuwat/Pictures/Test-Cases/with_mask/casia/annotations/test/tp_casia_Tp_D_CRD_M_N_nat00048_nat00049_11067_jpg.png,384,256,50.0,0,0,44711,53593,27.258809,35.282461,54.517619,70.564922,0.0,0.0,54.517619,0.0,,,
v1.0.3,casia,casia/tp_casia_Tp_D_CRD_S_N_ind00029_ind00088_00444_tif,/home/panuwat/Pictures/Test-Cases/with_mask/casia/images/test/tp_casia_Tp_D_CRD_S_N_ind00029_ind00088_00444_tif.png,/home/panuwat/Pictures/Test-Cases/with_mask/casia/annotations/test/tp_casia_Tp_D_CRD_S_N_ind00029_ind00088_00444_tif.png,384,256,50.0,22,2754,3803,91725,46.831389,48.60782,93.328382,96.549075,0.334397,0.666566,93.329875,2.914933,,,
v1.0.3,casia,casia/tp_casia_Tp_D_CRN_M_N_ani10112_ani00100_11648_jpg,/home/panuwat/Pictures/Test-Cases/with_mask/casia/images/test/tp_casia_Tp_D_CRN_M_N_ani10112_ani00100_11648_jpg.png,/home/panuwat/Pictures/Test-Cases/with_mask/casia/annotations/test/tp_casia_Tp_D_CRN_M_N_ani10112_ani00100_11648_jpg.png,384,256,50.0,5511,2410,56620,33763,22.462023,34.545321,36.385288,53.356617,8.538758,15.734026,39.951579,6.662428,,,
v1.0.3,casia,casia/tp_casia_Tp_D_CRN_M_N_ani10117_ani00100_11642_jpg,/home/panuwat/Pictures/Test-Cases/with_mask/casia/images/test/tp_casia_Tp_D_CRN_M_N_ani10117_ani00100_11642_jpg.png,/home/panuwat/Pictures/Test-Cases/with_mask/casia/annotations/test/tp_casia_Tp_D_CRN_M_N_ani10117_ani00100_11642_jpg.png,384,256,50.0,9070,4931,32786,51517,38.559103,52.839409,57.732479,73.203032,19.385727,32.475786,61.632284,8.735473,,,
v1.0.3,casia,casia/tp_casia_Tp_D_CRN_M_N_arc00008_nat10122_11773_jpg,/home/panuwat/Pictures/Test-Cases/with_mask/casia/images/test/tp_casia_Tp_D_CRN_M_N_arc00008_nat10122_11773_jpg.png,/home/panuwat/Pictures/Test-Cases/with_mask/casia/annotations/test/tp_casia_Tp_D_CRN_M_N_arc00008_nat10122_11773_jpg.png,384,256,50.0,23555,4755,19369,50625,58.56498,73.44626,67.726659,80.758371,49.403301,66.134149,75.459798,8.586132,,,
v1.0.3,casia,casia/tp_casia_Tp_D_CRN_M_N_cha10108_cha00027_11666_jpg,/home/panuwat/Pictures/Test-Cases/with_mask/casia/images/test/tp_casia_Tp_D_CRN_M_N_cha10108_cha00027_11666_jpg.png,/home/panuwat/Pictures/Test-Cases/with_mask/casia/annotations/test/tp_casia_Tp_D_CRN_M_N_cha10108_cha00027_11666_jpg.png,384,256,50.0,0,0,39698,58606,29.808553,37.350073,59.617106,74.700147,0.0,0.0,59.617106,0.0,,,
v1.0.3,casia,casia/tp_casia_Tp_D_CRN_M_N_cha10108_cha00040_11665_jpg,/home/panuwat/Pictures/Test-Cases/with_mask/casia/images/test/tp_casia_Tp_D_CRN_M_N_cha10108_cha00040_11665_jpg.png,/home/panuwat/Pictures/Test-Cases/with_mask/casia/annotations/test/tp_casia_Tp_D_CRN_M_N_cha10108_cha00040_11665_jpg.png,384,256,50.0,0,0,38202,60102,30.569458,37.941745,61.138916,75.883489,0.0,0.0,61.138916,0.0,,,
v1.0.3,copymove,copymove/tp_copymove_0_000000001596_tif,/home/panuwat/Pictures/Test-Cases/with_mask/copymove/images/test/tp_copymove_0_000000001596_tif.png,/home/panuwat/Pictures/Test-Cases/with_mask/copymove/annotations/test/tp_copymove_0_000000001596_tif.png,500,419,50.0,0,0,1006,208494,49.759905,49.879663,99.519809,99.759327,0.0,0.0,99.519809,0.0,,,
v1.0.3,copymove,copymove/tp_copymove_0_000000001697_tif,/home/panuwat/Pictures/Test-Cases/with_mask/copymove/images/test/tp_copymove_0_000000001697_tif.png,/home/panuwat/Pictures/Test-Cases/with_mask/copymove/annotations/test/tp_copymove_0_000000001697_tif.png,500,375,50.0,0,0,2849,184651,49.240267,49.617225,98.480533,99.234451,0.0,0.0,98.480533,0.0,,,
v1.0.3,copymove,copymove/tp_copymove_0_000000003693_tif,/home/panuwat/Pictures/Test-Cases/with_mask/copymove/images/test/tp_copymove_0_000000003693_tif.png,/home/panuwat/Pictures/Test-Cases/with_mask/copymove/annotations/test/tp_copymove_0_000000003693_tif.png,640,428,50.0,0,0,527,273393,49.903804,49.951856,99.807608,99.903711,0.0,0.0,99.807608,0.0,,,
v1.0.3,copymove,copymove/tp_copymove_0_000000004051_tif,/home/panuwat/Pictures/Test-Cases/with_mask/copymove/images/test/tp_copymove_0_000000004051_tif.png,/home/panuwat/Pictures/Test-Cases/with_mask/copymove/annotations/test/tp_copymove_0_000000004051_tif.png,480,640,50.0,0,0,777,306423,49.873535,49.936688,99.74707,99.873375,0.0,0.0,99.74707,0.0,,,
v1.0.3,copymove,copymove/tp_copymove_0_000000006363_tif,/home/panuwat/Pictures/Test-Cases/with_mask/copymove/images/test/tp_copymove_0_000000006363_tif.png,/home/panuwat/Pictures/Test-Cases/with_mask/copymove/annotations/test/tp_copymove_0_000000006363_tif.png,640,480,50.0,0,0,10088,297112,48.358073,49.165332,96.716146,98.330664,0.0,0.0,96.716146,0.0,,,
v1.0.3,copymove,copymove/tp_copymove_0_000000006432_tif,/home/panuwat/Pictures/Test-Cases/with_mask/copymove/images/test/tp_copymove_0_000000006432_tif.png,/home/panuwat/Pictures/Test-Cases/with_mask/copymove/annotations/test/tp_copymove_0_000000006432_tif.png,491,640,50.0,0,0,9344,304896,48.513238,49.2454,97.026477,98.4908,0.0,0.0,97.026477,0.0,,,
v1.0.3,copymove,copymove/tp_copymove_0_000000008119_tif,/home/panuwat/Pictures/Test-Cases/with_mask/copymove/images/test/tp_copymove_0_000000008119_tif.png,/home/panuwat/Pictures/Test-Cases/with_mask/copymove/annotations/test/tp_copymove_0_000000008119_tif.png,640,480,50.0,0,0,328,306872,49.946615,49.973293,99.893229,99.946586,0.0,0.0,99.893229,0.0,,,
v1.0.3,copymove,copymove/tp_copymove_0_000000009170_tif,/home/panuwat/Pictures/Test-Cases/with_mask/copymove/images/test/tp_copymove_0_000000009170_tif.png,/home/panuwat/Pictures/Test-Cases/with_mask/copymove/annotations/test/tp_copymove_0_000000009170_tif.png,640,383,50.0,0,0,21756,223364,45.562174,47.678042,91.124347,95.356085,0.0,0.0,91.124347,0.0,,,
v1.0.3,copymove,copymove/tp_copymove_0_000000009960_tif,/home/panuwat/Pictures/Test-Cases/with_mask/copymove/images/test/tp_copymove_0_000000009960_tif.png,/home/panuwat/Pictures/Test-Cases/with_mask/copymove/annotations/test/tp_copymove_0_000000009960_tif.png,640,427,50.0,0,0,394,272886,49.927913,49.96393,99.855826,99.927861,0.0,0.0,99.855826,0.0,,,
v1.0.3,copymove,copymove/tp_copymove_0_000000011075_tif,/home/panuwat/Pictures/Test-Cases/with_mask/copymove/images/test/tp_copymove_0_000000011075_tif.png,/home/panuwat/Pictures/Test-Cases/with_mask/copymove/annotations/test/tp_copymove_0_000000011075_tif.png,640,480,50.0,0,0,31694,275506,44.841471,47.280447,89.682943,94.560893,0.0,0.0,89.682943,0.0,,,
v1.0.3,copymove,copymove/tp_copymove_0_000000011701_tif,/home/panuwat/Pictures/Test-Cases/with_mask/copymove/images/test/tp_copymove_0_000000011701_tif.png,/home/panuwat/Pictures/Test-Cases/with_mask/copymove/annotations/test/tp_copymove_0_000000011701_tif.png,612,612,50.0,0,0,44914,329630,44.004176,46.810873,88.008351,93.621747,0.0,0.0,88.008351,0.0,,,
v1.0.3,copymove,copymove/tp_copymove_0_000000012711_tif,/home/panuwat/Pictures/Test-Cases/with_mask/copymove/images/test/tp_copymove_0_000000012711_tif.png,/home/panuwat/Pictures/Test-Cases/with_mask/copymove/annotations/test/tp_copymove_0_000000012711_tif.png,640,480,50.0,0,0,2501,304699,49.592936,49.795636,99.185872,99.591272,0.0,0.0,99.185872,0.0,,,
v1.0.3,copymove,copymove/tp_copymove_0_000000012881_tif,/home/panuwat/Pictures/Test-Cases/with_mask/copymove/images/test/tp_copymove_0_000000012881_tif.png,/home/panuwat/Pictures/Test-Cases/with_mask/copymove/annotations/test/tp_copymove_0_000000012881_tif.png,640,428,50.0,0,0,7419,266501,48.645772,49.313591,97.291545,98.627181,0.0,0.0,97.291545,0.0,,,
v1.0.3,copymove,copymove/tp_copymove_0_000000012953_tif,/home/panuwat/Pictures/Test-Cases/with_mask/copymove/images/test/tp_copymove_0_000000012953_tif.png,/home/panuwat/Pictures/Test-Cases/with_mask/copymove/annotations/test/tp_copymove_0_000000012953_tif.png,640,433,50.0,0,0,12906,264214,47.671406,48.807945,95.342812,97.61589,0.0,0.0,95.342812,0.0,,,
v1.0.3,copymove,copymove/tp_copymove_0_000000013202_tif,/home/panuwat/Pictures/Test-Cases/with_mask/copymove/images/test/tp_copymove_0_000000013202_tif.png,/home/panuwat/Pictures/Test-Cases/with_mask/copymove/annotations/test/tp_copymove_0_000000013202_tif.png,427,640,50.0,0,0,9363,263917,48.286922,49.128532,96.573844,98.257064,0.0,0.0,96.573844,0.0,,,
v1.0.3,face,face/tp_face_morphing_0.jpg_IN_100.jpg_tif,/home/panuwat/Pictures/Test-Cases/with_mask/face/images/test/tp_face_morphing_0.jpg_IN_100.jpg_tif.png,/home/panuwat/Pictures/Test-Cases/with_mask/face/annotations/test/tp_face_morphing_0.jpg_IN_100.jpg_tif.png,500,652,50.0,0,0,65140,260860,40.009202,44.450124,80.018405,88.900249,0.0,0.0,80.018405,0.0,,,
v1.0.3,face,face/tp_face_morphing_0.jpg_IN_110.jpg_tif,/home/panuwat/Pictures/Test-Cases/with_mask/face/images/test/tp_face_morphing_0.jpg_IN_110.jpg_tif.png,/home/panuwat/Pictures/Test-Cases/with_mask/face/annotations/test/tp_face_morphing_0.jpg_IN_110.jpg_tif.png,500,652,50.0,0,324,66760,258916,39.711043,44.265501,79.422086,88.531003,0.0,0.0,79.422086,0.124981,,,
v1.0.3,face,face/tp_face_morphing_0.jpg_IN_112.jpg_tif,/home/panuwat/Pictures/Test-Cases/with_mask/face/images/test/tp_face_morphing_0.jpg_IN_112.jpg_tif.png,/home/panuwat/Pictures/Test-Cases/with_mask/face/annotations/test/tp_face_morphing_0.jpg_IN_112.jpg_tif.png,500,652,50.0,0,41,69490,256469,39.335736,44.031356,78.671472,88.062712,0.0,0.0,78.671472,0.015984,,,
v1.0.3,face,face/tp_face_morphing_0.jpg_IN_127.jpg_tif,/home/panuwat/Pictures/Test-Cases/with_mask/face/images/test/tp_face_morphing_0.jpg_IN_127.jpg_tif.png,/home/panuwat/Pictures/Test-Cases/with_mask/face/annotations/test/tp_face_morphing_0.jpg_IN_127.jpg_tif.png,500,652,50.0,0,0,62768,263232,40.373006,44.673745,80.746012,89.34749,0.0,0.0,80.746012,0.0,,,
v1.0.3,face,face/tp_face_morphing_0.jpg_IN_131.jpg_tif,/home/panuwat/Pictures/Test-Cases/with_mask/face/images/test/tp_face_morphing_0.jpg_IN_131.jpg_tif.png,/home/panuwat/Pictures/Test-Cases/with_mask/face/annotations/test/tp_face_morphing_0.jpg_IN_131.jpg_tif.png,500,652,50.0,0,0,89431,236569,36.283589,42.051553,72.567178,84.103106,0.0,0.0,72.567178,0.0,,,
v1.0.3,face,face/tp_face_morphing_0.jpg_IN_132.jpg_tif,/home/panuwat/Pictures/Test-Cases/with_mask/face/images/test/tp_face_morphing_0.jpg_IN_132.jpg_tif.png,/home/panuwat/Pictures/Test-Cases/with_mask/face/annotations/test/tp_face_morphing_0.jpg_IN_132.jpg_tif.png,500,652,50.0,0,0,86973,239027,36.660583,42.303642,73.321166,84.607284,0.0,0.0,73.321166,0.0,,,
v1.0.3,face,face/tp_face_morphing_0.jpg_IN_170.jpg_tif,/home/panuwat/Pictures/Test-Cases/with_mask/face/images/test/tp_face_morphing_0.jpg_IN_170.jpg_tif.png,/home/panuwat/Pictures/Test-Cases/with_mask/face/annotations/test/tp_face_morphing_0.jpg_IN_170.jpg_tif.png,500,652,50.0,0,0,70939,255061,39.119785,43.895736,78.239571,87.791471,0.0,0.0,78.239571,0.0,,,
v1.0.3,face,face/tp_face_morphing_0.jpg_IN_171.jpg_tif,/home/panuwat/Pictures/Test-Cases/with_mask/face/images/test/tp_face_morphing_0.jpg_IN_171.jpg_tif.png,/home/panuwat/Pictures/Test-Cases/with_mask/face/annotations/test/tp_face_morphing_0.jpg_IN_171.jpg_tif.png,500,652,50.0,0,0,61384,264616,40.585276,44.803392,81.170552,89.606783,0.0,0.0,81.170552,0.0,,,
v1.0.3,face,face/tp_face_morphing_0.jpg_IN_177.jpg_tif,/home/panuwat/Pictures/Test-Cases/with_mask/face/images/test/tp_face_morphing_0.jpg_IN_177.jpg_tif.png,/home/panuwat/Pictures/Test-Cases/with_mask/face/annotations/test/tp_face_morphing_0.jpg_IN_177.jpg_tif.png,500,652,50.0,0,0,73454,252546,38.734049,43.651844,77.468098,87.303689,0.0,0.0,77.468098,0.0,,,
v1.0.3,face,face/tp_face_morphing_0.jpg_IN_190.jpg_tif,/home/panuwat/Pictures/Test-Cases/with_mask/face/images/test/tp_face_morphing_0.jpg_IN_190.jpg_tif.png,/home/panuwat/Pictures/Test-Cases/with_mask/face/annotations/test/tp_face_morphing_0.jpg_IN_190.jpg_tif.png,500,652,50.0,0,2378,66673,256949,39.409356,44.077441,78.818712,88.154881,0.0,0.0,78.818712,0.916989,,,
v1.0.3,face,face/tp_face_morphing_0.jpg_IN_192.jpg_tif,/home/panuwat/Pictures/Test-Cases/with_mask/face/images/test/tp_face_morphing_0.jpg_IN_192.jpg_tif.png,/home/panuwat/Pictures/Test-Cases/with_mask/face/annotations/test/tp_face_morphing_0.jpg_IN_192.jpg_tif.png,500,652,50.0,0,0,68283,257717,39.527147,44.151018,79.054294,88.302037,0.0,0.0,79.054294,0.0,,,
v1.0.3,face,face/tp_face_morphing_0.jpg_IN_199.jpg_tif,/home/panuwat/Pictures/Test-Cases/with_mask/face/images/test/tp_face_morphing_0.jpg_IN_199.jpg_tif.png,/home/panuwat/Pictures/Test-Cases/with_mask/face/annotations/test/tp_face_morphing_0.jpg_IN_199.jpg_tif.png,500,652,50.0,0,3468,69989,252543,38.733589,43.651552,77.467178,87.303105,0.0,0.0,77.467178,1.354629,,,
v1.0.3,face,face/tp_face_morphing_0.jpg_IN_31.jpg_tif,/home/panuwat/Pictures/Test-Cases/with_mask/face/images/test/tp_face_morphing_0.jpg_IN_31.jpg_tif.png,/home/panuwat/Pictures/Test-Cases/with_mask/face/annotations/test/tp_face_morphing_0.jpg_IN_31.jpg_tif.png,500,652,50.0,0,0,66786,259214,39.756748,44.293882,79.513497,88.587764,0.0,0.0,79.513497,0.0,,,
v1.0.3,face,face/tp_face_morphing_0.jpg_IN_37.jpg_tif,/home/panuwat/Pictures/Test-Cases/with_mask/face/images/test/tp_face_morphing_0.jpg_IN_37.jpg_tif.png,/home/panuwat/Pictures/Test-Cases/with_mask/face/annotations/test/tp_face_morphing_0.jpg_IN_37.jpg_tif.png,500,652,50.0,0,0,72342,253658,38.904601,43.759941,77.809202,87.519882,0.0,0.0,77.809202,0.0,,,
v1.0.3,face,face/tp_face_morphing_0.jpg_IN_49.jpg_tif,/home/panuwat/Pictures/Test-Cases/with_mask/face/images/test/tp_face_morphing_0.jpg_IN_49.jpg_tif.png,/home/panuwat/Pictures/Test-Cases/with_mask/face/annotations/test/tp_face_morphing_0.jpg_IN_49.jpg_tif.png,500,652,50.0,0,0,67874,258126,39.589877,44.190123,79.179755,88.380247,0.0,0.0,79.179755,0.0,,,
v1.0.3,imd2020,imd2020/tp_imd2020_00064_fake_jpg,/home/panuwat/Pictures/Test-Cases/with_mask/imd2020/images/test/tp_imd2020_00064_fake_jpg.png,/home/panuwat/Pictures/Test-Cases/with_mask/imd2020/annotations/test/tp_imd2020_00064_fake_jpg.png,699,451,50.0,0,0,101044,214205,33.973938,40.457717,67.947876,80.915434,0.0,0.0,67.947876,0.0,,,
v1.0.3,imd2020,imd2020/tp_imd2020_00097_fake_jpg,/home/panuwat/Pictures/Test-Cases/with_mask/imd2020/images/test/tp_imd2020_00097_fake_jpg.png,/home/panuwat/Pictures/Test-Cases/with_mask/imd2020/annotations/test/tp_imd2020_00097_fake_jpg.png,383,274,50.0,0,0,2227,102715,48.938938,49.463779,97.877875,98.927558,0.0,0.0,97.877875,0.0,,,
v1.0.3,imd2020,imd2020/tp_imd2020_c8u0rrz_0_jpg,/home/panuwat/Pictures/Test-Cases/with_mask/imd2020/images/test/tp_imd2020_c8u0rrz_0_jpg.png,/home/panuwat/Pictures/Test-Cases/with_mask/imd2020/annotations/test/tp_imd2020_c8u0rrz_0_jpg.png,620,464,50.0,0,0,33023,254657,44.260463,46.955491,88.520926,93.910982,0.0,0.0,88.520926,0.0,,,
v1.0.3,imd2020,imd2020/tp_imd2020_c8u4gpd_0_jpg,/home/panuwat/Pictures/Test-Cases/with_mask/imd2020/images/test/tp_imd2020_c8u4gpd_0_jpg.png,/home/panuwat/Pictures/Test-Cases/with_mask/imd2020/annotations/test/tp_imd2020_c8u4gpd_0_jpg.png,501,409,50.0,0,0,130809,74100,18.081197,26.558283,36.162394,53.116566,0.0,0.0,36.162394,0.0,,,
v1.0.3,imd2020,imd2020/tp_imd2020_c8vgphr_0_jpg,/home/panuwat/Pictures/Test-Cases/with_mask/imd2020/images/test/tp_imd2020_c8vgphr_0_jpg.png,/home/panuwat/Pictures/Test-Cases/with_mask/imd2020/annotations/test/tp_imd2020_c8vgphr_0_jpg.png,375,500,50.0,0,0,9457,178043,47.478133,48.706445,94.956267,97.41289,0.0,0.0,94.956267,0.0,,,
v1.0.3,imd2020,imd2020/tp_imd2020_c8vkf28_0_jpg,/home/panuwat/Pictures/Test-Cases/with_mask/imd2020/images/test/tp_imd2020_c8vkf28_0_jpg.png,/home/panuwat/Pictures/Test-Cases/with_mask/imd2020/annotations/test/tp_imd2020_c8vkf28_0_jpg.png,1200,750,50.0,26,0,26363,873611,48.58461,49.355217,97.070693,98.513576,0.098526,0.196858,97.070778,0.0,,,
v1.0.3,imd2020,imd2020/tp_imd2020_c8vpmfd_0_jpg,/home/panuwat/Pictures/Test-Cases/with_mask/imd2020/images/test/tp_imd2020_c8vpmfd_0_jpg.png,/home/panuwat/Pictures/Test-Cases/with_mask/imd2020/annotations/test/tp_imd2020_c8vpmfd_0_jpg.png,1920,1200,50.0,19012,2736,24437,2257815,69.987842,78.861773,98.810803,99.401845,41.16488,58.321702,98.820616,0.121032,,,
v1.0.3,imd2020,imd2020/tp_imd2020_c8vqeqw_0_jpg,/home/panuwat/Pictures/Test-Cases/with_mask/imd2020/images/test/tp_imd2020_c8vqeqw_0_jpg.png,/home/panuwat/Pictures/Test-Cases/with_mask/imd2020/annotations/test/tp_imd2020_c8vqeqw_0_jpg.png,1920,1200,50.0,45,1071,30945,2271939,49.375373,49.790327,98.61039,99.300333,0.140357,0.280321,98.610417,0.047118,,,
v1.0.3,imd2020,imd2020/tp_imd2020_c8w0r2r_0_jpg,/home/panuwat/Pictures/Test-Cases/with_mask/imd2020/images/test/tp_imd2020_c8w0r2r_0_jpg.png,/home/panuwat/Pictures/Test-Cases/with_mask/imd2020/annotations/test/tp_imd2020_c8w0r2r_0_jpg.png,1120,629,50.0,2846,1679,130452,569503,41.638305,46.867613,81.168102,89.60529,2.108507,4.129935,81.24418,0.293952,,,
v1.0.3,imd2020,imd2020/tp_imd2020_c8wvegs_0_jpg,/home/panuwat/Pictures/Test-Cases/with_mask/imd2020/images/test/tp_imd2020_c8wvegs_0_jpg.png,/home/panuwat/Pictures/Test-Cases/with_mask/imd2020/annotations/test/tp_imd2020_c8wvegs_0_jpg.png,953,953,50.0,3126,36119,851,868113,51.85579,56.18996,95.915292,97.915064,7.796289,14.464856,95.929351,3.994439,,,
v1.0.3,imd2020,imd2020/tp_imd2020_c8xhzdr_0_jpg,/home/panuwat/Pictures/Test-Cases/with_mask/imd2020/images/test/tp_imd2020_c8xhzdr_0_jpg.png,/home/panuwat/Pictures/Test-Cases/with_mask/imd2020/annotations/test/tp_imd2020_c8xhzdr_0_jpg.png,650,366,50.0,0,0,4941,232959,48.961538,49.475321,97.923077,98.950641,0.0,0.0,97.923077,0.0,,,
v1.0.3,imd2020,imd2020/tp_imd2020_c8xtrds_0_jpg,/home/panuwat/Pictures/Test-Cases/with_mask/imd2020/images/test/tp_imd2020_c8xtrds_0_jpg.png,/home/panuwat/Pictures/Test-Cases/with_mask/imd2020/annotations/test/tp_imd2020_c8xtrds_0_jpg.png,444,644,50.0,0,0,13439,272497,47.649999,48.796722,95.299997,97.593445,0.0,0.0,95.299997,0.0,,,
v1.0.3,imd2020,imd2020/tp_imd2020_c8yjv4u_0_jpg,/home/panuwat/Pictures/Test-Cases/with_mask/imd2020/images/test/tp_imd2020_c8yjv4u_0_jpg.png,/home/panuwat/Pictures/Test-Cases/with_mask/imd2020/annotations/test/tp_imd2020_c8yjv4u_0_jpg.png,549,732,50.0,0,6376,14024,381468,47.461853,48.697877,94.923706,97.395754,0.0,0.0,94.923706,1.64396,,,
v1.0.3,imd2020,imd2020/tp_imd2020_c8ynnae_0_jpg,/home/panuwat/Pictures/Test-Cases/with_mask/imd2020/images/test/tp_imd2020_c8ynnae_0_jpg.png,/home/panuwat/Pictures/Test-Cases/with_mask/imd2020/annotations/test/tp_imd2020_c8ynnae_0_jpg.png,453,604,50.0,0,312,5196,268104,48.993465,49.491616,97.98693,98.983231,0.0,0.0,97.98693,0.116237,,,
v1.0.3,imd2020,imd2020/tp_imd2020_c8zefoe_0_jpg,/home/panuwat/Pictures/Test-Cases/with_mask/imd2020/images/test/tp_imd2020_c8zefoe_0_jpg.png,/home/panuwat/Pictures/Test-Cases/with_mask/imd2020/annotations/test/tp_imd2020_c8zefoe_0_jpg.png,1200,704,50.0,0,1107,43796,799897,47.342389,48.634916,94.684777,97.269831,0.0,0.0,94.684777,0.138202,,,
v1.0.3,inpainting,inpainting/tp_inpaint_0_000000000943_tif,/home/panuwat/Pictures/Test-Cases/with_mask/inpainting/images/test/tp_inpaint_0_000000000943_tif.png,/home/panuwat/Pictures/Test-Cases/with_mask/inpainting/annotations/test/tp_inpaint_0_000000000943_tif.png,640,360,50.0,4585,361,11187,214267,61.653044,70.818486,94.886079,97.375944,28.420009,44.261029,94.987847,0.168198,,,
v1.0.3,inpainting,inpainting/tp_inpaint_0_000000001596_tif,/home/panuwat/Pictures/Test-Cases/with_mask/inpainting/images/test/tp_inpaint_0_000000001596_tif.png,/home/panuwat/Pictures/Test-Cases/with_mask/inpainting/annotations/test/tp_inpaint_0_000000001596_tif.png,500,419,50.0,0,0,1124,208376,49.731742,49.86551,99.463484,99.731021,0.0,0.0,99.463484,0.0,,,
v1.0.3,inpainting,inpainting/tp_inpaint_0_000000002614_tif,/home/panuwat/Pictures/Test-Cases/with_mask/inpainting/images/test/tp_inpaint_0_000000002614_tif.png,/home/panuwat/Pictures/Test-Cases/with_mask/inpainting/annotations/test/tp_inpaint_0_000000002614_tif.png,640,427,50.0,6982,2663,3252,260383,75.957713,84.560956,97.778804,98.876929,54.136621,70.244982,97.835553,1.01237,,,
v1.0.3,inpainting,inpainting/tp_inpaint_0_000000003488_tif,/home/panuwat/Pictures/Test-Cases/with_mask/inpainting/images/test/tp_inpaint_0_000000003488_tif.png,/home/panuwat/Pictures/Test-Cases/with_mask/inpainting/annotations/test/tp_inpaint_0_000000003488_tif.png,500,333,50.0,532,73,610,165285,71.687242,80.34911,99.588475,99.793813,43.786008,60.904408,99.58979,0.044147,,,
v1.0.3,inpainting,inpainting/tp_inpaint_0_000000005210_tif,/home/panuwat/Pictures/Test-Cases/with_mask/inpainting/images/test/tp_inpaint_0_000000005210_tif.png,/home/panuwat/Pictures/Test-Cases/with_mask/inpainting/annotations/test/tp_inpaint_0_000000005210_tif.png,640,426,50.0,0,0,274,272366,49.949751,49.974863,99.899501,99.949725,0.0,0.0,99.899501,0.0,,,
v1.0.3,inpainting,inpainting/tp_inpaint_0_000000005699_tif,/home/panuwat/Pictures/Test-Cases/with_mask/inpainting/images/test/tp_inpaint_0_000000005699_tif.png,/home/panuwat/Pictures/Test-Cases/with_mask/inpainting/annotations/test/tp_inpaint_0_000000005699_tif.png,600,400,50.0,0,0,480,239520,49.9,49.94995,99.8,99.8999,0.0,0.0,99.8,0.0,,,
v1.0.3,inpainting,inpainting/tp_inpaint_0_000000008119_tif,/home/panuwat/Pictures/Test-Cases/with_mask/inpainting/images/test/tp_inpaint_0_000000008119_tif.png,/home/panuwat/Pictures/Test-Cases/with_mask/inpainting/annotations/test/tp_inpaint_0_000000008119_tif.png,640,480,50.0,0,0,320,306880,49.947917,49.973945,99.895833,99.94789,0.0,0.0,99.895833,0.0,,,
v1.0.3,inpainting,inpainting/tp_inpaint_0_000000009960_tif,/home/panuwat/Pictures/Test-Cases/with_mask/inpainting/images/test/tp_inpaint_0_000000009960_tif.png,/home/panuwat/Pictures/Test-Cases/with_mask/inpainting/annotations/test/tp_inpaint_0_000000009960_tif.png,640,427,50.0,0,0,454,272826,49.916935,49.958433,99.83387,99.916866,0.0,0.0,99.83387,0.0,,,
v1.0.3,inpainting,inpainting/tp_inpaint_0_000000010779_tif,/home/panuwat/Pictures/Test-Cases/with_mask/inpainting/images/test/tp_inpaint_0_000000010779_tif.png,/home/panuwat/Pictures/Test-Cases/with_mask/inpainting/annotations/test/tp_inpaint_0_000000010779_tif.png,532,640,50.0,9507,515,9614,320844,72.677902,81.844917,96.93963,98.446036,48.416174,65.243798,97.025082,0.160257,,,
v1.0.3,inpainting,inpainting/tp_inpaint_0_000000011075_tif,/home/panuwat/Pictures/Test-Cases/with_mask/inpainting/images/test/tp_inpaint_0_000000011075_tif.png,/home/panuwat/Pictures/Test-Cases/with_mask/inpainting/annotations/test/tp_inpaint_0_000000011075_tif.png,640,480,50.0,88292,20379,2218,196311,84.649682,91.606427,89.677399,94.557812,79.621964,88.655042,92.644206,9.404679,,,
v1.0.3,inpainting,inpainting/tp_inpaint_0_000000011831_tif,/home/panuwat/Pictures/Test-Cases/with_mask/inpainting/images/test/tp_inpaint_0_000000011831_tif.png,/home/panuwat/Pictures/Test-Cases/with_mask/inpainting/annotations/test/tp_inpaint_0_000000011831_tif.png,640,427,50.0,0,0,2658,270622,49.513686,49.755655,99.027371,99.511309,0.0,0.0,99.027371,0.0,,,
v1.0.3,inpainting,inpainting/tp_inpaint_0_000000012927_tif,/home/panuwat/Pictures/Test-Cases/with_mask/inpainting/images/test/tp_inpaint_0_000000012927_tif.png,/home/panuwat/Pictures/Test-Cases/with_mask/inpainting/annotations/test/tp_inpaint_0_000000012927_tif.png,640,425,50.0,1366,870,7604,262160,55.375474,61.394657,96.868834,98.409517,13.882114,24.379797,96.884559,0.330761,,,
v1.0.3,inpainting,inpainting/tp_inpaint_0_000000016359_tif,/home/panuwat/Pictures/Test-Cases/with_mask/inpainting/images/test/tp_inpaint_0_000000016359_tif.png,/home/panuwat/Pictures/Test-Cases/with_mask/inpainting/annotations/test/tp_inpaint_0_000000016359_tif.png,640,383,50.0,1671,24,4542,238883,62.45809,70.657175,98.124453,99.053349,26.791727,42.261002,98.137239,0.010046,,,
v1.0.3,inpainting,inpainting/tp_inpaint_0_000000017474_tif,/home/panuwat/Pictures/Test-Cases/with_mask/inpainting/images/test/tp_inpaint_0_000000017474_tif.png,/home/panuwat/Pictures/Test-Cases/with_mask/inpainting/annotations/test/tp_inpaint_0_000000017474_tif.png,640,427,50.0,0,0,256,273024,49.953162,49.97657,99.906323,99.95314,0.0,0.0,99.906323,0.0,,,
v1.0.3,inpainting,inpainting/tp_inpaint_0_000000018290_tif,/home/panuwat/Pictures/Test-Cases/with_mask/inpainting/images/test/tp_inpaint_0_000000018290_tif.png,/home/panuwat/Pictures/Test-Cases/with_mask/inpainting/annotations/test/tp_inpaint_0_000000018290_tif.png,640,379,50.0,253,333,181,241793,66.386765,74.750833,99.787872,99.893824,32.985658,49.607843,99.788094,0.137532,,,
v1.0.3,splicing,splicing/tp_splice1_10007_000000130973_tif,/home/panuwat/Pictures/Test-Cases/with_mask/splicing/images/test/tp_splice1_10007_000000130973_tif.png,/home/panuwat/Pictures/Test-Cases/with_mask/splicing/annotations/test/tp_splice1_10007_000000130973_tif.png,640,427,50.0,0,0,4134,269146,49.243633,49.618934,98.487266,99.237868,0.0,0.0,98.487266,0.0,,,
v1.0.3,splicing,splicing/tp_splice1_10046_000000517430_tif,/home/panuwat/Pictures/Test-Cases/with_mask/splicing/images/test/tp_splice1_10046_000000517430_tif.png,/home/panuwat/Pictures/Test-Cases/with_mask/splicing/annotations/test/tp_splice1_10046_000000517430_tif.png,640,480,50.0,0,36,599,306565,49.896647,49.94827,99.793294,99.89654,0.0,0.0,99.793294,0.011742,,,
v1.0.3,splicing,splicing/tp_splice1_10059_000000578306_tif,/home/panuwat/Pictures/Test-Cases/with_mask/splicing/images/test/tp_splice1_10059_000000578306_tif.png,/home/panuwat/Pictures/Test-Cases/with_mask/splicing/annotations/test/tp_splice1_10059_000000578306_tif.png,640,427,50.0,0,0,1679,271601,49.692806,49.84593,99.385612,99.691859,0.0,0.0,99.385612,0.0,,,
v1.0.3,splicing,splicing/tp_splice1_10102_000000389655_tif,/home/panuwat/Pictures/Test-Cases/with_mask/splicing/images/test/tp_splice1_10102_000000389655_tif.png,/home/panuwat/Pictures/Test-Cases/with_mask/splicing/annotations/test/tp_splice1_10102_000000389655_tif.png,640,428,50.0,0,0,5464,268456,49.002629,49.49629,98.005257,98.992581,0.0,0.0,98.005257,0.0,,,
v1.0.3,splicing,splicing/tp_splice1_10147_000000365623_tif,/home/panuwat/Pictures/Test-Cases/with_mask/splicing/images/test/tp_splice1_10147_000000365623_tif.png,/home/panuwat/Pictures/Test-Cases/with_mask/splicing/annotations/test/tp_splice1_10147_000000365623_tif.png,640,480,50.0,0,0,9025,298175,48.531087,49.254594,97.062174,98.509189,0.0,0.0,97.062174,0.0,,,
v1.0.3,splicing,splicing/tp_splice1_10176_000000008547_tif,/home/panuwat/Pictures/Test-Cases/with_mask/splicing/images/test/tp_splice1_10176_000000008547_tif.png,/home/panuwat/Pictures/Test-Cases/with_mask/splicing/annotations/test/tp_splice1_10176_000000008547_tif.png,640,419,50.0,0,0,2652,265508,49.505519,49.751531,99.011038,99.503062,0.0,0.0,99.011038,0.0,,,
v1.0.3,splicing,splicing/tp_splice1_10267_000000553552_tif,/home/panuwat/Pictures/Test-Cases/with_mask/splicing/images/test/tp_splice1_10267_000000553552_tif.png,/home/panuwat/Pictures/Test-Cases/with_mask/splicing/annotations/test/tp_splice1_10267_000000553552_tif.png,640,430,50.0,0,0,1598,273602,49.709666,49.85441,99.419331,99.70882,0.0,0.0,99.419331,0.0,,,
v1.0.3,splicing,splicing/tp_splice1_1028_000000424348_tif,/home/panuwat/Pictures/Test-Cases/with_mask/splicing/images/test/tp_splice1_1028_000000424348_tif.png,/home/panuwat/Pictures/Test-Cases/with_mask/splicing/annotations/test/tp_splice1_1028_000000424348_tif.png,640,512,50.0,0,0,3839,323841,49.414215,49.705382,98.82843,99.410763,0.0,0.0,98.82843,0.0,,,
v1.0.3,splicing,splicing/tp_splice1_10311_000000553908_tif,/home/panuwat/Pictures/Test-Cases/with_mask/splicing/images/test/tp_splice1_10311_000000553908_tif.png,/home/panuwat/Pictures/Test-Cases/with_mask/splicing/annotations/test/tp_splice1_10311_000000553908_tif.png,497,640,50.0,0,0,670,317410,49.894681,49.947285,99.789361,99.89457,0.0,0.0,99.789361,0.0,,,
v1.0.3,splicing,splicing/tp_splice1_10314_000000269103_tif,/home/panuwat/Pictures/Test-Cases/with_mask/splicing/images/test/tp_splice1_10314_000000269103_tif.png,/home/panuwat/Pictures/Test-Cases/with_mask/splicing/annotations/test/tp_splice1_10314_000000269103_tif.png,640,480,50.0,0,13,994,306193,49.8361,49.917916,99.672201,99.835831,0.0,0.0,99.672201,0.004246,,,
v1.0.3,splicing,splicing/tp_splice1_1032_000000410356_tif,/home/panuwat/Pictures/Test-Cases/with_mask/splicing/images/test/tp_splice1_1032_000000410356_tif.png,/home/panuwat/Pictures/Test-Cases/with_mask/splicing/annotations/test/tp_splice1_1032_000000410356_tif.png,640,360,50.0,0,0,4498,225902,49.023872,49.507125,98.047743,99.014249,0.0,0.0,98.047743,0.0,,,
v1.0.3,splicing,splicing/tp_splice1_10380_000000465395_tif,/home/panuwat/Pictures/Test-Cases/with_mask/splicing/images/test/tp_splice1_10380_000000465395_tif.png,/home/panuwat/Pictures/Test-Cases/with_mask/splicing/annotations/test/tp_splice1_10380_000000465395_tif.png,640,429,50.0,0,0,710,273850,49.870702,49.935267,99.741404,99.870535,0.0,0.0,99.741404,0.0,,,
v1.0.3,splicing,splicing/tp_splice1_10386_000000480983_tif,/home/panuwat/Pictures/Test-Cases/with_mask/splicing/images/test/tp_splice1_10386_000000480983_tif.png,/home/panuwat/Pictures/Test-Cases/with_mask/splicing/annotations/test/tp_splice1_10386_000000480983_tif.png,640,426,50.0,0,0,4253,268387,49.220034,49.606951,98.440067,99.213902,0.0,0.0,98.440067,0.0,,,
v1.0.3,splicing,splicing/tp_splice1_10397_000000032562_tif,/home/panuwat/Pictures/Test-Cases/with_mask/splicing/images/test/tp_splice1_10397_000000032562_tif.png,/home/panuwat/Pictures/Test-Cases/with_mask/splicing/annotations/test/tp_splice1_10397_000000032562_tif.png,640,427,50.0,2250,0,3937,267093,67.456984,76.302438,98.547393,99.268383,36.366575,53.336494,98.559353,0.0,,,
v1.0.3,splicing,splicing/tp_splice1_10450_000000031497_tif,/home/panuwat/Pictures/Test-Cases/with_mask/splicing/images/test/tp_splice1_10450_000000031497_tif.png,/home/panuwat/Pictures/Test-Cases/with_mask/splicing/annotations/test/tp_splice1_10450_000000031497_tif.png,640,412,50.0,0,0,2815,260865,49.466209,49.731672,98.932418,99.463344,0.0,0.0,98.932418,0.0,,,
v1.0.4,authentic,authentic/au_usb_000000000036_jpg,/home/panuwat/Pictures/Test-Cases/with_mask/authentic/images/test/au_usb_000000000036_jpg.png,/home/panuwat/Pictures/Test-Cases/with_mask/authentic/annotations/test/au_usb_000000000036_jpg.png,481,640,50.0,0,0,0,307840,100.0,100.0,100.0,100.0,,,100.0,0.0,,,
v1.0.4,authentic,authentic/au_usb_000000000092_jpg,/home/panuwat/Pictures/Test-Cases/with_mask/authentic/images/test/au_usb_000000000092_jpg.png,/home/panuwat/Pictures/Test-Cases/with_mask/authentic/annotations/test/au_usb_000000000092_jpg.png,640,427,50.0,0,0,0,273280,100.0,100.0,100.0,100.0,,,100.0,0.0,,,
v1.0.4,authentic,authentic/au_usb_000000000247_jpg,/home/panuwat/Pictures/Test-Cases/with_mask/authentic/images/test/au_usb_000000000247_jpg.png,/home/panuwat/Pictures/Test-Cases/with_mask/authentic/annotations/test/au_usb_000000000247_jpg.png,640,424,50.0,0,0,0,271360,100.0,100.0,100.0,100.0,,,100.0,0.0,,,
v1.0.4,authentic,authentic/au_usb_000000000263_jpg,/home/panuwat/Pictures/Test-Cases/with_mask/authentic/images/test/au_usb_000000000263_jpg.png,/home/panuwat/Pictures/Test-Cases/with_mask/authentic/annotations/test/au_usb_000000000263_jpg.png,591,640,50.0,0,0,0,378240,100.0,100.0,100.0,100.0,,,100.0,0.0,,,
v1.0.4,authentic,authentic/au_usb_000000000322_jpg,/home/panuwat/Pictures/Test-Cases/with_mask/authentic/images/test/au_usb_000000000322_jpg.png,/home/panuwat/Pictures/Test-Cases/with_mask/authentic/annotations/test/au_usb_000000000322_jpg.png,640,481,50.0,0,0,0,307840,100.0,100.0,100.0,100.0,,,100.0,0.0,,,
v1.0.4,authentic,authentic/au_usb_000000000359_jpg,/home/panuwat/Pictures/Test-Cases/with_mask/authentic/images/test/au_usb_000000000359_jpg.png,/home/panuwat/Pictures/Test-Cases/with_mask/authentic/annotations/test/au_usb_000000000359_jpg.png,500,332,50.0,0,0,0,166000,100.0,100.0,100.0,100.0,,,100.0,0.0,,,
v1.0.4,authentic,authentic/au_usb_000000000360_jpg,/home/panuwat/Pictures/Test-Cases/with_mask/authentic/images/test/au_usb_000000000360_jpg.png,/home/panuwat/Pictures/Test-Cases/with_mask/authentic/annotations/test/au_usb_000000000360_jpg.png,500,375,50.0,0,0,0,187500,100.0,100.0,100.0,100.0,,,100.0,0.0,,,
v1.0.4,authentic,authentic/au_usb_000000000488_jpg,/home/panuwat/Pictures/Test-Cases/with_mask/authentic/images/test/au_usb_000000000488_jpg.png,/home/panuwat/Pictures/Test-Cases/with_mask/authentic/annotations/test/au_usb_000000000488_jpg.png,640,406,50.0,0,0,0,259840,100.0,100.0,100.0,100.0,,,100.0,0.0,,,
v1.0.4,authentic,authentic/au_usb_000000000529_jpg,/home/panuwat/Pictures/Test-Cases/with_mask/authentic/images/test/au_usb_000000000529_jpg.png,/home/panuwat/Pictures/Test-Cases/with_mask/authentic/annotations/test/au_usb_000000000529_jpg.png,427,640,50.0,0,0,0,273280,100.0,100.0,100.0,100.0,,,100.0,0.0,,,
v1.0.4,authentic,authentic/au_usb_000000000532_jpg,/home/panuwat/Pictures/Test-Cases/with_mask/authentic/images/test/au_usb_000000000532_jpg.png,/home/panuwat/Pictures/Test-Cases/with_mask/authentic/annotations/test/au_usb_000000000532_jpg.png,640,480,50.0,0,179,0,307021,49.970866,49.985429,99.941732,99.970857,0.0,0.0,99.941732,0.058268,,,
v1.0.4,authentic,authentic/au_usb_000000000612_jpg,/home/panuwat/Pictures/Test-Cases/with_mask/authentic/images/test/au_usb_000000000612_jpg.png,/home/panuwat/Pictures/Test-Cases/with_mask/authentic/annotations/test/au_usb_000000000612_jpg.png,640,480,50.0,0,0,0,307200,100.0,100.0,100.0,100.0,,,100.0,0.0,,,
v1.0.4,authentic,authentic/au_usb_000000000650_jpg,/home/panuwat/Pictures/Test-Cases/with_mask/authentic/images/test/au_usb_000000000650_jpg.png,/home/panuwat/Pictures/Test-Cases/with_mask/authentic/annotations/test/au_usb_000000000650_jpg.png,640,427,50.0,0,0,0,273280,100.0,100.0,100.0,100.0,,,100.0,0.0,,,
v1.0.4,authentic,authentic/au_usb_000000000656_jpg,/home/panuwat/Pictures/Test-Cases/with_mask/authentic/images/test/au_usb_000000000656_jpg.png,/home/panuwat/Pictures/Test-Cases/with_mask/authentic/annotations/test/au_usb_000000000656_jpg.png,640,472,50.0,0,0,0,302080,100.0,100.0,100.0,100.0,,,100.0,0.0,,,
v1.0.4,authentic,authentic/au_usb_000000000693_jpg,/home/panuwat/Pictures/Test-Cases/with_mask/authentic/images/test/au_usb_000000000693_jpg.png,/home/panuwat/Pictures/Test-Cases/with_mask/authentic/annotations/test/au_usb_000000000693_jpg.png,640,428,50.0,0,0,0,273920,100.0,100.0,100.0,100.0,,,100.0,0.0,,,
v1.0.4,authentic,authentic/au_usb_000000000801_jpg,/home/panuwat/Pictures/Test-Cases/with_mask/authentic/images/test/au_usb_000000000801_jpg.png,/home/panuwat/Pictures/Test-Cases/with_mask/authentic/annotations/test/au_usb_000000000801_jpg.png,640,360,50.0,0,0,0,230400,100.0,100.0,100.0,100.0,,,100.0,0.0,,,
v1.0.4,casia,casia/tp_casia_Tp_D_CNN_M_N_txt00054_txt00050_10375_tif,/home/panuwat/Pictures/Test-Cases/with_mask/casia/images/test/tp_casia_Tp_D_CNN_M_N_txt00054_txt00050_10375_tif.png,/home/panuwat/Pictures/Test-Cases/with_mask/casia/annotations/test/tp_casia_Tp_D_CNN_M_N_txt00054_txt00050_10375_tif.png,384,256,50.0,0,0,53374,44930,22.85258,31.368251,45.70516,62.736501,0.0,0.0,45.70516,0.0,,,
v1.0.4,casia,casia/tp_casia_Tp_D_CNN_S_B_txt00055_txt00047_11328_jpg,/home/panuwat/Pictures/Test-Cases/with_mask/casia/images/test/tp_casia_Tp_D_CNN_S_B_txt00055_txt00047_11328_jpg.png,/home/panuwat/Pictures/Test-Cases/with_mask/casia/annotations/test/tp_casia_Tp_D_CNN_S_B_txt00055_txt00047_11328_jpg.png,384,256,50.0,0,16,12203,86085,43.785095,46.686624,87.57019,93.373249,0.0,0.0,87.57019,0.018583,,,
v1.0.4,casia,casia/tp_casia_Tp_D_CNN_S_N_art00001_ani00074_10442_tif,/home/panuwat/Pictures/Test-Cases/with_mask/casia/images/test/tp_casia_Tp_D_CNN_S_N_art00001_ani00074_10442_tif.png,/home/panuwat/Pictures/Test-Cases/with_mask/casia/annotations/test/tp_casia_Tp_D_CNN_S_N_art00001_ani00074_10442_tif.png,384,256,50.0,0,0,55328,42976,21.858724,30.419026,43.717448,60.838052,0.0,0.0,43.717448,0.0,,,
v1.0.4,casia,casia/tp_casia_Tp_D_CNN_S_N_art00011_art00014_11841_jpg,/home/panuwat/Pictures/Test-Cases/with_mask/casia/images/test/tp_casia_Tp_D_CNN_S_N_art00011_art00014_11841_jpg.png,/home/panuwat/Pictures/Test-Cases/with_mask/casia/annotations/test/tp_casia_Tp_D_CNN_S_N_art00011_art00014_11841_jpg.png,384,256,50.0,0,0,22825,75479,38.390605,43.432902,76.781209,86.865804,0.0,0.0,76.781209,0.0,,,
v1.0.4,casia,casia/tp_casia_Tp_D_CNN_S_N_cha00044_cha00043_00364_tif,/home/panuwat/Pictures/Test-Cases/with_mask/casia/images/test/tp_casia_Tp_D_CNN_S_N_cha00044_cha00043_00364_tif.png,/home/panuwat/Pictures/Test-Cases/with_mask/casia/annotations/test/tp_casia_Tp_D_CNN_S_N_cha00044_cha00043_00364_tif.png,384,256,50.0,0,0,23134,75170,38.233439,43.332142,76.466878,86.664284,0.0,0.0,76.466878,0.0,,,
v1.0.4,casia,casia/tp_casia_Tp_D_CNN_S_N_cha10122_nat10124_12167_jpg,/home/panuwat/Pictures/Test-Cases/with_mask/casia/images/test/tp_casia_Tp_D_CNN_S_N_cha10122_nat10124_12167_jpg.png,/home/panuwat/Pictures/Test-Cases/with_mask/casia/annotations/test/tp_casia_Tp_D_CNN_S_N_cha10122_nat10124_12167_jpg.png,518,800,50.0,80,67,193034,221219,26.717341,34.849487,53.393271,69.616184,0.041412,0.08279,53.402268,0.030278,,,
v1.0.4,casia,casia/tp_casia_Tp_D_CNN_S_N_cha10122_nat10139_12166_jpg,/home/panuwat/Pictures/Test-Cases/with_mask/casia/images/test/tp_casia_Tp_D_CNN_S_N_cha10122_nat10139_12166_jpg.png,/home/panuwat/Pictures/Test-Cases/with_mask/casia/annotations/test/tp_casia_Tp_D_CNN_S_N_cha10122_nat10139_12166_jpg.png,518,800,50.0,158,141,208068,206033,24.90659,33.292166,49.737352,66.432792,0.075828,0.151541,49.756515,0.068389,,,
v1.0.4,casia,casia/tp_casia_Tp_D_CNN_S_N_txt00051_txt00051_10376_tif,/home/panuwat/Pictures/Test-Cases/with_mask/casia/images/test/tp_casia_Tp_D_CNN_S_N_txt00051_txt00051_10376_tif.png,/home/panuwat/Pictures/Test-Cases/with_mask/casia/annotations/test/tp_casia_Tp_D_CNN_S_N_txt00051_txt00051_10376_tif.png,384,256,50.0,0,0,44680,53624,27.274577,35.295666,54.549154,70.591333,0.0,0.0,54.549154,0.0,,,
v1.0.4,casia,casia/tp_casia_Tp_D_CRD_M_N_nat00048_nat00049_11067_jpg,/home/panuwat/Pictures/Test-Cases/with_mask/casia/images/test/tp_casia_Tp_D_CRD_M_N_nat00048_nat00049_11067_jpg.png,/home/panuwat/Pictures/Test-Cases/with_mask/casia/annotations/test/tp_casia_Tp_D_CRD_M_N_nat00048_nat00049_11067_jpg.png,384,256,50.0,0,0,44711,53593,27.258809,35.282461,54.517619,70.564922,0.0,0.0,54.517619,0.0,,,
v1.0.4,casia,casia/tp_casia_Tp_D_CRD_S_N_ind00029_ind00088_00444_tif,/home/panuwat/Pictures/Test-Cases/with_mask/casia/images/test/tp_casia_Tp_D_CRD_S_N_ind00029_ind00088_00444_tif.png,/home/panuwat/Pictures/Test-Cases/with_mask/casia/annotations/test/tp_casia_Tp_D_CRD_S_N_ind00029_ind00088_00444_tif.png,384,256,50.0,0,0,3825,94479,48.054504,49.007952,96.109009,98.015904,0.0,0.0,96.109009,0.0,,,
v1.0.4,casia,casia/tp_casia_Tp_D_CRN_M_N_ani10112_ani00100_11648_jpg,/home/panuwat/Pictures/Test-Cases/with_mask/casia/images/test/tp_casia_Tp_D_CRN_M_N_ani10112_ani00100_11648_jpg.png,/home/panuwat/Pictures/Test-Cases/with_mask/casia/annotations/test/tp_casia_Tp_D_CRN_M_N_ani10112_ani00100_11648_jpg.png,384,256,50.0,0,0,62131,36173,18.398539,26.899024,36.797078,53.798047,0.0,0.0,36.797078,0.0,,,
v1.0.4,casia,casia/tp_casia_Tp_D_CRN_M_N_ani10117_ani00100_11642_jpg,/home/panuwat/Pictures/Test-Cases/with_mask/casia/images/test/tp_casia_Tp_D_CRN_M_N_ani10117_ani00100_11642_jpg.png,/home/panuwat/Pictures/Test-Cases/with_mask/casia/annotations/test/tp_casia_Tp_D_CRN_M_N_ani10117_ani00100_11642_jpg.png,384,256,50.0,0,0,41856,56448,28.710938,36.476427,57.421875,72.952854,0.0,0.0,57.421875,0.0,,,
v1.0.4,casia,casia/tp_casia_Tp_D_CRN_M_N_arc00008_nat10122_11773_jpg,/home/panuwat/Pictures/Test-Cases/with_mask/casia/images/test/tp_casia_Tp_D_CRN_M_N_arc00008_nat10122_11773_jpg.png,/home/panuwat/Pictures/Test-Cases/with_mask/casia/annotations/test/tp_casia_Tp_D_CRN_M_N_arc00008_nat10122_11773_jpg.png,384,256,50.0,0,0,42924,55380,28.167725,36.034981,56.335449,72.069962,0.0,0.0,56.335449,0.0,,,
v1.0.4,casia,casia/tp_casia_Tp_D_CRN_M_N_cha10108_cha00027_11666_jpg,/home/panuwat/Pictures/Test-Cases/with_mask/casia/images/test/tp_casia_Tp_D_CRN_M_N_cha10108_cha00027_11666_jpg.png,/home/panuwat/Pictures/Test-Cases/with_mask/casia/annotations/test/tp_casia_Tp_D_CRN_M_N_cha10108_cha00027_11666_jpg.png,384,256,50.0,0,0,39698,58606,29.808553,37.350073,59.617106,74.700147,0.0,0.0,59.617106,0.0,,,
v1.0.4,casia,casia/tp_casia_Tp_D_CRN_M_N_cha10108_cha00040_11665_jpg,/home/panuwat/Pictures/Test-Cases/with_mask/casia/images/test/tp_casia_Tp_D_CRN_M_N_cha10108_cha00040_11665_jpg.png,/home/panuwat/Pictures/Test-Cases/with_mask/casia/annotations/test/tp_casia_Tp_D_CRN_M_N_cha10108_cha00040_11665_jpg.png,384,256,50.0,0,0,38202,60102,30.569458,37.941745,61.138916,75.883489,0.0,0.0,61.138916,0.0,,,
v1.0.4,copymove,copymove/tp_copymove_0_000000001596_tif,/home/panuwat/Pictures/Test-Cases/with_mask/copymove/images/test/tp_copymove_0_000000001596_tif.png,/home/panuwat/Pictures/Test-Cases/with_mask/copymove/annotations/test/tp_copymove_0_000000001596_tif.png,500,419,50.0,0,0,1006,208494,49.759905,49.879663,99.519809,99.759327,0.0,0.0,99.519809,0.0,,,
v1.0.4,copymove,copymove/tp_copymove_0_000000001697_tif,/home/panuwat/Pictures/Test-Cases/with_mask/copymove/images/test/tp_copymove_0_000000001697_tif.png,/home/panuwat/Pictures/Test-Cases/with_mask/copymove/annotations/test/tp_copymove_0_000000001697_tif.png,500,375,50.0,0,0,2849,184651,49.240267,49.617225,98.480533,99.234451,0.0,0.0,98.480533,0.0,,,
v1.0.4,copymove,copymove/tp_copymove_0_000000003693_tif,/home/panuwat/Pictures/Test-Cases/with_mask/copymove/images/test/tp_copymove_0_000000003693_tif.png,/home/panuwat/Pictures/Test-Cases/with_mask/copymove/annotations/test/tp_copymove_0_000000003693_tif.png,640,428,50.0,0,0,527,273393,49.903804,49.951856,99.807608,99.903711,0.0,0.0,99.807608,0.0,,,
v1.0.4,copymove,copymove/tp_copymove_0_000000004051_tif,/home/panuwat/Pictures/Test-Cases/with_mask/copymove/images/test/tp_copymove_0_000000004051_tif.png,/home/panuwat/Pictures/Test-Cases/with_mask/copymove/annotations/test/tp_copymove_0_000000004051_tif.png,480,640,50.0,0,0,777,306423,49.873535,49.936688,99.74707,99.873375,0.0,0.0,99.74707,0.0,,,
v1.0.4,copymove,copymove/tp_copymove_0_000000006363_tif,/home/panuwat/Pictures/Test-Cases/with_mask/copymove/images/test/tp_copymove_0_000000006363_tif.png,/home/panuwat/Pictures/Test-Cases/with_mask/copymove/annotations/test/tp_copymove_0_000000006363_tif.png,640,480,50.0,0,0,10088,297112,48.358073,49.165332,96.716146,98.330664,0.0,0.0,96.716146,0.0,,,
v1.0.4,copymove,copymove/tp_copymove_0_000000006432_tif,/home/panuwat/Pictures/Test-Cases/with_mask/copymove/images/test/tp_copymove_0_000000006432_tif.png,/home/panuwat/Pictures/Test-Cases/with_mask/copymove/annotations/test/tp_copymove_0_000000006432_tif.png,491,640,50.0,0,0,9344,304896,48.513238,49.2454,97.026477,98.4908,0.0,0.0,97.026477,0.0,,,
v1.0.4,copymove,copymove/tp_copymove_0_000000008119_tif,/home/panuwat/Pictures/Test-Cases/with_mask/copymove/images/test/tp_copymove_0_000000008119_tif.png,/home/panuwat/Pictures/Test-Cases/with_mask/copymove/annotations/test/tp_copymove_0_000000008119_tif.png,640,480,50.0,0,0,328,306872,49.946615,49.973293,99.893229,99.946586,0.0,0.0,99.893229,0.0,,,
v1.0.4,copymove,copymove/tp_copymove_0_000000009170_tif,/home/panuwat/Pictures/Test-Cases/with_mask/copymove/images/test/tp_copymove_0_000000009170_tif.png,/home/panuwat/Pictures/Test-Cases/with_mask/copymove/annotations/test/tp_copymove_0_000000009170_tif.png,640,383,50.0,0,0,21756,223364,45.562174,47.678042,91.124347,95.356085,0.0,0.0,91.124347,0.0,,,
v1.0.4,copymove,copymove/tp_copymove_0_000000009960_tif,/home/panuwat/Pictures/Test-Cases/with_mask/copymove/images/test/tp_copymove_0_000000009960_tif.png,/home/panuwat/Pictures/Test-Cases/with_mask/copymove/annotations/test/tp_copymove_0_000000009960_tif.png,640,427,50.0,0,0,394,272886,49.927913,49.96393,99.855826,99.927861,0.0,0.0,99.855826,0.0,,,
v1.0.4,copymove,copymove/tp_copymove_0_000000011075_tif,/home/panuwat/Pictures/Test-Cases/with_mask/copymove/images/test/tp_copymove_0_000000011075_tif.png,/home/panuwat/Pictures/Test-Cases/with_mask/copymove/annotations/test/tp_copymove_0_000000011075_tif.png,640,480,50.0,0,0,31694,275506,44.841471,47.280447,89.682943,94.560893,0.0,0.0,89.682943,0.0,,,
v1.0.4,copymove,copymove/tp_copymove_0_000000011701_tif,/home/panuwat/Pictures/Test-Cases/with_mask/copymove/images/test/tp_copymove_0_000000011701_tif.png,/home/panuwat/Pictures/Test-Cases/with_mask/copymove/annotations/test/tp_copymove_0_000000011701_tif.png,612,612,50.0,0,0,44914,329630,44.004176,46.810873,88.008351,93.621747,0.0,0.0,88.008351,0.0,,,
v1.0.4,copymove,copymove/tp_copymove_0_000000012711_tif,/home/panuwat/Pictures/Test-Cases/with_mask/copymove/images/test/tp_copymove_0_000000012711_tif.png,/home/panuwat/Pictures/Test-Cases/with_mask/copymove/annotations/test/tp_copymove_0_000000012711_tif.png,640,480,50.0,0,0,2501,304699,49.592936,49.795636,99.185872,99.591272,0.0,0.0,99.185872,0.0,,,
v1.0.4,copymove,copymove/tp_copymove_0_000000012881_tif,/home/panuwat/Pictures/Test-Cases/with_mask/copymove/images/test/tp_copymove_0_000000012881_tif.png,/home/panuwat/Pictures/Test-Cases/with_mask/copymove/annotations/test/tp_copymove_0_000000012881_tif.png,640,428,50.0,0,0,7419,266501,48.645772,49.313591,97.291545,98.627181,0.0,0.0,97.291545,0.0,,,
v1.0.4,copymove,copymove/tp_copymove_0_000000012953_tif,/home/panuwat/Pictures/Test-Cases/with_mask/copymove/images/test/tp_copymove_0_000000012953_tif.png,/home/panuwat/Pictures/Test-Cases/with_mask/copymove/annotations/test/tp_copymove_0_000000012953_tif.png,640,433,50.0,0,0,12906,264214,47.671406,48.807945,95.342812,97.61589,0.0,0.0,95.342812,0.0,,,
v1.0.4,copymove,copymove/tp_copymove_0_000000013202_tif,/home/panuwat/Pictures/Test-Cases/with_mask/copymove/images/test/tp_copymove_0_000000013202_tif.png,/home/panuwat/Pictures/Test-Cases/with_mask/copymove/annotations/test/tp_copymove_0_000000013202_tif.png,427,640,50.0,0,0,9363,263917,48.286922,49.128532,96.573844,98.257064,0.0,0.0,96.573844,0.0,,,
v1.0.4,face,face/tp_face_morphing_0.jpg_IN_100.jpg_tif,/home/panuwat/Pictures/Test-Cases/with_mask/face/images/test/tp_face_morphing_0.jpg_IN_100.jpg_tif.png,/home/panuwat/Pictures/Test-Cases/with_mask/face/annotations/test/tp_face_morphing_0.jpg_IN_100.jpg_tif.png,500,652,50.0,65140,17039,0,243821,86.367068,92.528875,93.468144,96.623808,79.265993,88.433943,94.773313,6.531856,,,
v1.0.4,face,face/tp_face_morphing_0.jpg_IN_110.jpg_tif,/home/panuwat/Pictures/Test-Cases/with_mask/face/images/test/tp_face_morphing_0.jpg_IN_110.jpg_tif.png,/home/panuwat/Pictures/Test-Cases/with_mask/face/annotations/test/tp_face_morphing_0.jpg_IN_110.jpg_tif.png,500,652,50.0,66760,14016,0,245224,88.620869,93.860776,94.593427,97.221606,82.648311,90.499946,95.700613,5.406573,,,
v1.0.4,face,face/tp_face_morphing_0.jpg_IN_112.jpg_tif,/home/panuwat/Pictures/Test-Cases/with_mask/face/images/test/tp_face_morphing_0.jpg_IN_112.jpg_tif.png,/home/panuwat/Pictures/Test-Cases/with_mask/face/annotations/test/tp_face_morphing_0.jpg_IN_112.jpg_tif.png,500,652,50.0,69490,12999,0,243511,89.586948,94.423577,94.932361,97.400309,84.241535,91.446845,96.012577,5.067639,,,
v1.0.4,face,face/tp_face_morphing_0.jpg_IN_127.jpg_tif,/home/panuwat/Pictures/Test-Cases/with_mask/face/images/test/tp_face_morphing_0.jpg_IN_127.jpg_tif.png,/home/panuwat/Pictures/Test-Cases/with_mask/face/annotations/test/tp_face_morphing_0.jpg_IN_127.jpg_tif.png,500,652,50.0,62675,19309,93,243923,84.49657,91.385716,92.631919,96.175047,76.361222,86.596386,94.048466,7.335354,,,
v1.0.4,face,face/tp_face_morphing_0.jpg_IN_131.jpg_tif,/home/panuwat/Pictures/Test-Cases/with_mask/face/images/test/tp_face_morphing_0.jpg_IN_131.jpg_tif.png,/home/panuwat/Pictures/Test-Cases/with_mask/face/annotations/test/tp_face_morphing_0.jpg_IN_131.jpg_tif.png,500,652,50.0,89376,5470,55,231099,95.921608,97.910271,97.665072,98.818745,94.178144,97.001796,98.305215,2.312222,,,
v1.0.4,face,face/tp_face_morphing_0.jpg_IN_132.jpg_tif,/home/panuwat/Pictures/Test-Cases/with_mask/face/images/test/tp_face_morphing_0.jpg_IN_132.jpg_tif.png,/home/panuwat/Pictures/Test-Cases/with_mask/face/annotations/test/tp_face_morphing_0.jpg_IN_132.jpg_tif.png,500,652,50.0,85451,9540,1522,229487,91.969842,95.783669,95.401353,97.646563,88.538332,93.920776,96.606748,3.991181,,,
v1.0.4,face,face/tp_face_morphing_0.jpg_IN_170.jpg_tif,/home/panuwat/Pictures/Test-Cases/with_mask/face/images/test/tp_face_morphing_0.jpg_IN_170.jpg_tif.png,/home/panuwat/Pictures/Test-Cases/with_mask/face/annotations/test/tp_face_morphing_0.jpg_IN_170.jpg_tif.png,500,652,50.0,70916,16427,23,238634,87.361154,93.137648,93.551144,96.668138,81.171165,89.607157,94.953988,6.44042,,,
v1.0.4,face,face/tp_face_morphing_0.jpg_IN_171.jpg_tif,/home/panuwat/Pictures/Test-Cases/with_mask/face/images/test/tp_face_morphing_0.jpg_IN_171.jpg_tif.png,/home/panuwat/Pictures/Test-Cases/with_mask/face/annotations/test/tp_face_morphing_0.jpg_IN_171.jpg_tif.png,500,652,50.0,61384,20623,0,243993,83.529295,90.781431,92.206443,95.945215,74.852147,85.617647,93.673926,7.793557,,,
v1.0.4,face,face/tp_face_morphing_0.jpg_IN_177.jpg_tif,/home/panuwat/Pictures/Test-Cases/with_mask/face/images/test/tp_face_morphing_0.jpg_IN_177.jpg_tif.png,/home/panuwat/Pictures/Test-Cases/with_mask/face/annotations/test/tp_face_morphing_0.jpg_IN_177.jpg_tif.png,500,652,50.0,73398,11363,56,241183,91.008173,95.235031,95.47945,97.687455,86.536897,92.782606,96.497239,4.499378,,,
v1.0.4,face,face/tp_face_morphing_0.jpg_IN_190.jpg_tif,/home/panuwat/Pictures/Test-Cases/with_mask/face/images/test/tp_face_morphing_0.jpg_IN_190.jpg_tif.png,/home/panuwat/Pictures/Test-Cases/with_mask/face/annotations/test/tp_face_morphing_0.jpg_IN_190.jpg_tif.png,500,652,50.0,66321,16630,352,242697,86.537284,92.63494,93.460388,96.619663,79.61418,88.650217,94.790798,6.412753,,,
v1.0.4,face,face/tp_face_morphing_0.jpg_IN_192.jpg_tif,/home/panuwat/Pictures/Test-Cases/with_mask/face/images/test/tp_face_morphing_0.jpg_IN_192.jpg_tif.png,/home/panuwat/Pictures/Test-Cases/with_mask/face/annotations/test/tp_face_morphing_0.jpg_IN_192.jpg_tif.png,500,652,50.0,67076,15139,1207,242578,87.0463,92.939659,93.686951,96.740591,80.405648,89.138726,94.98589,5.874273,,,
v1.0.4,face,face/tp_face_morphing_0.jpg_IN_199.jpg_tif,/home/panuwat/Pictures/Test-Cases/with_mask/face/images/test/tp_face_morphing_0.jpg_IN_199.jpg_tif.png,/home/panuwat/Pictures/Test-Cases/with_mask/face/annotations/test/tp_face_morphing_0.jpg_IN_199.jpg_tif.png,500,652,50.0,69989,16113,0,239898,87.496139,93.213995,93.70613,96.750815,81.286149,89.677175,95.057362,6.29387,,,
v1.0.4,face,face/tp_face_morphing_0.jpg_IN_31.jpg_tif,/home/panuwat/Pictures/Test-Cases/with_mask/face/images/test/tp_face_morphing_0.jpg_IN_31.jpg_tif.png,/home/panuwat/Pictures/Test-Cases/with_mask/face/annotations/test/tp_face_morphing_0.jpg_IN_31.jpg_tif.png,500,652,50.0,66786,13901,0,245313,88.704474,93.909307,94.63725,97.244746,82.771698,90.573868,95.73589,5.36275,,,
v1.0.4,face,face/tp_face_morphing_0.jpg_IN_37.jpg_tif,/home/panuwat/Pictures/Test-Cases/with_mask/face/images/test/tp_face_morphing_0.jpg_IN_37.jpg_tif.png,/home/panuwat/Pictures/Test-Cases/with_mask/face/annotations/test/tp_face_morphing_0.jpg_IN_37.jpg_tif.png,500,652,50.0,72340,12097,2,241561,90.450771,94.919808,95.230229,97.556848,85.671313,92.282767,96.28865,4.76902,,,
v1.0.4,face,face/tp_face_morphing_0.jpg_IN_49.jpg_tif,/home/panuwat/Pictures/Test-Cases/with_mask/face/images/test/tp_face_morphing_0.jpg_IN_49.jpg_tif.png,/home/panuwat/Pictures/Test-Cases/with_mask/face/annotations/test/tp_face_morphing_0.jpg_IN_49.jpg_tif.png,500,652,50.0,67874,17013,0,241113,86.683547,92.727604,93.409033,96.592213,79.958062,88.862995,94.781288,6.590967,,,
v1.0.4,imd2020,imd2020/tp_imd2020_00064_fake_jpg,/home/panuwat/Pictures/Test-Cases/with_mask/imd2020/images/test/tp_imd2020_00064_fake_jpg.png,/home/panuwat/Pictures/Test-Cases/with_mask/imd2020/annotations/test/tp_imd2020_00064_fake_jpg.png,699,451,50.0,0,0,101044,214205,33.973938,40.457717,67.947876,80.915434,0.0,0.0,67.947876,0.0,,,
v1.0.4,imd2020,imd2020/tp_imd2020_00097_fake_jpg,/home/panuwat/Pictures/Test-Cases/with_mask/imd2020/images/test/tp_imd2020_00097_fake_jpg.png,/home/panuwat/Pictures/Test-Cases/with_mask/imd2020/annotations/test/tp_imd2020_00097_fake_jpg.png,383,274,50.0,0,0,2227,102715,48.938938,49.463779,97.877875,98.927558,0.0,0.0,97.877875,0.0,,,
v1.0.4,imd2020,imd2020/tp_imd2020_c8u0rrz_0_jpg,/home/panuwat/Pictures/Test-Cases/with_mask/imd2020/images/test/tp_imd2020_c8u0rrz_0_jpg.png,/home/panuwat/Pictures/Test-Cases/with_mask/imd2020/annotations/test/tp_imd2020_c8u0rrz_0_jpg.png,620,464,50.0,0,0,33023,254657,44.260463,46.955491,88.520926,93.910982,0.0,0.0,88.520926,0.0,,,
v1.0.4,imd2020,imd2020/tp_imd2020_c8u4gpd_0_jpg,/home/panuwat/Pictures/Test-Cases/with_mask/imd2020/images/test/tp_imd2020_c8u4gpd_0_jpg.png,/home/panuwat/Pictures/Test-Cases/with_mask/imd2020/annotations/test/tp_imd2020_c8u4gpd_0_jpg.png,501,409,50.0,0,0,130809,74100,18.081197,26.558283,36.162394,53.116566,0.0,0.0,36.162394,0.0,,,
v1.0.4,imd2020,imd2020/tp_imd2020_c8vgphr_0_jpg,/home/panuwat/Pictures/Test-Cases/with_mask/imd2020/images/test/tp_imd2020_c8vgphr_0_jpg.png,/home/panuwat/Pictures/Test-Cases/with_mask/imd2020/annotations/test/tp_imd2020_c8vgphr_0_jpg.png,375,500,50.0,0,0,9457,178043,47.478133,48.706445,94.956267,97.41289,0.0,0.0,94.956267,0.0,,,
v1.0.4,imd2020,imd2020/tp_imd2020_c8vkf28_0_jpg,/home/panuwat/Pictures/Test-Cases/with_mask/imd2020/images/test/tp_imd2020_c8vkf28_0_jpg.png,/home/panuwat/Pictures/Test-Cases/with_mask/imd2020/annotations/test/tp_imd2020_c8vkf28_0_jpg.png,1200,750,50.0,0,223,26389,873388,48.521556,49.249685,97.043111,98.49937,0.0,0.0,97.043111,0.025526,,,
v1.0.4,imd2020,imd2020/tp_imd2020_c8vpmfd_0_jpg,/home/panuwat/Pictures/Test-Cases/with_mask/imd2020/images/test/tp_imd2020_c8vpmfd_0_jpg.png,/home/panuwat/Pictures/Test-Cases/with_mask/imd2020/annotations/test/tp_imd2020_c8vpmfd_0_jpg.png,1920,1200,50.0,0,0,43449,2260551,49.057096,49.524061,98.114193,99.048121,0.0,0.0,98.114193,0.0,,,
v1.0.4,imd2020,imd2020/tp_imd2020_c8vqeqw_0_jpg,/home/panuwat/Pictures/Test-Cases/with_mask/imd2020/images/test/tp_imd2020_c8vqeqw_0_jpg.png,/home/panuwat/Pictures/Test-Cases/with_mask/imd2020/annotations/test/tp_imd2020_c8vqeqw_0_jpg.png,1920,1200,50.0,0,0,30990,2273010,49.327474,49.66146,98.654948,99.32292,0.0,0.0,98.654948,0.0,,,
v1.0.4,imd2020,imd2020/tp_imd2020_c8w0r2r_0_jpg,/home/panuwat/Pictures/Test-Cases/with_mask/imd2020/images/test/tp_imd2020_c8w0r2r_0_jpg.png,/home/panuwat/Pictures/Test-Cases/with_mask/imd2020/annotations/test/tp_imd2020_c8w0r2r_0_jpg.png,1120,629,50.0,0,144,133298,571038,40.529043,44.769106,81.058085,89.538211,0.0,0.0,81.058085,0.025211,,,
v1.0.4,imd2020,imd2020/tp_imd2020_c8wvegs_0_jpg,/home/panuwat/Pictures/Test-Cases/with_mask/imd2020/images/test/tp_imd2020_c8wvegs_0_jpg.png,/home/panuwat/Pictures/Test-Cases/with_mask/imd2020/annotations/test/tp_imd2020_c8wvegs_0_jpg.png,953,953,50.0,0,54834,3977,849398,46.762254,48.326958,93.524508,96.653916,0.0,0.0,93.524508,6.064152,,,
v1.0.4,imd2020,imd2020/tp_imd2020_c8xhzdr_0_jpg,/home/panuwat/Pictures/Test-Cases/with_mask/imd2020/images/test/tp_imd2020_c8xhzdr_0_jpg.png,/home/panuwat/Pictures/Test-Cases/with_mask/imd2020/annotations/test/tp_imd2020_c8xhzdr_0_jpg.png,650,366,50.0,0,0,4941,232959,48.961538,49.475321,97.923077,98.950641,0.0,0.0,97.923077,0.0,,,
v1.0.4,imd2020,imd2020/tp_imd2020_c8xtrds_0_jpg,/home/panuwat/Pictures/Test-Cases/with_mask/imd2020/images/test/tp_imd2020_c8xtrds_0_jpg.png,/home/panuwat/Pictures/Test-Cases/with_mask/imd2020/annotations/test/tp_imd2020_c8xtrds_0_jpg.png,444,644,50.0,0,0,13439,272497,47.649999,48.796722,95.299997,97.593445,0.0,0.0,95.299997,0.0,,,
v1.0.4,imd2020,imd2020/tp_imd2020_c8yjv4u_0_jpg,/home/panuwat/Pictures/Test-Cases/with_mask/imd2020/images/test/tp_imd2020_c8yjv4u_0_jpg.png,/home/panuwat/Pictures/Test-Cases/with_mask/imd2020/annotations/test/tp_imd2020_c8yjv4u_0_jpg.png,549,732,50.0,0,0,14024,387844,48.255148,49.112081,96.510297,98.224163,0.0,0.0,96.510297,0.0,,,
v1.0.4,imd2020,imd2020/tp_imd2020_c8ynnae_0_jpg,/home/panuwat/Pictures/Test-Cases/with_mask/imd2020/images/test/tp_imd2020_c8ynnae_0_jpg.png,/home/panuwat/Pictures/Test-Cases/with_mask/imd2020/annotations/test/tp_imd2020_c8ynnae_0_jpg.png,453,604,50.0,0,0,5196,268416,49.05048,49.520689,98.10096,99.041378,0.0,0.0,98.10096,0.0,,,
v1.0.4,imd2020,imd2020/tp_imd2020_c8zefoe_0_jpg,/home/panuwat/Pictures/Test-Cases/with_mask/imd2020/images/test/tp_imd2020_c8zefoe_0_jpg.png,/home/panuwat/Pictures/Test-Cases/with_mask/imd2020/annotations/test/tp_imd2020_c8zefoe_0_jpg.png,1200,704,50.0,0,1954,43796,799050,47.292259,48.60845,94.584517,97.216899,0.0,0.0,94.584517,0.243944,,,
v1.0.4,inpainting,inpainting/tp_inpaint_0_000000000943_tif,/home/panuwat/Pictures/Test-Cases/with_mask/inpainting/images/test/tp_inpaint_0_000000000943_tif.png,/home/panuwat/Pictures/Test-Cases/with_mask/inpainting/annotations/test/tp_inpaint_0_000000000943_tif.png,640,360,50.0,225,0,15547,214628,47.336076,49.658886,93.245574,96.504745,1.426579,2.813027,93.25217,0.0,,,
v1.0.4,inpainting,inpainting/tp_inpaint_0_000000001596_tif,/home/panuwat/Pictures/Test-Cases/with_mask/inpainting/images/test/tp_inpaint_0_000000001596_tif.png,/home/panuwat/Pictures/Test-Cases/with_mask/inpainting/annotations/test/tp_inpaint_0_000000001596_tif.png,500,419,50.0,0,0,1124,208376,49.731742,49.86551,99.463484,99.731021,0.0,0.0,99.463484,0.0,,,
v1.0.4,inpainting,inpainting/tp_inpaint_0_000000002614_tif,/home/panuwat/Pictures/Test-Cases/with_mask/inpainting/images/test/tp_inpaint_0_000000002614_tif.png,/home/panuwat/Pictures/Test-Cases/with_mask/inpainting/annotations/test/tp_inpaint_0_000000002614_tif.png,640,427,50.0,0,0,10234,263046,48.127561,49.045916,96.255123,98.091832,0.0,0.0,96.255123,0.0,,,
v1.0.4,inpainting,inpainting/tp_inpaint_0_000000003488_tif,/home/panuwat/Pictures/Test-Cases/with_mask/inpainting/images/test/tp_inpaint_0_000000003488_tif.png,/home/panuwat/Pictures/Test-Cases/with_mask/inpainting/annotations/test/tp_inpaint_0_000000003488_tif.png,500,333,50.0,0,0,1142,165358,49.657057,49.827938,99.314114,99.655877,0.0,0.0,99.314114,0.0,,,
v1.0.4,inpainting,inpainting/tp_inpaint_0_000000005210_tif,/home/panuwat/Pictures/Test-Cases/with_mask/inpainting/images/test/tp_inpaint_0_000000005210_tif.png,/home/panuwat/Pictures/Test-Cases/with_mask/inpainting/annotations/test/tp_inpaint_0_000000005210_tif.png,640,426,50.0,0,0,274,272366,49.949751,49.974863,99.899501,99.949725,0.0,0.0,99.899501,0.0,,,
v1.0.4,inpainting,inpainting/tp_inpaint_0_000000005699_tif,/home/panuwat/Pictures/Test-Cases/with_mask/inpainting/images/test/tp_inpaint_0_000000005699_tif.png,/home/panuwat/Pictures/Test-Cases/with_mask/inpainting/annotations/test/tp_inpaint_0_000000005699_tif.png,600,400,50.0,0,0,480,239520,49.9,49.94995,99.8,99.8999,0.0,0.0,99.8,0.0,,,
v1.0.4,inpainting,inpainting/tp_inpaint_0_000000008119_tif,/home/panuwat/Pictures/Test-Cases/with_mask/inpainting/images/test/tp_inpaint_0_000000008119_tif.png,/home/panuwat/Pictures/Test-Cases/with_mask/inpainting/annotations/test/tp_inpaint_0_000000008119_tif.png,640,480,50.0,0,0,320,306880,49.947917,49.973945,99.895833,99.94789,0.0,0.0,99.895833,0.0,,,
v1.0.4,inpainting,inpainting/tp_inpaint_0_000000009960_tif,/home/panuwat/Pictures/Test-Cases/with_mask/inpainting/images/test/tp_inpaint_0_000000009960_tif.png,/home/panuwat/Pictures/Test-Cases/with_mask/inpainting/annotations/test/tp_inpaint_0_000000009960_tif.png,640,427,50.0,0,0,454,272826,49.916935,49.958433,99.83387,99.916866,0.0,0.0,99.83387,0.0,,,
v1.0.4,inpainting,inpainting/tp_inpaint_0_000000010779_tif,/home/panuwat/Pictures/Test-Cases/with_mask/inpainting/images/test/tp_inpaint_0_000000010779_tif.png,/home/panuwat/Pictures/Test-Cases/with_mask/inpainting/annotations/test/tp_inpaint_0_000000010779_tif.png,532,640,50.0,0,0,19121,321359,47.192052,48.555464,94.384105,97.110929,0.0,0.0,94.384105,0.0,,,
v1.0.4,inpainting,inpainting/tp_inpaint_0_000000011075_tif,/home/panuwat/Pictures/Test-Cases/with_mask/inpainting/images/test/tp_inpaint_0_000000011075_tif.png,/home/panuwat/Pictures/Test-Cases/with_mask/inpainting/annotations/test/tp_inpaint_0_000000011075_tif.png,640,480,50.0,27825,629,62685,216061,53.93378,66.999703,77.337271,87.220549,30.530289,46.778857,79.389974,0.290276,,,
v1.0.4,inpainting,inpainting/tp_inpaint_0_000000011831_tif,/home/panuwat/Pictures/Test-Cases/with_mask/inpainting/images/test/tp_inpaint_0_000000011831_tif.png,/home/panuwat/Pictures/Test-Cases/with_mask/inpainting/annotations/test/tp_inpaint_0_000000011831_tif.png,640,427,50.0,0,0,2658,270622,49.513686,49.755655,99.027371,99.511309,0.0,0.0,99.027371,0.0,,,
v1.0.4,inpainting,inpainting/tp_inpaint_0_000000012927_tif,/home/panuwat/Pictures/Test-Cases/with_mask/inpainting/images/test/tp_inpaint_0_000000012927_tif.png,/home/panuwat/Pictures/Test-Cases/with_mask/inpainting/annotations/test/tp_inpaint_0_000000012927_tif.png,640,425,50.0,0,0,8970,263030,48.351103,49.161729,96.702206,98.323458,0.0,0.0,96.702206,0.0,,,
v1.0.4,inpainting,inpainting/tp_inpaint_0_000000016359_tif,/home/panuwat/Pictures/Test-Cases/with_mask/inpainting/images/test/tp_inpaint_0_000000016359_tif.png,/home/panuwat/Pictures/Test-Cases/with_mask/inpainting/annotations/test/tp_inpaint_0_000000016359_tif.png,640,383,50.0,0,0,6213,238907,48.732662,49.358197,97.465323,98.716394,0.0,0.0,97.465323,0.0,,,
v1.0.4,inpainting,inpainting/tp_inpaint_0_000000017474_tif,/home/panuwat/Pictures/Test-Cases/with_mask/inpainting/images/test/tp_inpaint_0_000000017474_tif.png,/home/panuwat/Pictures/Test-Cases/with_mask/inpainting/annotations/test/tp_inpaint_0_000000017474_tif.png,640,427,50.0,0,0,256,273024,49.953162,49.97657,99.906323,99.95314,0.0,0.0,99.906323,0.0,,,
v1.0.4,inpainting,inpainting/tp_inpaint_0_000000018290_tif,/home/panuwat/Pictures/Test-Cases/with_mask/inpainting/images/test/tp_inpaint_0_000000018290_tif.png,/home/panuwat/Pictures/Test-Cases/with_mask/inpainting/annotations/test/tp_inpaint_0_000000018290_tif.png,640,379,50.0,0,0,434,242126,49.910538,49.955229,99.821075,99.910457,0.0,0.0,99.821075,0.0,,,
v1.0.4,splicing,splicing/tp_splice1_10007_000000130973_tif,/home/panuwat/Pictures/Test-Cases/with_mask/splicing/images/test/tp_splice1_10007_000000130973_tif.png,/home/panuwat/Pictures/Test-Cases/with_mask/splicing/annotations/test/tp_splice1_10007_000000130973_tif.png,640,427,50.0,0,4,4134,269142,49.242901,49.618563,98.485802,99.237125,0.0,0.0,98.485802,0.001486,,,
v1.0.4,splicing,splicing/tp_splice1_10046_000000517430_tif,/home/panuwat/Pictures/Test-Cases/with_mask/splicing/images/test/tp_splice1_10046_000000517430_tif.png,/home/panuwat/Pictures/Test-Cases/with_mask/splicing/annotations/test/tp_splice1_10046_000000517430_tif.png,640,480,50.0,0,0,599,306601,49.902507,49.951206,99.805013,99.902411,0.0,0.0,99.805013,0.0,,,
v1.0.4,splicing,splicing/tp_splice1_10059_000000578306_tif,/home/panuwat/Pictures/Test-Cases/with_mask/splicing/images/test/tp_splice1_10059_000000578306_tif.png,/home/panuwat/Pictures/Test-Cases/with_mask/splicing/annotations/test/tp_splice1_10059_000000578306_tif.png,640,427,50.0,0,1604,1679,269997,49.399334,49.697852,98.798668,99.395704,0.0,0.0,98.798668,0.590572,,,
v1.0.4,splicing,splicing/tp_splice1_10102_000000389655_tif,/home/panuwat/Pictures/Test-Cases/with_mask/splicing/images/test/tp_splice1_10102_000000389655_tif.png,/home/panuwat/Pictures/Test-Cases/with_mask/splicing/annotations/test/tp_splice1_10102_000000389655_tif.png,640,428,50.0,0,13,5464,268443,49.000256,49.49508,98.000511,98.99016,0.0,0.0,98.000511,0.004843,,,
v1.0.4,splicing,splicing/tp_splice1_10147_000000365623_tif,/home/panuwat/Pictures/Test-Cases/with_mask/splicing/images/test/tp_splice1_10147_000000365623_tif.png,/home/panuwat/Pictures/Test-Cases/with_mask/splicing/annotations/test/tp_splice1_10147_000000365623_tif.png,640,480,50.0,1683,151206,7342,146969,24.577687,33.519783,48.105015,64.960684,1.050359,2.078881,48.389323,50.710489,,,
v1.0.4,splicing,splicing/tp_splice1_10176_000000008547_tif,/home/panuwat/Pictures/Test-Cases/with_mask/splicing/images/test/tp_splice1_10176_000000008547_tif.png,/home/panuwat/Pictures/Test-Cases/with_mask/splicing/annotations/test/tp_splice1_10176_000000008547_tif.png,640,419,50.0,0,36,2652,265472,49.498807,49.748141,98.997613,99.496282,0.0,0.0,98.997613,0.013559,,,
v1.0.4,splicing,splicing/tp_splice1_10267_000000553552_tif,/home/panuwat/Pictures/Test-Cases/with_mask/splicing/images/test/tp_splice1_10267_000000553552_tif.png,/home/panuwat/Pictures/Test-Cases/with_mask/splicing/annotations/test/tp_splice1_10267_000000553552_tif.png,640,430,50.0,0,2334,1598,271268,49.28561,49.640235,98.571221,99.28047,0.0,0.0,98.571221,0.853064,,,
v1.0.4,splicing,splicing/tp_splice1_1028_000000424348_tif,/home/panuwat/Pictures/Test-Cases/with_mask/splicing/images/test/tp_splice1_1028_000000424348_tif.png,/home/panuwat/Pictures/Test-Cases/with_mask/splicing/annotations/test/tp_splice1_1028_000000424348_tif.png,640,512,50.0,0,31,3839,323810,49.409485,49.702989,98.81897,99.405977,0.0,0.0,98.81897,0.009573,,,
v1.0.4,splicing,splicing/tp_splice1_10311_000000553908_tif,/home/panuwat/Pictures/Test-Cases/with_mask/splicing/images/test/tp_splice1_10311_000000553908_tif.png,/home/panuwat/Pictures/Test-Cases/with_mask/splicing/annotations/test/tp_splice1_10311_000000553908_tif.png,497,640,50.0,0,0,670,317410,49.894681,49.947285,99.789361,99.89457,0.0,0.0,99.789361,0.0,,,
v1.0.4,splicing,splicing/tp_splice1_10314_000000269103_tif,/home/panuwat/Pictures/Test-Cases/with_mask/splicing/images/test/tp_splice1_10314_000000269103_tif.png,/home/panuwat/Pictures/Test-Cases/with_mask/splicing/annotations/test/tp_splice1_10314_000000269103_tif.png,640,480,50.0,0,0,994,306206,49.838216,49.918977,99.676432,99.837954,0.0,0.0,99.676432,0.0,,,
v1.0.4,splicing,splicing/tp_splice1_1032_000000410356_tif,/home/panuwat/Pictures/Test-Cases/with_mask/splicing/images/test/tp_splice1_1032_000000410356_tif.png,/home/panuwat/Pictures/Test-Cases/with_mask/splicing/annotations/test/tp_splice1_1032_000000410356_tif.png,640,360,50.0,0,37454,4498,188448,40.895833,44.991978,81.791667,89.983956,0.0,0.0,81.791667,16.579756,,,
v1.0.4,splicing,splicing/tp_splice1_10380_000000465395_tif,/home/panuwat/Pictures/Test-Cases/with_mask/splicing/images/test/tp_splice1_10380_000000465395_tif.png,/home/panuwat/Pictures/Test-Cases/with_mask/splicing/annotations/test/tp_splice1_10380_000000465395_tif.png,640,429,50.0,0,0,710,273850,49.870702,49.935267,99.741404,99.870535,0.0,0.0,99.741404,0.0,,,
v1.0.4,splicing,splicing/tp_splice1_10386_000000480983_tif,/home/panuwat/Pictures/Test-Cases/with_mask/splicing/images/test/tp_splice1_10386_000000480983_tif.png,/home/panuwat/Pictures/Test-Cases/with_mask/splicing/annotations/test/tp_splice1_10386_000000480983_tif.png,640,426,50.0,0,41397,4253,226990,41.628154,45.431619,83.256309,90.863239,0.0,0.0,83.256309,15.424369,,,
v1.0.4,splicing,splicing/tp_splice1_10397_000000032562_tif,/home/panuwat/Pictures/Test-Cases/with_mask/splicing/images/test/tp_splice1_10397_000000032562_tif.png,/home/panuwat/Pictures/Test-Cases/with_mask/splicing/annotations/test/tp_splice1_10397_000000032562_tif.png,640,427,50.0,4511,91760,1676,175333,34.920563,43.883124,65.235574,78.960689,4.605552,8.805559,65.809426,34.355075,,,
v1.0.4,splicing,splicing/tp_splice1_10450_000000031497_tif,/home/panuwat/Pictures/Test-Cases/with_mask/splicing/images/test/tp_splice1_10450_000000031497_tif.png,/home/panuwat/Pictures/Test-Cases/with_mask/splicing/annotations/test/tp_splice1_10450_000000031497_tif.png,640,412,50.0,0,17562,2815,243303,46.136036,47.990367,92.272072,95.980733,0.0,0.0,92.272072,6.732218,,,
v1.0.5,authentic,authentic/au_usb_000000000036_jpg,/home/panuwat/Pictures/Test-Cases/with_mask/authentic/images/test/au_usb_000000000036_jpg.png,/home/panuwat/Pictures/Test-Cases/with_mask/authentic/annotations/test/au_usb_000000000036_jpg.png,481,640,50.0,0,0,0,307840,100.0,100.0,100.0,100.0,,,100.0,0.0,,,
v1.0.5,authentic,authentic/au_usb_000000000092_jpg,/home/panuwat/Pictures/Test-Cases/with_mask/authentic/images/test/au_usb_000000000092_jpg.png,/home/panuwat/Pictures/Test-Cases/with_mask/authentic/annotations/test/au_usb_000000000092_jpg.png,640,427,50.0,0,0,0,273280,100.0,100.0,100.0,100.0,,,100.0,0.0,,,
v1.0.5,authentic,authentic/au_usb_000000000247_jpg,/home/panuwat/Pictures/Test-Cases/with_mask/authentic/images/test/au_usb_000000000247_jpg.png,/home/panuwat/Pictures/Test-Cases/with_mask/authentic/annotations/test/au_usb_000000000247_jpg.png,640,424,50.0,0,0,0,271360,100.0,100.0,100.0,100.0,,,100.0,0.0,,,
v1.0.5,authentic,authentic/au_usb_000000000263_jpg,/home/panuwat/Pictures/Test-Cases/with_mask/authentic/images/test/au_usb_000000000263_jpg.png,/home/panuwat/Pictures/Test-Cases/with_mask/authentic/annotations/test/au_usb_000000000263_jpg.png,591,640,50.0,0,291,0,377949,49.961532,49.980759,99.923065,99.961518,0.0,0.0,99.923065,0.076935,,,
v1.0.5,authentic,authentic/au_usb_000000000322_jpg,/home/panuwat/Pictures/Test-Cases/with_mask/authentic/images/test/au_usb_000000000322_jpg.png,/home/panuwat/Pictures/Test-Cases/with_mask/authentic/annotations/test/au_usb_000000000322_jpg.png,640,481,50.0,0,0,0,307840,100.0,100.0,100.0,100.0,,,100.0,0.0,,,
v1.0.5,authentic,authentic/au_usb_000000000359_jpg,/home/panuwat/Pictures/Test-Cases/with_mask/authentic/images/test/au_usb_000000000359_jpg.png,/home/panuwat/Pictures/Test-Cases/with_mask/authentic/annotations/test/au_usb_000000000359_jpg.png,500,332,50.0,0,0,0,166000,100.0,100.0,100.0,100.0,,,100.0,0.0,,,
v1.0.5,authentic,authentic/au_usb_000000000360_jpg,/home/panuwat/Pictures/Test-Cases/with_mask/authentic/images/test/au_usb_000000000360_jpg.png,/home/panuwat/Pictures/Test-Cases/with_mask/authentic/annotations/test/au_usb_000000000360_jpg.png,500,375,50.0,0,0,0,187500,100.0,100.0,100.0,100.0,,,100.0,0.0,,,
v1.0.5,authentic,authentic/au_usb_000000000488_jpg,/home/panuwat/Pictures/Test-Cases/with_mask/authentic/images/test/au_usb_000000000488_jpg.png,/home/panuwat/Pictures/Test-Cases/with_mask/authentic/annotations/test/au_usb_000000000488_jpg.png,640,406,50.0,0,0,0,259840,100.0,100.0,100.0,100.0,,,100.0,0.0,,,
v1.0.5,authentic,authentic/au_usb_000000000529_jpg,/home/panuwat/Pictures/Test-Cases/with_mask/authentic/images/test/au_usb_000000000529_jpg.png,/home/panuwat/Pictures/Test-Cases/with_mask/authentic/annotations/test/au_usb_000000000529_jpg.png,427,640,50.0,0,0,0,273280,100.0,100.0,100.0,100.0,,,100.0,0.0,,,
v1.0.5,authentic,authentic/au_usb_000000000532_jpg,/home/panuwat/Pictures/Test-Cases/with_mask/authentic/images/test/au_usb_000000000532_jpg.png,/home/panuwat/Pictures/Test-Cases/with_mask/authentic/annotations/test/au_usb_000000000532_jpg.png,640,480,50.0,0,0,0,307200,100.0,100.0,100.0,100.0,,,100.0,0.0,,,
v1.0.5,authentic,authentic/au_usb_000000000612_jpg,/home/panuwat/Pictures/Test-Cases/with_mask/authentic/images/test/au_usb_000000000612_jpg.png,/home/panuwat/Pictures/Test-Cases/with_mask/authentic/annotations/test/au_usb_000000000612_jpg.png,640,480,50.0,0,51,0,307149,49.991699,49.995849,99.983398,99.991699,0.0,0.0,99.983398,0.016602,,,
v1.0.5,authentic,authentic/au_usb_000000000650_jpg,/home/panuwat/Pictures/Test-Cases/with_mask/authentic/images/test/au_usb_000000000650_jpg.png,/home/panuwat/Pictures/Test-Cases/with_mask/authentic/annotations/test/au_usb_000000000650_jpg.png,640,427,50.0,0,0,0,273280,100.0,100.0,100.0,100.0,,,100.0,0.0,,,
v1.0.5,authentic,authentic/au_usb_000000000656_jpg,/home/panuwat/Pictures/Test-Cases/with_mask/authentic/images/test/au_usb_000000000656_jpg.png,/home/panuwat/Pictures/Test-Cases/with_mask/authentic/annotations/test/au_usb_000000000656_jpg.png,640,472,50.0,0,0,0,302080,100.0,100.0,100.0,100.0,,,100.0,0.0,,,
v1.0.5,authentic,authentic/au_usb_000000000693_jpg,/home/panuwat/Pictures/Test-Cases/with_mask/authentic/images/test/au_usb_000000000693_jpg.png,/home/panuwat/Pictures/Test-Cases/with_mask/authentic/annotations/test/au_usb_000000000693_jpg.png,640,428,50.0,0,0,0,273920,100.0,100.0,100.0,100.0,,,100.0,0.0,,,
v1.0.5,authentic,authentic/au_usb_000000000801_jpg,/home/panuwat/Pictures/Test-Cases/with_mask/authentic/images/test/au_usb_000000000801_jpg.png,/home/panuwat/Pictures/Test-Cases/with_mask/authentic/annotations/test/au_usb_000000000801_jpg.png,640,360,50.0,0,49,0,230351,49.989366,49.994683,99.978733,99.989365,0.0,0.0,99.978733,0.021267,,,
v1.0.5,casia,casia/tp_casia_Tp_D_CNN_M_N_txt00054_txt00050_10375_tif,/home/panuwat/Pictures/Test-Cases/with_mask/casia/images/test/tp_casia_Tp_D_CNN_M_N_txt00054_txt00050_10375_tif.png,/home/panuwat/Pictures/Test-Cases/with_mask/casia/annotations/test/tp_casia_Tp_D_CNN_M_N_txt00054_txt00050_10375_tif.png,384,256,50.0,50970,20703,2404,24227,59.994932,74.615707,51.183082,67.710066,68.806782,81.521348,76.494344,46.078344,,,
v1.0.5,casia,casia/tp_casia_Tp_D_CNN_S_B_txt00055_txt00047_11328_jpg,/home/panuwat/Pictures/Test-Cases/with_mask/casia/images/test/tp_casia_Tp_D_CNN_S_B_txt00055_txt00047_11328_jpg.png,/home/panuwat/Pictures/Test-Cases/with_mask/casia/annotations/test/tp_casia_Tp_D_CNN_S_B_txt00055_txt00047_11328_jpg.png,384,256,50.0,8651,5427,3552,80674,69.527243,80.281504,89.984719,94.728375,49.069767,65.834633,90.866089,6.303063,,,
v1.0.5,casia,casia/tp_casia_Tp_D_CNN_S_N_art00001_ani00074_10442_tif,/home/panuwat/Pictures/Test-Cases/with_mask/casia/images/test/tp_casia_Tp_D_CNN_S_N_art00001_ani00074_10442_tif.png,/home/panuwat/Pictures/Test-Cases/with_mask/casia/annotations/test/tp_casia_Tp_D_CNN_S_N_art00001_ani00074_10442_tif.png,384,256,50.0,33198,3182,22130,39794,58.930441,74.134854,61.121863,75.870353,56.739019,72.399354,74.251302,7.404133,,,
v1.0.5,casia,casia/tp_casia_Tp_D_CNN_S_N_art00011_art00014_11841_jpg,/home/panuwat/Pictures/Test-Cases/with_mask/casia/images/test/tp_casia_Tp_D_CNN_S_N_art00011_art00014_11841_jpg.png,/home/panuwat/Pictures/Test-Cases/with_mask/casia/annotations/test/tp_casia_Tp_D_CNN_S_N_art00011_art00014_11841_jpg.png,384,256,50.0,13663,25,9162,75454,74.470116,84.550315,89.145922,94.261532,59.794311,74.839098,90.6545,0.033122,,,
v1.0.5,casia,casia/tp_casia_Tp_D_CNN_S_N_cha00044_cha00043_00364_tif,/home/panuwat/Pictures/Test-Cases/with_mask/casia/images/test/tp_casia_Tp_D_CNN_S_N_cha00044_cha00043_00364_tif.png,/home/panuwat/Pictures/Test-Cases/with_mask/casia/annotations/test/tp_casia_Tp_D_CNN_S_N_cha00044_cha00043_00364_tif.png,384,256,50.0,6,0,23128,75170,38.248741,43.35957,76.471546,86.667282,0.025936,0.051858,76.472982,0.0,,,
v1.0.5,casia,casia/tp_casia_Tp_D_CNN_S_N_cha10122_nat10124_12167_jpg,/home/panuwat/Pictures/Test-Cases/with_mask/casia/images/test/tp_casia_Tp_D_CNN_S_N_cha10122_nat10124_12167_jpg.png,/home/panuwat/Pictures/Test-Cases/with_mask/casia/annotations/test/tp_casia_Tp_D_CNN_S_N_cha10122_nat10124_12167_jpg.png,518,800,50.0,128520,2695,64594,218591,71.048946,82.957165,76.462502,86.661473,65.63539,79.252857,83.762307,1.217881,,,
v1.0.5,casia,casia/tp_casia_Tp_D_CNN_S_N_cha10122_nat10139_12166_jpg,/home/panuwat/Pictures/Test-Cases/with_mask/casia/images/test/tp_casia_Tp_D_CNN_S_N_cha10122_nat10139_12166_jpg.png,/home/panuwat/Pictures/Test-Cases/with_mask/casia/annotations/test/tp_casia_Tp_D_CNN_S_N_cha10122_nat10139_12166_jpg.png,518,800,50.0,142160,1956,66066,204218,71.325289,83.208863,75.013958,85.723401,67.63662,80.694325,83.585425,0.948713,,,
v1.0.5,casia,casia/tp_casia_Tp_D_CNN_S_N_txt00051_txt00051_10376_tif,/home/panuwat/Pictures/Test-Cases/with_mask/casia/images/test/tp_casia_Tp_D_CNN_S_N_txt00051_txt00051_10376_tif.png,/home/panuwat/Pictures/Test-Cases/with_mask/casia/annotations/test/tp_casia_Tp_D_CNN_S_N_txt00051_txt00051_10376_tif.png,384,256,50.0,32091,6795,12589,46829,66.533834,79.828177,70.724782,82.852391,62.342885,76.803963,80.281576,12.671565,,,
v1.0.5,casia,casia/tp_casia_Tp_D_CRD_M_N_nat00048_nat00049_11067_jpg,/home/panuwat/Pictures/Test-Cases/with_mask/casia/images/test/tp_casia_Tp_D_CRD_M_N_nat00048_nat00049_11067_jpg.png,/home/panuwat/Pictures/Test-Cases/with_mask/casia/annotations/test/tp_casia_Tp_D_CRD_M_N_nat00048_nat00049_11067_jpg.png,384,256,50.0,35997,94,8714,53499,83.102513,90.746728,85.863547,92.394176,80.34148,89.09928,91.040039,0.175396,,,
v1.0.5,casia,casia/tp_casia_Tp_D_CRD_S_N_ind00029_ind00088_00444_tif,/home/panuwat/Pictures/Test-Cases/with_mask/casia/images/test/tp_casia_Tp_D_CRD_S_N_ind00029_ind00088_00444_tif.png,/home/panuwat/Pictures/Test-Cases/with_mask/casia/annotations/test/tp_casia_Tp_D_CRD_S_N_ind00029_ind00088_00444_tif.png,384,256,50.0,3066,2264,759,92215,73.589471,82.683561,96.825847,98.387329,50.353096,66.979792,96.924845,2.3963,,,
v1.0.5,casia,casia/tp_casia_Tp_D_CRN_M_N_ani10112_ani00100_11648_jpg,/home/panuwat/Pictures/Test-Cases/with_mask/casia/images/test/tp_casia_Tp_D_CRN_M_N_ani10112_ani00100_11648_jpg.png,/home/panuwat/Pictures/Test-Cases/with_mask/casia/annotations/test/tp_casia_Tp_D_CRN_M_N_ani10112_ani00100_11648_jpg.png,384,256,50.0,45336,2040,16795,34133,67.544765,80.587933,64.440794,78.375679,70.648735,82.800186,80.840047,5.639565,,,
v1.0.5,casia,casia/tp_casia_Tp_D_CRN_M_N_ani10117_ani00100_11642_jpg,/home/panuwat/Pictures/Test-Cases/with_mask/casia/images/test/tp_casia_Tp_D_CRN_M_N_ani10117_ani00100_11642_jpg.png,/home/panuwat/Pictures/Test-Cases/with_mask/casia/annotations/test/tp_casia_Tp_D_CRN_M_N_ani10117_ani00100_11642_jpg.png,384,256,50.0,12092,5128,29764,51320,42.632048,57.783501,59.527676,74.629904,25.736421,40.937098,64.506022,9.084467,,,
v1.0.5,casia,casia/tp_casia_Tp_D_CRN_M_N_arc00008_nat10122_11773_jpg,/home/panuwat/Pictures/Test-Cases/with_mask/casia/images/test/tp_casia_Tp_D_CRN_M_N_arc00008_nat10122_11773_jpg.png,/home/panuwat/Pictures/Test-Cases/with_mask/casia/annotations/test/tp_casia_Tp_D_CRN_M_N_arc00008_nat10122_11773_jpg.png,384,256,50.0,24101,586,18823,54794,64.61762,78.123523,73.843376,84.953914,55.391864,71.293133,80.256144,1.058144,,,
v1.0.5,casia,casia/tp_casia_Tp_D_CRN_M_N_cha10108_cha00027_11666_jpg,/home/panuwat/Pictures/Test-Cases/with_mask/casia/images/test/tp_casia_Tp_D_CRN_M_N_cha10108_cha00027_11666_jpg.png,/home/panuwat/Pictures/Test-Cases/with_mask/casia/annotations/test/tp_casia_Tp_D_CRN_M_N_cha10108_cha00027_11666_jpg.png,384,256,50.0,0,0,39698,58606,29.808553,37.350073,59.617106,74.700147,0.0,0.0,59.617106,0.0,,,
v1.0.5,casia,casia/tp_casia_Tp_D_CRN_M_N_cha10108_cha00040_11665_jpg,/home/panuwat/Pictures/Test-Cases/with_mask/casia/images/test/tp_casia_Tp_D_CRN_M_N_cha10108_cha00040_11665_jpg.png,/home/panuwat/Pictures/Test-Cases/with_mask/casia/annotations/test/tp_casia_Tp_D_CRN_M_N_cha10108_cha00040_11665_jpg.png,384,256,50.0,0,0,38202,60102,30.569458,37.941745,61.138916,75.883489,0.0,0.0,61.138916,0.0,,,
v1.0.5,copymove,copymove/tp_copymove_0_000000001596_tif,/home/panuwat/Pictures/Test-Cases/with_mask/copymove/images/test/tp_copymove_0_000000001596_tif.png,/home/panuwat/Pictures/Test-Cases/with_mask/copymove/annotations/test/tp_copymove_0_000000001596_tif.png,500,419,50.0,915,1040,91,207454,72.089591,80.765798,99.457775,99.72815,44.721408,61.803445,99.460143,0.498815,,,
v1.0.5,copymove,copymove/tp_copymove_0_000000001697_tif,/home/panuwat/Pictures/Test-Cases/with_mask/copymove/images/test/tp_copymove_0_000000001697_tif.png,/home/panuwat/Pictures/Test-Cases/with_mask/copymove/annotations/test/tp_copymove_0_000000001697_tif.png,500,375,50.0,0,0,2849,184651,49.240267,49.617225,98.480533,99.234451,0.0,0.0,98.480533,0.0,,,
v1.0.5,copymove,copymove/tp_copymove_0_000000003693_tif,/home/panuwat/Pictures/Test-Cases/with_mask/copymove/images/test/tp_copymove_0_000000003693_tif.png,/home/panuwat/Pictures/Test-Cases/with_mask/copymove/annotations/test/tp_copymove_0_000000003693_tif.png,640,428,50.0,0,0,527,273393,49.903804,49.951856,99.807608,99.903711,0.0,0.0,99.807608,0.0,,,
v1.0.5,copymove,copymove/tp_copymove_0_000000004051_tif,/home/panuwat/Pictures/Test-Cases/with_mask/copymove/images/test/tp_copymove_0_000000004051_tif.png,/home/panuwat/Pictures/Test-Cases/with_mask/copymove/annotations/test/tp_copymove_0_000000004051_tif.png,480,640,50.0,0,0,777,306423,49.873535,49.936688,99.74707,99.873375,0.0,0.0,99.74707,0.0,,,
v1.0.5,copymove,copymove/tp_copymove_0_000000006363_tif,/home/panuwat/Pictures/Test-Cases/with_mask/copymove/images/test/tp_copymove_0_000000006363_tif.png,/home/panuwat/Pictures/Test-Cases/with_mask/copymove/annotations/test/tp_copymove_0_000000006363_tif.png,640,480,50.0,0,0,10088,297112,48.358073,49.165332,96.716146,98.330664,0.0,0.0,96.716146,0.0,,,
v1.0.5,copymove,copymove/tp_copymove_0_000000006432_tif,/home/panuwat/Pictures/Test-Cases/with_mask/copymove/images/test/tp_copymove_0_000000006432_tif.png,/home/panuwat/Pictures/Test-Cases/with_mask/copymove/annotations/test/tp_copymove_0_000000006432_tif.png,491,640,50.0,0,0,9344,304896,48.513238,49.2454,97.026477,98.4908,0.0,0.0,97.026477,0.0,,,
v1.0.5,copymove,copymove/tp_copymove_0_000000008119_tif,/home/panuwat/Pictures/Test-Cases/with_mask/copymove/images/test/tp_copymove_0_000000008119_tif.png,/home/panuwat/Pictures/Test-Cases/with_mask/copymove/annotations/test/tp_copymove_0_000000008119_tif.png,640,480,50.0,286,397,42,306475,69.65262,78.253038,99.856963,99.92843,39.448276,56.577646,99.857096,0.12937,,,
v1.0.5,copymove,copymove/tp_copymove_0_000000009170_tif,/home/panuwat/Pictures/Test-Cases/with_mask/copymove/images/test/tp_copymove_0_000000009170_tif.png,/home/panuwat/Pictures/Test-Cases/with_mask/copymove/annotations/test/tp_copymove_0_000000009170_tif.png,640,383,50.0,0,0,21756,223364,45.562174,47.678042,91.124347,95.356085,0.0,0.0,91.124347,0.0,,,
v1.0.5,copymove,copymove/tp_copymove_0_000000009960_tif,/home/panuwat/Pictures/Test-Cases/with_mask/copymove/images/test/tp_copymove_0_000000009960_tif.png,/home/panuwat/Pictures/Test-Cases/with_mask/copymove/annotations/test/tp_copymove_0_000000009960_tif.png,640,427,50.0,32,49,362,272837,53.536532,56.699211,99.849587,99.924737,7.223476,13.473684,99.849605,0.017956,,,
v1.0.5,copymove,copymove/tp_copymove_0_000000011075_tif,/home/panuwat/Pictures/Test-Cases/with_mask/copymove/images/test/tp_copymove_0_000000011075_tif.png,/home/panuwat/Pictures/Test-Cases/with_mask/copymove/annotations/test/tp_copymove_0_000000011075_tif.png,640,480,50.0,1178,700,30516,274806,46.717951,50.821678,89.799426,94.625603,3.636476,7.017753,89.838542,0.254078,,,
v1.0.5,copymove,copymove/tp_copymove_0_000000011701_tif,/home/panuwat/Pictures/Test-Cases/with_mask/copymove/images/test/tp_copymove_0_000000011701_tif.png,/home/panuwat/Pictures/Test-Cases/with_mask/copymove/annotations/test/tp_copymove_0_000000011701_tif.png,612,612,50.0,551,863,44363,328767,44.555461,47.971604,87.90726,93.564517,1.203661,2.378691,87.92505,0.261809,,,
v1.0.5,copymove,copymove/tp_copymove_0_000000012711_tif,/home/panuwat/Pictures/Test-Cases/with_mask/copymove/images/test/tp_copymove_0_000000012711_tif.png,/home/panuwat/Pictures/Test-Cases/with_mask/copymove/annotations/test/tp_copymove_0_000000012711_tif.png,640,480,50.0,0,0,2501,304699,49.592936,49.795636,99.185872,99.591272,0.0,0.0,99.185872,0.0,,,
v1.0.5,copymove,copymove/tp_copymove_0_000000012881_tif,/home/panuwat/Pictures/Test-Cases/with_mask/copymove/images/test/tp_copymove_0_000000012881_tif.png,/home/panuwat/Pictures/Test-Cases/with_mask/copymove/annotations/test/tp_copymove_0_000000012881_tif.png,640,428,50.0,0,0,7419,266501,48.645772,49.313591,97.291545,98.627181,0.0,0.0,97.291545,0.0,,,
v1.0.5,copymove,copymove/tp_copymove_0_000000012953_tif,/home/panuwat/Pictures/Test-Cases/with_mask/copymove/images/test/tp_copymove_0_000000012953_tif.png,/home/panuwat/Pictures/Test-Cases/with_mask/copymove/annotations/test/tp_copymove_0_000000012953_tif.png,640,433,50.0,0,0,12906,264214,47.671406,48.807945,95.342812,97.61589,0.0,0.0,95.342812,0.0,,,
v1.0.5,copymove,copymove/tp_copymove_0_000000013202_tif,/home/panuwat/Pictures/Test-Cases/with_mask/copymove/images/test/tp_copymove_0_000000013202_tif.png,/home/panuwat/Pictures/Test-Cases/with_mask/copymove/annotations/test/tp_copymove_0_000000013202_tif.png,427,640,50.0,0,0,9363,263917,48.286922,49.128532,96.573844,98.257064,0.0,0.0,96.573844,0.0,,,
v1.0.5,face,face/tp_face_morphing_0.jpg_IN_100.jpg_tif,/home/panuwat/Pictures/Test-Cases/with_mask/face/images/test/tp_face_morphing_0.jpg_IN_100.jpg_tif.png,/home/panuwat/Pictures/Test-Cases/with_mask/face/annotations/test/tp_face_morphing_0.jpg_IN_100.jpg_tif.png,500,652,50.0,64940,1010,200,259850,98.853664,99.422342,99.536505,99.767714,98.170824,99.07697,99.628834,0.387181,,,
v1.0.5,face,face/tp_face_morphing_0.jpg_IN_110.jpg_tif,/home/panuwat/Pictures/Test-Cases/with_mask/face/images/test/tp_face_morphing_0.jpg_IN_110.jpg_tif.png,/home/panuwat/Pictures/Test-Cases/with_mask/face/annotations/test/tp_face_morphing_0.jpg_IN_110.jpg_tif.png,500,652,50.0,66334,1034,426,258206,98.642078,99.314782,99.437739,99.718077,97.846417,98.911488,99.552147,0.398858,,,
v1.0.5,face,face/tp_face_morphing_0.jpg_IN_112.jpg_tif,/home/panuwat/Pictures/Test-Cases/with_mask/face/images/test/tp_face_morphing_0.jpg_IN_112.jpg_tif.png,/home/panuwat/Pictures/Test-Cases/with_mask/face/annotations/test/tp_face_morphing_0.jpg_IN_112.jpg_tif.png,500,652,50.0,69047,1152,443,255358,98.5607,99.273422,99.379264,99.688666,97.742136,98.858178,99.510736,0.449105,,,
v1.0.5,face,face/tp_face_morphing_0.jpg_IN_127.jpg_tif,/home/panuwat/Pictures/Test-Cases/with_mask/face/images/test/tp_face_morphing_0.jpg_IN_127.jpg_tif.png,/home/panuwat/Pictures/Test-Cases/with_mask/face/annotations/test/tp_face_morphing_0.jpg_IN_127.jpg_tif.png,500,652,50.0,62052,1083,716,262149,98.250465,99.114585,99.318426,99.658048,97.182503,98.571122,99.44816,0.411424,,,
v1.0.5,face,face/tp_face_morphing_0.jpg_IN_131.jpg_tif,/home/panuwat/Pictures/Test-Cases/with_mask/face/images/test/tp_face_morphing_0.jpg_IN_131.jpg_tif.png,/home/panuwat/Pictures/Test-Cases/with_mask/face/annotations/test/tp_face_morphing_0.jpg_IN_131.jpg_tif.png,500,652,50.0,88629,1720,802,234849,98.085345,99.031551,98.937528,99.465927,97.233163,98.597174,99.22638,0.727061,,,
v1.0.5,face,face/tp_face_morphing_0.jpg_IN_132.jpg_tif,/home/panuwat/Pictures/Test-Cases/with_mask/face/images/test/tp_face_morphing_0.jpg_IN_132.jpg_tif.png,/home/panuwat/Pictures/Test-Cases/with_mask/face/annotations/test/tp_face_morphing_0.jpg_IN_132.jpg_tif.png,500,652,50.0,86002,2827,971,236200,97.094044,98.521024,98.417487,99.202433,95.770601,97.839615,98.834969,1.182712,,,
v1.0.5,face,face/tp_face_morphing_0.jpg_IN_170.jpg_tif,/home/panuwat/Pictures/Test-Cases/with_mask/face/images/test/tp_face_morphing_0.jpg_IN_170.jpg_tif.png,/home/panuwat/Pictures/Test-Cases/with_mask/face/annotations/test/tp_face_morphing_0.jpg_IN_170.jpg_tif.png,500,652,50.0,70526,2040,413,253021,97.839292,98.904124,99.039824,99.517596,96.638759,98.290652,99.247546,0.799809,,,
v1.0.5,face,face/tp_face_morphing_0.jpg_IN_171.jpg_tif,/home/panuwat/Pictures/Test-Cases/with_mask/face/images/test/tp_face_morphing_0.jpg_IN_171.jpg_tif.png,/home/panuwat/Pictures/Test-Cases/with_mask/face/annotations/test/tp_face_morphing_0.jpg_IN_171.jpg_tif.png,500,652,50.0,60930,1514,454,263102,98.06434,99.019046,99.257555,99.627394,96.871125,98.410699,99.396319,0.57215,,,
v1.0.5,face,face/tp_face_morphing_0.jpg_IN_177.jpg_tif,/home/panuwat/Pictures/Test-Cases/with_mask/face/images/test/tp_face_morphing_0.jpg_IN_177.jpg_tif.png,/home/panuwat/Pictures/Test-Cases/with_mask/face/annotations/test/tp_face_morphing_0.jpg_IN_177.jpg_tif.png,500,652,50.0,72920,804,534,251742,98.834744,99.412926,99.471313,99.734956,98.198174,99.090897,99.589571,0.318358,,,
v1.0.5,face,face/tp_face_morphing_0.jpg_IN_190.jpg_tif,/home/panuwat/Pictures/Test-Cases/with_mask/face/images/test/tp_face_morphing_0.jpg_IN_190.jpg_tif.png,/home/panuwat/Pictures/Test-Cases/with_mask/face/annotations/test/tp_face_morphing_0.jpg_IN_190.jpg_tif.png,500,652,50.0,66291,1395,382,257932,98.352574,99.167068,99.315773,99.656712,97.389375,98.677424,99.454908,0.537931,,,
v1.0.5,face,face/tp_face_morphing_0.jpg_IN_192.jpg_tif,/home/panuwat/Pictures/Test-Cases/with_mask/face/images/test/tp_face_morphing_0.jpg_IN_192.jpg_tif.png,/home/panuwat/Pictures/Test-Cases/with_mask/face/annotations/test/tp_face_morphing_0.jpg_IN_192.jpg_tif.png,500,652,50.0,67061,1007,1222,256710,97.961133,98.966489,99.139179,99.567729,96.783086,98.365249,99.316258,0.390739,,,
v1.0.5,face,face/tp_face_morphing_0.jpg_IN_199.jpg_tif,/home/panuwat/Pictures/Test-Cases/with_mask/face/images/test/tp_face_morphing_0.jpg_IN_199.jpg_tif.png,/home/panuwat/Pictures/Test-Cases/with_mask/face/annotations/test/tp_face_morphing_0.jpg_IN_199.jpg_tif.png,500,652,50.0,69521,1516,468,254495,98.225908,99.102445,99.226447,99.611722,97.225369,98.593167,99.391411,0.592162,,,
v1.0.5,face,face/tp_face_morphing_0.jpg_IN_31.jpg_tif,/home/panuwat/Pictures/Test-Cases/with_mask/face/images/test/tp_face_morphing_0.jpg_IN_31.jpg_tif.png,/home/panuwat/Pictures/Test-Cases/with_mask/face/annotations/test/tp_face_morphing_0.jpg_IN_31.jpg_tif.png,500,652,50.0,66362,733,424,258481,98.920394,99.456246,99.55438,99.776692,98.286408,99.1358,99.645092,0.282778,,,
v1.0.5,face,face/tp_face_morphing_0.jpg_IN_37.jpg_tif,/home/panuwat/Pictures/Test-Cases/with_mask/face/images/test/tp_face_morphing_0.jpg_IN_37.jpg_tif.png,/home/panuwat/Pictures/Test-Cases/with_mask/face/annotations/test/tp_face_morphing_0.jpg_IN_37.jpg_tif.png,500,652,50.0,71801,1616,541,252042,98.117466,99.047039,99.151452,99.573918,97.08348,98.52016,99.338344,0.637078,,,
v1.0.5,face,face/tp_face_morphing_0.jpg_IN_49.jpg_tif,/home/panuwat/Pictures/Test-Cases/with_mask/face/images/test/tp_face_morphing_0.jpg_IN_49.jpg_tif.png,/home/panuwat/Pictures/Test-Cases/with_mask/face/annotations/test/tp_face_morphing_0.jpg_IN_49.jpg_tif.png,500,652,50.0,67264,1994,610,256132,97.63327,98.797669,98.993569,99.494239,96.272972,98.1011,99.201227,0.772491,,,
v1.0.5,imd2020,imd2020/tp_imd2020_00064_fake_jpg,/home/panuwat/Pictures/Test-Cases/with_mask/imd2020/images/test/tp_imd2020_00064_fake_jpg.png,/home/panuwat/Pictures/Test-Cases/with_mask/imd2020/annotations/test/tp_imd2020_00064_fake_jpg.png,699,451,50.0,0,0,101044,214205,33.973938,40.457717,67.947876,80.915434,0.0,0.0,67.947876,0.0,,,
v1.0.5,imd2020,imd2020/tp_imd2020_00097_fake_jpg,/home/panuwat/Pictures/Test-Cases/with_mask/imd2020/images/test/tp_imd2020_00097_fake_jpg.png,/home/panuwat/Pictures/Test-Cases/with_mask/imd2020/annotations/test/tp_imd2020_00097_fake_jpg.png,383,274,50.0,1659,1981,568,100734,68.478464,77.6521,97.532024,98.750594,39.424905,56.553605,97.571039,1.928637,,,
v1.0.5,imd2020,imd2020/tp_imd2020_c8u0rrz_0_jpg,/home/panuwat/Pictures/Test-Cases/with_mask/imd2020/images/test/tp_imd2020_c8u0rrz_0_jpg.png,/home/panuwat/Pictures/Test-Cases/with_mask/imd2020/annotations/test/tp_imd2020_c8u0rrz_0_jpg.png,620,464,50.0,0,0,33023,254657,44.260463,46.955491,88.520926,93.910982,0.0,0.0,88.520926,0.0,,,
v1.0.5,imd2020,imd2020/tp_imd2020_c8u4gpd_0_jpg,/home/panuwat/Pictures/Test-Cases/with_mask/imd2020/images/test/tp_imd2020_c8u4gpd_0_jpg.png,/home/panuwat/Pictures/Test-Cases/with_mask/imd2020/annotations/test/tp_imd2020_c8u4gpd_0_jpg.png,501,409,50.0,0,0,130809,74100,18.081197,26.558283,36.162394,53.116566,0.0,0.0,36.162394,0.0,,,
v1.0.5,imd2020,imd2020/tp_imd2020_c8vgphr_0_jpg,/home/panuwat/Pictures/Test-Cases/with_mask/imd2020/images/test/tp_imd2020_c8vgphr_0_jpg.png,/home/panuwat/Pictures/Test-Cases/with_mask/imd2020/annotations/test/tp_imd2020_c8vgphr_0_jpg.png,375,500,50.0,0,0,9457,178043,47.478133,48.706445,94.956267,97.41289,0.0,0.0,94.956267,0.0,,,
v1.0.5,imd2020,imd2020/tp_imd2020_c8vkf28_0_jpg,/home/panuwat/Pictures/Test-Cases/with_mask/imd2020/images/test/tp_imd2020_c8vkf28_0_jpg.png,/home/panuwat/Pictures/Test-Cases/with_mask/imd2020/annotations/test/tp_imd2020_c8vkf28_0_jpg.png,1200,750,50.0,2,114,26387,873497,48.531492,49.260405,97.055438,98.505719,0.007546,0.015091,97.055444,0.013049,,,
v1.0.5,imd2020,imd2020/tp_imd2020_c8vpmfd_0_jpg,/home/panuwat/Pictures/Test-Cases/with_mask/imd2020/images/test/tp_imd2020_c8vpmfd_0_jpg.png,/home/panuwat/Pictures/Test-Cases/with_mask/imd2020/annotations/test/tp_imd2020_c8vpmfd_0_jpg.png,1920,1200,50.0,31957,30944,11492,2229607,70.544626,79.577557,98.132254,99.057323,42.956999,60.09779,98.15816,1.36887,,,
v1.0.5,imd2020,imd2020/tp_imd2020_c8vqeqw_0_jpg,/home/panuwat/Pictures/Test-Cases/with_mask/imd2020/images/test/tp_imd2020_c8vqeqw_0_jpg.png,/home/panuwat/Pictures/Test-Cases/with_mask/imd2020/annotations/test/tp_imd2020_c8vqeqw_0_jpg.png,1920,1200,50.0,3821,17794,27169,2255216,52.938863,56.770054,98.045239,99.012973,7.832486,14.527136,98.048481,0.782839,,,
v1.0.5,imd2020,imd2020/tp_imd2020_c8w0r2r_0_jpg,/home/panuwat/Pictures/Test-Cases/with_mask/imd2020/images/test/tp_imd2020_c8w0r2r_0_jpg.png,/home/panuwat/Pictures/Test-Cases/with_mask/imd2020/annotations/test/tp_imd2020_c8w0r2r_0_jpg.png,1120,629,50.0,13684,2352,119614,568830,46.215931,54.321994,82.344136,90.317285,10.087726,18.326704,82.687088,0.411778,,,
v1.0.5,imd2020,imd2020/tp_imd2020_c8wvegs_0_jpg,/home/panuwat/Pictures/Test-Cases/with_mask/imd2020/images/test/tp_imd2020_c8wvegs_0_jpg.png,/home/panuwat/Pictures/Test-Cases/with_mask/imd2020/annotations/test/tp_imd2020_c8wvegs_0_jpg.png,953,953,50.0,376,18787,3601,885445,49.592819,51.000672,97.533908,98.75156,1.651731,3.249784,97.534929,2.077675,,,
v1.0.5,imd2020,imd2020/tp_imd2020_c8xhzdr_0_jpg,/home/panuwat/Pictures/Test-Cases/with_mask/imd2020/images/test/tp_imd2020_c8xhzdr_0_jpg.png,/home/panuwat/Pictures/Test-Cases/with_mask/imd2020/annotations/test/tp_imd2020_c8xhzdr_0_jpg.png,650,366,50.0,0,0,4941,232959,48.961538,49.475321,97.923077,98.950641,0.0,0.0,97.923077,0.0,,,
v1.0.5,imd2020,imd2020/tp_imd2020_c8xtrds_0_jpg,/home/panuwat/Pictures/Test-Cases/with_mask/imd2020/images/test/tp_imd2020_c8xtrds_0_jpg.png,/home/panuwat/Pictures/Test-Cases/with_mask/imd2020/annotations/test/tp_imd2020_c8xtrds_0_jpg.png,444,644,50.0,216,0,13223,272497,48.489653,50.397442,95.372043,97.631208,1.607262,3.163676,95.375539,0.0,,,
v1.0.5,imd2020,imd2020/tp_imd2020_c8yjv4u_0_jpg,/home/panuwat/Pictures/Test-Cases/with_mask/imd2020/images/test/tp_imd2020_c8yjv4u_0_jpg.png,/home/panuwat/Pictures/Test-Cases/with_mask/imd2020/annotations/test/tp_imd2020_c8yjv4u_0_jpg.png,549,732,50.0,0,0,14024,387844,48.255148,49.112081,96.510297,98.224163,0.0,0.0,96.510297,0.0,,,
v1.0.5,imd2020,imd2020/tp_imd2020_c8ynnae_0_jpg,/home/panuwat/Pictures/Test-Cases/with_mask/imd2020/images/test/tp_imd2020_c8ynnae_0_jpg.png,/home/panuwat/Pictures/Test-Cases/with_mask/imd2020/annotations/test/tp_imd2020_c8ynnae_0_jpg.png,453,604,50.0,1313,184,3883,268232,61.455813,69.241307,98.506421,99.247592,24.405204,39.235022,98.513589,0.06855,,,
v1.0.5,imd2020,imd2020/tp_imd2020_c8zefoe_0_jpg,/home/panuwat/Pictures/Test-Cases/with_mask/imd2020/images/test/tp_imd2020_c8zefoe_0_jpg.png,/home/panuwat/Pictures/Test-Cases/with_mask/imd2020/annotations/test/tp_imd2020_c8zefoe_0_jpg.png,1200,704,50.0,59,3665,43737,797339,47.256444,48.680806,94.388576,97.113295,0.124313,0.248316,94.388968,0.457551,,,
v1.0.5,inpainting,inpainting/tp_inpaint_0_000000000943_tif,/home/panuwat/Pictures/Test-Cases/with_mask/inpainting/images/test/tp_inpaint_0_000000000943_tif.png,/home/panuwat/Pictures/Test-Cases/with_mask/inpainting/annotations/test/tp_inpaint_0_000000000943_tif.png,640,360,50.0,200,177,15572,214451,47.206277,49.467527,93.158558,96.458121,1.253997,2.476934,93.164497,0.082468,,,
v1.0.5,inpainting,inpainting/tp_inpaint_0_000000001596_tif,/home/panuwat/Pictures/Test-Cases/with_mask/inpainting/images/test/tp_inpaint_0_000000001596_tif.png,/home/panuwat/Pictures/Test-Cases/with_mask/inpainting/annotations/test/tp_inpaint_0_000000001596_tif.png,500,419,50.0,0,0,1124,208376,49.731742,49.86551,99.463484,99.731021,0.0,0.0,99.463484,0.0,,,
v1.0.5,inpainting,inpainting/tp_inpaint_0_000000002614_tif,/home/panuwat/Pictures/Test-Cases/with_mask/inpainting/images/test/tp_inpaint_0_000000002614_tif.png,/home/panuwat/Pictures/Test-Cases/with_mask/inpainting/annotations/test/tp_inpaint_0_000000002614_tif.png,640,427,50.0,0,754,10234,262292,47.989608,48.974181,95.979215,97.948362,0.0,0.0,95.979215,0.286642,,,
v1.0.5,inpainting,inpainting/tp_inpaint_0_000000003488_tif,/home/panuwat/Pictures/Test-Cases/with_mask/inpainting/images/test/tp_inpaint_0_000000003488_tif.png,/home/panuwat/Pictures/Test-Cases/with_mask/inpainting/annotations/test/tp_inpaint_0_000000003488_tif.png,500,333,50.0,0,152,1142,165206,49.611411,49.804948,99.222823,99.609896,0.0,0.0,99.222823,0.091922,,,
v1.0.5,inpainting,inpainting/tp_inpaint_0_000000005210_tif,/home/panuwat/Pictures/Test-Cases/with_mask/inpainting/images/test/tp_inpaint_0_000000005210_tif.png,/home/panuwat/Pictures/Test-Cases/with_mask/inpainting/annotations/test/tp_inpaint_0_000000005210_tif.png,640,426,50.0,0,0,274,272366,49.949751,49.974863,99.899501,99.949725,0.0,0.0,99.899501,0.0,,,
v1.0.5,inpainting,inpainting/tp_inpaint_0_000000005699_tif,/home/panuwat/Pictures/Test-Cases/with_mask/inpainting/images/test/tp_inpaint_0_000000005699_tif.png,/home/panuwat/Pictures/Test-Cases/with_mask/inpainting/annotations/test/tp_inpaint_0_000000005699_tif.png,600,400,50.0,0,0,480,239520,49.9,49.94995,99.8,99.8999,0.0,0.0,99.8,0.0,,,
v1.0.5,inpainting,inpainting/tp_inpaint_0_000000008119_tif,/home/panuwat/Pictures/Test-Cases/with_mask/inpainting/images/test/tp_inpaint_0_000000008119_tif.png,/home/panuwat/Pictures/Test-Cases/with_mask/inpainting/annotations/test/tp_inpaint_0_000000008119_tif.png,640,480,50.0,0,0,320,306880,49.947917,49.973945,99.895833,99.94789,0.0,0.0,99.895833,0.0,,,
v1.0.5,inpainting,inpainting/tp_inpaint_0_000000009960_tif,/home/panuwat/Pictures/Test-Cases/with_mask/inpainting/images/test/tp_inpaint_0_000000009960_tif.png,/home/panuwat/Pictures/Test-Cases/with_mask/inpainting/annotations/test/tp_inpaint_0_000000009960_tif.png,640,427,50.0,0,0,454,272826,49.916935,49.958433,99.83387,99.916866,0.0,0.0,99.83387,0.0,,,
v1.0.5,inpainting,inpainting/tp_inpaint_0_000000010779_tif,/home/panuwat/Pictures/Test-Cases/with_mask/inpainting/images/test/tp_inpaint_0_000000010779_tif.png,/home/panuwat/Pictures/Test-Cases/with_mask/inpainting/annotations/test/tp_inpaint_0_000000010779_tif.png,532,640,50.0,441,47,18680,321312,48.3967,50.833153,94.492691,97.168372,2.30071,4.497935,94.499824,0.014625,,,
v1.0.5,inpainting,inpainting/tp_inpaint_0_000000011075_tif,/home/panuwat/Pictures/Test-Cases/with_mask/inpainting/images/test/tp_inpaint_0_000000011075_tif.png,/home/panuwat/Pictures/Test-Cases/with_mask/inpainting/annotations/test/tp_inpaint_0_000000011075_tif.png,640,480,50.0,41357,733,49153,215957,63.280503,76.012247,81.234789,89.645911,45.326217,62.378582,83.761068,0.338271,,,
v1.0.5,inpainting,inpainting/tp_inpaint_0_000000011831_tif,/home/panuwat/Pictures/Test-Cases/with_mask/inpainting/images/test/tp_inpaint_0_000000011831_tif.png,/home/panuwat/Pictures/Test-Cases/with_mask/inpainting/annotations/test/tp_inpaint_0_000000011831_tif.png,640,427,50.0,0,1491,2658,269131,49.240888,49.617541,98.481777,99.235082,0.0,0.0,98.481777,0.550953,,,
v1.0.5,inpainting,inpainting/tp_inpaint_0_000000012927_tif,/home/panuwat/Pictures/Test-Cases/with_mask/inpainting/images/test/tp_inpaint_0_000000012927_tif.png,/home/panuwat/Pictures/Test-Cases/with_mask/inpainting/annotations/test/tp_inpaint_0_000000012927_tif.png,640,425,50.0,0,0,8970,263030,48.351103,49.161729,96.702206,98.323458,0.0,0.0,96.702206,0.0,,,
v1.0.5,inpainting,inpainting/tp_inpaint_0_000000016359_tif,/home/panuwat/Pictures/Test-Cases/with_mask/inpainting/images/test/tp_inpaint_0_000000016359_tif.png,/home/panuwat/Pictures/Test-Cases/with_mask/inpainting/annotations/test/tp_inpaint_0_000000016359_tif.png,640,383,50.0,165,0,6048,238907,50.093348,51.962046,97.530975,98.750057,2.655722,5.174036,97.532637,0.0,,,
v1.0.5,inpainting,inpainting/tp_inpaint_0_000000017474_tif,/home/panuwat/Pictures/Test-Cases/with_mask/inpainting/images/test/tp_inpaint_0_000000017474_tif.png,/home/panuwat/Pictures/Test-Cases/with_mask/inpainting/annotations/test/tp_inpaint_0_000000017474_tif.png,640,427,50.0,0,0,256,273024,49.953162,49.97657,99.906323,99.95314,0.0,0.0,99.906323,0.0,,,
v1.0.5,inpainting,inpainting/tp_inpaint_0_000000018290_tif,/home/panuwat/Pictures/Test-Cases/with_mask/inpainting/images/test/tp_inpaint_0_000000018290_tif.png,/home/panuwat/Pictures/Test-Cases/with_mask/inpainting/annotations/test/tp_inpaint_0_000000018290_tif.png,640,379,50.0,0,0,434,242126,49.910538,49.955229,99.821075,99.910457,0.0,0.0,99.821075,0.0,,,
v1.0.5,splicing,splicing/tp_splice1_10007_000000130973_tif,/home/panuwat/Pictures/Test-Cases/with_mask/splicing/images/test/tp_splice1_10007_000000130973_tif.png,/home/panuwat/Pictures/Test-Cases/with_mask/splicing/annotations/test/tp_splice1_10007_000000130973_tif.png,640,427,50.0,3484,1087,650,268059,83.043346,89.861501,99.35618,99.677051,66.730511,80.045951,99.364388,0.40387,,,
v1.0.5,splicing,splicing/tp_splice1_10046_000000517430_tif,/home/panuwat/Pictures/Test-Cases/with_mask/splicing/images/test/tp_splice1_10046_000000517430_tif.png,/home/panuwat/Pictures/Test-Cases/with_mask/splicing/annotations/test/tp_splice1_10046_000000517430_tif.png,640,480,50.0,0,0,599,306601,49.902507,49.951206,99.805013,99.902411,0.0,0.0,99.805013,0.0,,,
v1.0.5,splicing,splicing/tp_splice1_10059_000000578306_tif,/home/panuwat/Pictures/Test-Cases/with_mask/splicing/images/test/tp_splice1_10059_000000578306_tif.png,/home/panuwat/Pictures/Test-Cases/with_mask/splicing/annotations/test/tp_splice1_10059_000000578306_tif.png,640,427,50.0,1463,232,216,271369,88.19598,93.319758,99.835183,99.917524,76.556777,86.721992,99.836066,0.085419,,,
v1.0.5,splicing,splicing/tp_splice1_10102_000000389655_tif,/home/panuwat/Pictures/Test-Cases/with_mask/splicing/images/test/tp_splice1_10102_000000389655_tif.png,/home/panuwat/Pictures/Test-Cases/with_mask/splicing/annotations/test/tp_splice1_10102_000000389655_tif.png,640,428,50.0,5458,1248,6,267208,90.424969,94.730937,99.532895,99.765901,81.317044,89.695974,99.542202,0.464881,,,
v1.0.5,splicing,splicing/tp_splice1_10147_000000365623_tif,/home/panuwat/Pictures/Test-Cases/with_mask/splicing/images/test/tp_splice1_10147_000000365623_tif.png,/home/panuwat/Pictures/Test-Cases/with_mask/splicing/annotations/test/tp_splice1_10147_000000365623_tif.png,640,480,50.0,8520,1300,505,296875,90.956917,95.059392,99.395674,99.696921,82.51816,90.421863,99.412435,0.435986,,,
v1.0.5,splicing,splicing/tp_splice1_10176_000000008547_tif,/home/panuwat/Pictures/Test-Cases/with_mask/splicing/images/test/tp_splice1_10176_000000008547_tif.png,/home/panuwat/Pictures/Test-Cases/with_mask/splicing/annotations/test/tp_splice1_10176_000000008547_tif.png,640,419,50.0,2482,346,170,265162,91.297153,95.243369,99.80578,99.902796,82.788526,90.583942,99.807578,0.130316,,,
v1.0.5,splicing,splicing/tp_splice1_10267_000000553552_tif,/home/panuwat/Pictures/Test-Cases/with_mask/splicing/images/test/tp_splice1_10267_000000553552_tif.png,/home/panuwat/Pictures/Test-Cases/with_mask/splicing/annotations/test/tp_splice1_10267_000000553552_tif.png,640,430,50.0,1490,377,108,273225,87.632922,92.957105,99.822805,99.911324,75.443038,86.002886,99.823765,0.137791,,,
v1.0.5,splicing,splicing/tp_splice1_1028_000000424348_tif,/home/panuwat/Pictures/Test-Cases/with_mask/splicing/images/test/tp_splice1_1028_000000424348_tif.png,/home/panuwat/Pictures/Test-Cases/with_mask/splicing/annotations/test/tp_splice1_1028_000000424348_tif.png,640,512,50.0,2763,70,1076,323771,85.165167,91.323538,99.647295,99.823336,70.683039,82.823741,99.650269,0.021616,,,
v1.0.5,splicing,splicing/tp_splice1_10311_000000553908_tif,/home/panuwat/Pictures/Test-Cases/with_mask/splicing/images/test/tp_splice1_10311_000000553908_tif.png,/home/panuwat/Pictures/Test-Cases/with_mask/splicing/annotations/test/tp_splice1_10311_000000553908_tif.png,497,640,50.0,0,0,670,317410,49.894681,49.947285,99.789361,99.89457,0.0,0.0,99.789361,0.0,,,
v1.0.5,splicing,splicing/tp_splice1_10314_000000269103_tif,/home/panuwat/Pictures/Test-Cases/with_mask/splicing/images/test/tp_splice1_10314_000000269103_tif.png,/home/panuwat/Pictures/Test-Cases/with_mask/splicing/annotations/test/tp_splice1_10314_000000269103_tif.png,640,480,50.0,994,1565,0,304641,69.166102,77.848257,99.488906,99.743798,38.843298,55.952716,99.49056,0.511094,,,
v1.0.5,splicing,splicing/tp_splice1_1032_000000410356_tif,/home/panuwat/Pictures/Test-Cases/with_mask/splicing/images/test/tp_splice1_1032_000000410356_tif.png,/home/panuwat/Pictures/Test-Cases/with_mask/splicing/annotations/test/tp_splice1_1032_000000410356_tif.png,640,360,50.0,4448,1551,50,224351,86.412129,92.196242,99.291442,99.644462,73.532815,84.748023,99.305122,0.686581,,,
v1.0.5,splicing,splicing/tp_splice1_10380_000000465395_tif,/home/panuwat/Pictures/Test-Cases/with_mask/splicing/images/test/tp_splice1_10380_000000465395_tif.png,/home/panuwat/Pictures/Test-Cases/with_mask/splicing/annotations/test/tp_splice1_10380_000000465395_tif.png,640,429,50.0,314,1,396,273849,72.009195,80.59793,99.855239,99.927567,44.16315,61.268293,99.855405,0.000365,,,
v1.0.5,splicing,splicing/tp_splice1_10386_000000480983_tif,/home/panuwat/Pictures/Test-Cases/with_mask/splicing/images/test/tp_splice1_10386_000000480983_tif.png,/home/panuwat/Pictures/Test-Cases/with_mask/splicing/annotations/test/tp_splice1_10386_000000480983_tif.png,640,426,50.0,4176,1295,77,267092,87.379656,92.817199,99.488945,99.743818,75.270368,85.89058,99.496772,0.482512,,,
v1.0.5,splicing,splicing/tp_splice1_10397_000000032562_tif,/home/panuwat/Pictures/Test-Cases/with_mask/splicing/images/test/tp_splice1_10397_000000032562_tif.png,/home/panuwat/Pictures/Test-Cases/with_mask/splicing/annotations/test/tp_splice1_10397_000000032562_tif.png,640,427,50.0,6052,1331,135,265762,89.975769,94.460853,99.451405,99.724948,80.500133,89.196758,99.463554,0.498328,,,
v1.0.5,splicing,splicing/tp_splice1_10450_000000031497_tif,/home/panuwat/Pictures/Test-Cases/with_mask/splicing/images/test/tp_splice1_10450_000000031497_tif.png,/home/panuwat/Pictures/Test-Cases/with_mask/splicing/annotations/test/tp_splice1_10450_000000031497_tif.png,640,412,50.0,2753,277,62,260588,94.453151,97.067584,99.870079,99.934997,89.036223,94.200171,99.871435,0.106185,,,
v1.0.6,authentic,authentic/au_usb_000000000036_jpg,/home/panuwat/Pictures/Test-Cases/with_mask/authentic/images/test/au_usb_000000000036_jpg.png,/home/panuwat/Pictures/Test-Cases/with_mask/authentic/annotations/test/au_usb_000000000036_jpg.png,481,640,50.0,0,0,0,307840,100.0,100.0,100.0,100.0,,,100.0,0.0,,,
v1.0.6,authentic,authentic/au_usb_000000000092_jpg,/home/panuwat/Pictures/Test-Cases/with_mask/authentic/images/test/au_usb_000000000092_jpg.png,/home/panuwat/Pictures/Test-Cases/with_mask/authentic/annotations/test/au_usb_000000000092_jpg.png,640,427,50.0,0,0,0,273280,100.0,100.0,100.0,100.0,,,100.0,0.0,,,
v1.0.6,authentic,authentic/au_usb_000000000247_jpg,/home/panuwat/Pictures/Test-Cases/with_mask/authentic/images/test/au_usb_000000000247_jpg.png,/home/panuwat/Pictures/Test-Cases/with_mask/authentic/annotations/test/au_usb_000000000247_jpg.png,640,424,50.0,0,0,0,271360,100.0,100.0,100.0,100.0,,,100.0,0.0,,,
v1.0.6,authentic,authentic/au_usb_000000000263_jpg,/home/panuwat/Pictures/Test-Cases/with_mask/authentic/images/test/au_usb_000000000263_jpg.png,/home/panuwat/Pictures/Test-Cases/with_mask/authentic/annotations/test/au_usb_000000000263_jpg.png,591,640,50.0,0,0,0,378240,100.0,100.0,100.0,100.0,,,100.0,0.0,,,
v1.0.6,authentic,authentic/au_usb_000000000322_jpg,/home/panuwat/Pictures/Test-Cases/with_mask/authentic/images/test/au_usb_000000000322_jpg.png,/home/panuwat/Pictures/Test-Cases/with_mask/authentic/annotations/test/au_usb_000000000322_jpg.png,640,481,50.0,0,0,0,307840,100.0,100.0,100.0,100.0,,,100.0,0.0,,,
v1.0.6,authentic,authentic/au_usb_000000000359_jpg,/home/panuwat/Pictures/Test-Cases/with_mask/authentic/images/test/au_usb_000000000359_jpg.png,/home/panuwat/Pictures/Test-Cases/with_mask/authentic/annotations/test/au_usb_000000000359_jpg.png,500,332,50.0,0,0,0,166000,100.0,100.0,100.0,100.0,,,100.0,0.0,,,
v1.0.6,authentic,authentic/au_usb_000000000360_jpg,/home/panuwat/Pictures/Test-Cases/with_mask/authentic/images/test/au_usb_000000000360_jpg.png,/home/panuwat/Pictures/Test-Cases/with_mask/authentic/annotations/test/au_usb_000000000360_jpg.png,500,375,50.0,0,0,0,187500,100.0,100.0,100.0,100.0,,,100.0,0.0,,,
v1.0.6,authentic,authentic/au_usb_000000000488_jpg,/home/panuwat/Pictures/Test-Cases/with_mask/authentic/images/test/au_usb_000000000488_jpg.png,/home/panuwat/Pictures/Test-Cases/with_mask/authentic/annotations/test/au_usb_000000000488_jpg.png,640,406,50.0,0,0,0,259840,100.0,100.0,100.0,100.0,,,100.0,0.0,,,
v1.0.6,authentic,authentic/au_usb_000000000529_jpg,/home/panuwat/Pictures/Test-Cases/with_mask/authentic/images/test/au_usb_000000000529_jpg.png,/home/panuwat/Pictures/Test-Cases/with_mask/authentic/annotations/test/au_usb_000000000529_jpg.png,427,640,50.0,0,0,0,273280,100.0,100.0,100.0,100.0,,,100.0,0.0,,,
v1.0.6,authentic,authentic/au_usb_000000000532_jpg,/home/panuwat/Pictures/Test-Cases/with_mask/authentic/images/test/au_usb_000000000532_jpg.png,/home/panuwat/Pictures/Test-Cases/with_mask/authentic/annotations/test/au_usb_000000000532_jpg.png,640,480,50.0,0,0,0,307200,100.0,100.0,100.0,100.0,,,100.0,0.0,,,
v1.0.6,authentic,authentic/au_usb_000000000612_jpg,/home/panuwat/Pictures/Test-Cases/with_mask/authentic/images/test/au_usb_000000000612_jpg.png,/home/panuwat/Pictures/Test-Cases/with_mask/authentic/annotations/test/au_usb_000000000612_jpg.png,640,480,50.0,0,0,0,307200,100.0,100.0,100.0,100.0,,,100.0,0.0,,,
v1.0.6,authentic,authentic/au_usb_000000000650_jpg,/home/panuwat/Pictures/Test-Cases/with_mask/authentic/images/test/au_usb_000000000650_jpg.png,/home/panuwat/Pictures/Test-Cases/with_mask/authentic/annotations/test/au_usb_000000000650_jpg.png,640,427,50.0,0,0,0,273280,100.0,100.0,100.0,100.0,,,100.0,0.0,,,
v1.0.6,authentic,authentic/au_usb_000000000656_jpg,/home/panuwat/Pictures/Test-Cases/with_mask/authentic/images/test/au_usb_000000000656_jpg.png,/home/panuwat/Pictures/Test-Cases/with_mask/authentic/annotations/test/au_usb_000000000656_jpg.png,640,472,50.0,0,0,0,302080,100.0,100.0,100.0,100.0,,,100.0,0.0,,,
v1.0.6,authentic,authentic/au_usb_000000000693_jpg,/home/panuwat/Pictures/Test-Cases/with_mask/authentic/images/test/au_usb_000000000693_jpg.png,/home/panuwat/Pictures/Test-Cases/with_mask/authentic/annotations/test/au_usb_000000000693_jpg.png,640,428,50.0,0,30,0,273890,49.994524,49.997262,99.989048,99.994524,0.0,0.0,99.989048,0.010952,,,
v1.0.6,authentic,authentic/au_usb_000000000801_jpg,/home/panuwat/Pictures/Test-Cases/with_mask/authentic/images/test/au_usb_000000000801_jpg.png,/home/panuwat/Pictures/Test-Cases/with_mask/authentic/annotations/test/au_usb_000000000801_jpg.png,640,360,50.0,0,467,0,229933,49.898655,49.949276,99.797309,99.898552,0.0,0.0,99.797309,0.202691,,,
v1.0.6,casia,casia/tp_casia_Tp_D_CNN_M_N_txt00054_txt00050_10375_tif,/home/panuwat/Pictures/Test-Cases/with_mask/casia/images/test/tp_casia_Tp_D_CNN_M_N_txt00054_txt00050_10375_tif.png,/home/panuwat/Pictures/Test-Cases/with_mask/casia/annotations/test/tp_casia_Tp_D_CNN_M_N_txt00054_txt00050_10375_tif.png,384,256,50.0,48113,12492,5261,32438,68.837954,81.469565,64.629117,78.514807,73.046792,84.424324,81.940715,27.803249,,,
v1.0.6,casia,casia/tp_casia_Tp_D_CNN_S_B_txt00055_txt00047_11328_jpg,/home/panuwat/Pictures/Test-Cases/with_mask/casia/images/test/tp_casia_Tp_D_CNN_S_B_txt00055_txt00047_11328_jpg.png,/home/panuwat/Pictures/Test-Cases/with_mask/casia/annotations/test/tp_casia_Tp_D_CNN_S_B_txt00055_txt00047_11328_jpg.png,384,256,50.0,8616,4792,3587,81309,70.677438,81.191752,90.657613,95.099914,50.697264,67.283589,91.47644,5.565557,,,
v1.0.6,casia,casia/tp_casia_Tp_D_CNN_S_N_art00001_ani00074_10442_tif,/home/panuwat/Pictures/Test-Cases/with_mask/casia/images/test/tp_casia_Tp_D_CNN_S_N_art00001_ani00074_10442_tif.png,/home/panuwat/Pictures/Test-Cases/with_mask/casia/annotations/test/tp_casia_Tp_D_CNN_S_N_art00001_ani00074_10442_tif.png,384,256,50.0,53386,3336,1942,39640,89.62635,94.523867,88.249699,93.758131,91.003,95.289603,94.630941,7.762472,,,
v1.0.6,casia,casia/tp_casia_Tp_D_CNN_S_N_art00011_art00014_11841_jpg,/home/panuwat/Pictures/Test-Cases/with_mask/casia/images/test/tp_casia_Tp_D_CNN_S_N_art00011_art00014_11841_jpg.png,/home/panuwat/Pictures/Test-Cases/with_mask/casia/annotations/test/tp_casia_Tp_D_CNN_S_N_art00011_art00014_11841_jpg.png,384,256,50.0,21917,1630,908,73849,93.1496,96.418764,96.677445,98.310658,89.621754,94.52687,97.418213,2.159541,,,
v1.0.6,casia,casia/tp_casia_Tp_D_CNN_S_N_cha00044_cha00043_00364_tif,/home/panuwat/Pictures/Test-Cases/with_mask/casia/images/test/tp_casia_Tp_D_CNN_S_N_cha00044_cha00043_00364_tif.png,/home/panuwat/Pictures/Test-Cases/with_mask/casia/annotations/test/tp_casia_Tp_D_CNN_S_N_cha00044_cha00043_00364_tif.png,384,256,50.0,20956,4412,2178,70758,83.778223,90.981708,91.480064,95.550484,76.076381,86.412931,93.296305,5.869363,,,
v1.0.6,casia,casia/tp_casia_Tp_D_CNN_S_N_cha10122_nat10124_12167_jpg,/home/panuwat/Pictures/Test-Cases/with_mask/casia/images/test/tp_casia_Tp_D_CNN_S_N_cha10122_nat10124_12167_jpg.png,/home/panuwat/Pictures/Test-Cases/with_mask/casia/annotations/test/tp_casia_Tp_D_CNN_S_N_cha10122_nat10124_12167_jpg.png,518,800,50.0,178662,10743,14452,210543,88.476567,93.883926,89.312287,94.354454,87.640846,93.413399,93.920125,4.854803,,,
v1.0.6,casia,casia/tp_casia_Tp_D_CNN_S_N_cha10122_nat10139_12166_jpg,/home/panuwat/Pictures/Test-Cases/with_mask/casia/images/test/tp_casia_Tp_D_CNN_S_N_cha10122_nat10139_12166_jpg.png,/home/panuwat/Pictures/Test-Cases/with_mask/casia/annotations/test/tp_casia_Tp_D_CNN_S_N_cha10122_nat10139_12166_jpg.png,518,800,50.0,195393,10667,12833,195507,89.266955,94.32915,89.269749,94.33071,89.264161,94.32759,94.329151,5.173785,,,
v1.0.6,casia,casia/tp_casia_Tp_D_CNN_S_N_txt00051_txt00051_10376_tif,/home/panuwat/Pictures/Test-Cases/with_mask/casia/images/test/tp_casia_Tp_D_CNN_S_N_txt00051_txt00051_10376_tif.png,/home/panuwat/Pictures/Test-Cases/with_mask/casia/annotations/test/tp_casia_Tp_D_CNN_S_N_txt00051_txt00051_10376_tif.png,384,256,50.0,38573,11970,6107,41654,68.913005,81.593044,69.735983,82.169946,68.090026,81.016141,81.611125,22.322095,,,
v1.0.6,casia,casia/tp_casia_Tp_D_CRD_M_N_nat00048_nat00049_11067_jpg,/home/panuwat/Pictures/Test-Cases/with_mask/casia/images/test/tp_casia_Tp_D_CRD_M_N_nat00048_nat00049_11067_jpg.png,/home/panuwat/Pictures/Test-Cases/with_mask/casia/annotations/test/tp_casia_Tp_D_CRD_M_N_nat00048_nat00049_11067_jpg.png,384,256,50.0,43667,1163,1044,52430,95.574804,97.736941,95.960613,97.938674,95.188996,97.535207,97.754924,2.17006,,,
v1.0.6,casia,casia/tp_casia_Tp_D_CRD_S_N_ind00029_ind00088_00444_tif,/home/panuwat/Pictures/Test-Cases/with_mask/casia/images/test/tp_casia_Tp_D_CRD_S_N_ind00029_ind00088_00444_tif.png,/home/panuwat/Pictures/Test-Cases/with_mask/casia/annotations/test/tp_casia_Tp_D_CRD_S_N_ind00029_ind00088_00444_tif.png,384,256,50.0,3436,2486,389,91993,75.707047,84.482584,96.969473,98.461423,54.444621,70.503745,97.075399,2.631273,,,
v1.0.6,casia,casia/tp_casia_Tp_D_CRN_M_N_ani10112_ani00100_11648_jpg,/home/panuwat/Pictures/Test-Cases/with_mask/casia/images/test/tp_casia_Tp_D_CRN_M_N_ani10112_ani00100_11648_jpg.png,/home/panuwat/Pictures/Test-Cases/with_mask/casia/annotations/test/tp_casia_Tp_D_CRN_M_N_ani10112_ani00100_11648_jpg.png,384,256,50.0,0,0,62131,36173,18.398539,26.899024,36.797078,53.798047,0.0,0.0,36.797078,0.0,,,
v1.0.6,casia,casia/tp_casia_Tp_D_CRN_M_N_ani10117_ani00100_11642_jpg,/home/panuwat/Pictures/Test-Cases/with_mask/casia/images/test/tp_casia_Tp_D_CRN_M_N_ani10117_ani00100_11642_jpg.png,/home/panuwat/Pictures/Test-Cases/with_mask/casia/annotations/test/tp_casia_Tp_D_CRN_M_N_ani10117_ani00100_11642_jpg.png,384,256,50.0,39083,3373,2773,53075,88.016649,93.618687,89.621925,94.526964,86.411373,92.710409,93.747965,5.975411,,,
v1.0.6,casia,casia/tp_casia_Tp_D_CRN_M_N_arc00008_nat10122_11773_jpg,/home/panuwat/Pictures/Test-Cases/with_mask/casia/images/test/tp_casia_Tp_D_CRN_M_N_arc00008_nat10122_11773_jpg.png,/home/panuwat/Pictures/Test-Cases/with_mask/casia/annotations/test/tp_casia_Tp_D_CRN_M_N_arc00008_nat10122_11773_jpg.png,384,256,50.0,40542,4392,2382,50988,86.978028,93.030433,88.272567,93.771034,85.68349,92.289831,93.109131,7.930661,,,
v1.0.6,casia,casia/tp_casia_Tp_D_CRN_M_N_cha10108_cha00027_11666_jpg,/home/panuwat/Pictures/Test-Cases/with_mask/casia/images/test/tp_casia_Tp_D_CRN_M_N_cha10108_cha00027_11666_jpg.png,/home/panuwat/Pictures/Test-Cases/with_mask/casia/annotations/test/tp_casia_Tp_D_CRN_M_N_cha10108_cha00027_11666_jpg.png,384,256,50.0,0,0,39698,58606,29.808553,37.350073,59.617106,74.700147,0.0,0.0,59.617106,0.0,,,
v1.0.6,casia,casia/tp_casia_Tp_D_CRN_M_N_cha10108_cha00040_11665_jpg,/home/panuwat/Pictures/Test-Cases/with_mask/casia/images/test/tp_casia_Tp_D_CRN_M_N_cha10108_cha00040_11665_jpg.png,/home/panuwat/Pictures/Test-Cases/with_mask/casia/annotations/test/tp_casia_Tp_D_CRN_M_N_cha10108_cha00040_11665_jpg.png,384,256,50.0,0,0,38202,60102,30.569458,37.941745,61.138916,75.883489,0.0,0.0,61.138916,0.0,,,
v1.0.6,copymove,copymove/tp_copymove_0_000000001596_tif,/home/panuwat/Pictures/Test-Cases/with_mask/copymove/images/test/tp_copymove_0_000000001596_tif.png,/home/panuwat/Pictures/Test-Cases/with_mask/copymove/annotations/test/tp_copymove_0_000000001596_tif.png,500,419,50.0,819,443,187,208051,78.109921,86.035523,99.698104,99.848824,56.521739,72.222222,99.699284,0.212476,,,
v1.0.6,copymove,copymove/tp_copymove_0_000000001697_tif,/home/panuwat/Pictures/Test-Cases/with_mask/copymove/images/test/tp_copymove_0_000000001697_tif.png,/home/panuwat/Pictures/Test-Cases/with_mask/copymove/annotations/test/tp_copymove_0_000000001697_tif.png,500,375,50.0,2670,2723,179,181928,73.174035,81.999421,98.429909,99.208743,47.918162,64.790099,98.452267,1.474674,,,
v1.0.6,copymove,copymove/tp_copymove_0_000000003693_tif,/home/panuwat/Pictures/Test-Cases/with_mask/copymove/images/test/tp_copymove_0_000000003693_tif.png,/home/panuwat/Pictures/Test-Cases/with_mask/copymove/annotations/test/tp_copymove_0_000000003693_tif.png,640,428,50.0,0,0,527,273393,49.903804,49.951856,99.807608,99.903711,0.0,0.0,99.807608,0.0,,,
v1.0.6,copymove,copymove/tp_copymove_0_000000004051_tif,/home/panuwat/Pictures/Test-Cases/with_mask/copymove/images/test/tp_copymove_0_000000004051_tif.png,/home/panuwat/Pictures/Test-Cases/with_mask/copymove/annotations/test/tp_copymove_0_000000004051_tif.png,480,640,50.0,0,0,777,306423,49.873535,49.936688,99.74707,99.873375,0.0,0.0,99.74707,0.0,,,
v1.0.6,copymove,copymove/tp_copymove_0_000000006363_tif,/home/panuwat/Pictures/Test-Cases/with_mask/copymove/images/test/tp_copymove_0_000000006363_tif.png,/home/panuwat/Pictures/Test-Cases/with_mask/copymove/annotations/test/tp_copymove_0_000000006363_tif.png,640,480,50.0,9614,705,474,296407,94.340033,97.012042,99.603812,99.801513,89.076253,94.222571,99.616211,0.237284,,,
v1.0.6,copymove,copymove/tp_copymove_0_000000006432_tif,/home/panuwat/Pictures/Test-Cases/with_mask/copymove/images/test/tp_copymove_0_000000006432_tif.png,/home/panuwat/Pictures/Test-Cases/with_mask/copymove/annotations/test/tp_copymove_0_000000006432_tif.png,491,640,50.0,0,0,9344,304896,48.513238,49.2454,97.026477,98.4908,0.0,0.0,97.026477,0.0,,,
v1.0.6,copymove,copymove/tp_copymove_0_000000008119_tif,/home/panuwat/Pictures/Test-Cases/with_mask/copymove/images/test/tp_copymove_0_000000008119_tif.png,/home/panuwat/Pictures/Test-Cases/with_mask/copymove/annotations/test/tp_copymove_0_000000008119_tif.png,640,480,50.0,207,299,121,306573,66.438772,74.785918,99.863189,99.931548,33.014354,49.640288,99.863281,0.097435,,,
v1.0.6,copymove,copymove/tp_copymove_0_000000009170_tif,/home/panuwat/Pictures/Test-Cases/with_mask/copymove/images/test/tp_copymove_0_000000009170_tif.png,/home/panuwat/Pictures/Test-Cases/with_mask/copymove/annotations/test/tp_copymove_0_000000009170_tif.png,640,383,50.0,21077,1278,679,222086,95.315185,97.562401,99.126507,99.561338,91.503864,95.563465,99.201616,0.57216,,,
v1.0.6,copymove,copymove/tp_copymove_0_000000009960_tif,/home/panuwat/Pictures/Test-Cases/with_mask/copymove/images/test/tp_copymove_0_000000009960_tif.png,/home/panuwat/Pictures/Test-Cases/with_mask/copymove/annotations/test/tp_copymove_0_000000009960_tif.png,640,427,50.0,168,54,226,272832,68.698739,77.247084,99.897478,99.948713,37.5,54.545455,99.897541,0.019788,,,
v1.0.6,copymove,copymove/tp_copymove_0_000000011075_tif,/home/panuwat/Pictures/Test-Cases/with_mask/copymove/images/test/tp_copymove_0_000000011075_tif.png,/home/panuwat/Pictures/Test-Cases/with_mask/copymove/annotations/test/tp_copymove_0_000000011075_tif.png,640,480,50.0,16904,274,14790,275232,73.844346,83.25646,94.810814,97.336295,52.877878,69.176625,95.096354,0.099453,,,
v1.0.6,copymove,copymove/tp_copymove_0_000000011701_tif,/home/panuwat/Pictures/Test-Cases/with_mask/copymove/images/test/tp_copymove_0_000000011701_tif.png,/home/panuwat/Pictures/Test-Cases/with_mask/copymove/annotations/test/tp_copymove_0_000000011701_tif.png,612,612,50.0,19305,1457,25609,328173,67.006264,77.414088,92.380904,96.039578,41.631623,58.788599,92.773613,0.442011,,,
v1.0.6,copymove,copymove/tp_copymove_0_000000012711_tif,/home/panuwat/Pictures/Test-Cases/with_mask/copymove/images/test/tp_copymove_0_000000012711_tif.png,/home/panuwat/Pictures/Test-Cases/with_mask/copymove/annotations/test/tp_copymove_0_000000012711_tif.png,640,480,50.0,2373,131,128,304568,95.037304,97.391337,99.915034,99.957499,90.159574,94.825175,99.91569,0.042993,,,
v1.0.6,copymove,copymove/tp_copymove_0_000000012881_tif,/home/panuwat/Pictures/Test-Cases/with_mask/copymove/images/test/tp_copymove_0_000000012881_tif.png,/home/panuwat/Pictures/Test-Cases/with_mask/copymove/annotations/test/tp_copymove_0_000000012881_tif.png,640,428,50.0,7223,459,196,266042,95.720055,97.769795,99.754403,99.87705,91.685707,95.662539,99.760879,0.172232,,,
v1.0.6,copymove,copymove/tp_copymove_0_000000012953_tif,/home/panuwat/Pictures/Test-Cases/with_mask/copymove/images/test/tp_copymove_0_000000012953_tif.png,/home/panuwat/Pictures/Test-Cases/with_mask/copymove/annotations/test/tp_copymove_0_000000012953_tif.png,640,433,50.0,0,0,12906,264214,47.671406,48.807945,95.342812,97.61589,0.0,0.0,95.342812,0.0,,,
v1.0.6,copymove,copymove/tp_copymove_0_000000013202_tif,/home/panuwat/Pictures/Test-Cases/with_mask/copymove/images/test/tp_copymove_0_000000013202_tif.png,/home/panuwat/Pictures/Test-Cases/with_mask/copymove/annotations/test/tp_copymove_0_000000013202_tif.png,427,640,50.0,0,0,9363,263917,48.286922,49.128532,96.573844,98.257064,0.0,0.0,96.573844,0.0,,,
v1.0.6,face,face/tp_face_morphing_0.jpg_IN_100.jpg_tif,/home/panuwat/Pictures/Test-Cases/with_mask/face/images/test/tp_face_morphing_0.jpg_IN_100.jpg_tif.png,/home/panuwat/Pictures/Test-Cases/with_mask/face/annotations/test/tp_face_morphing_0.jpg_IN_100.jpg_tif.png,500,652,50.0,64165,605,975,260255,98.496671,99.240572,99.396567,99.69737,97.596775,98.783773,99.515337,0.231925,,,
v1.0.6,face,face/tp_face_morphing_0.jpg_IN_110.jpg_tif,/home/panuwat/Pictures/Test-Cases/with_mask/face/images/test/tp_face_morphing_0.jpg_IN_110.jpg_tif.png,/home/panuwat/Pictures/Test-Cases/with_mask/face/annotations/test/tp_face_morphing_0.jpg_IN_110.jpg_tif.png,500,652,50.0,66507,1333,253,257907,98.52982,99.257581,99.388808,99.693467,97.670833,98.821694,99.513497,0.514195,,,
v1.0.6,face,face/tp_face_morphing_0.jpg_IN_112.jpg_tif,/home/panuwat/Pictures/Test-Cases/with_mask/face/images/test/tp_face_morphing_0.jpg_IN_112.jpg_tif.png,/home/panuwat/Pictures/Test-Cases/with_mask/face/annotations/test/tp_face_morphing_0.jpg_IN_112.jpg_tif.png,500,652,50.0,69123,727,367,255783,99.008044,99.500737,99.574115,99.786603,98.441973,99.21487,99.664417,0.28342,,,
v1.0.6,face,face/tp_face_morphing_0.jpg_IN_127.jpg_tif,/home/panuwat/Pictures/Test-Cases/with_mask/face/images/test/tp_face_morphing_0.jpg_IN_127.jpg_tif.png,/home/panuwat/Pictures/Test-Cases/with_mask/face/annotations/test/tp_face_morphing_0.jpg_IN_127.jpg_tif.png,500,652,50.0,62380,848,388,262384,98.794118,99.392019,99.531143,99.765021,98.057093,99.019016,99.620859,0.322149,,,
v1.0.6,face,face/tp_face_morphing_0.jpg_IN_131.jpg_tif,/home/panuwat/Pictures/Test-Cases/with_mask/face/images/test/tp_face_morphing_0.jpg_IN_131.jpg_tif.png,/home/panuwat/Pictures/Test-Cases/with_mask/face/annotations/test/tp_face_morphing_0.jpg_IN_131.jpg_tif.png,500,652,50.0,88629,1669,802,234900,98.123305,99.050968,98.959014,99.476783,97.287596,98.625152,99.242025,0.705502,,,
v1.0.6,face,face/tp_face_morphing_0.jpg_IN_132.jpg_tif,/home/panuwat/Pictures/Test-Cases/with_mask/face/images/test/tp_face_morphing_0.jpg_IN_132.jpg_tif.png,/home/panuwat/Pictures/Test-Cases/with_mask/face/annotations/test/tp_face_morphing_0.jpg_IN_132.jpg_tif.png,500,652,50.0,86499,1638,474,237389,98.367358,99.175516,99.118167,99.557131,97.616549,98.793901,99.352147,0.685278,,,
v1.0.6,face,face/tp_face_morphing_0.jpg_IN_170.jpg_tif,/home/panuwat/Pictures/Test-Cases/with_mask/face/images/test/tp_face_morphing_0.jpg_IN_170.jpg_tif.png,/home/panuwat/Pictures/Test-Cases/with_mask/face/annotations/test/tp_face_morphing_0.jpg_IN_170.jpg_tif.png,500,652,50.0,70664,1294,275,253767,98.606689,99.296909,99.385516,99.691811,97.827863,98.902006,99.518712,0.50733,,,
v1.0.6,face,face/tp_face_morphing_0.jpg_IN_171.jpg_tif,/home/panuwat/Pictures/Test-Cases/with_mask/face/images/test/tp_face_morphing_0.jpg_IN_171.jpg_tif.png,/home/panuwat/Pictures/Test-Cases/with_mask/face/annotations/test/tp_face_morphing_0.jpg_IN_171.jpg_tif.png,500,652,50.0,60776,651,608,263965,98.747904,99.368468,99.525307,99.762089,97.970501,98.974848,99.613804,0.246017,,,
v1.0.6,face,face/tp_face_morphing_0.jpg_IN_177.jpg_tif,/home/panuwat/Pictures/Test-Cases/with_mask/face/images/test/tp_face_morphing_0.jpg_IN_177.jpg_tif.png,/home/panuwat/Pictures/Test-Cases/with_mask/face/annotations/test/tp_face_morphing_0.jpg_IN_177.jpg_tif.png,500,652,50.0,73128,777,326,251769,99.038954,99.516458,99.563811,99.781429,98.514098,99.251488,99.661656,0.307667,,,
v1.0.6,face,face/tp_face_morphing_0.jpg_IN_190.jpg_tif,/home/panuwat/Pictures/Test-Cases/with_mask/face/images/test/tp_face_morphing_0.jpg_IN_190.jpg_tif.png,/home/panuwat/Pictures/Test-Cases/with_mask/face/annotations/test/tp_face_morphing_0.jpg_IN_190.jpg_tif.png,500,652,50.0,66281,1902,392,257425,97.885748,98.927668,99.116738,99.55641,96.654758,98.298926,99.296319,0.733437,,,
v1.0.6,face,face/tp_face_morphing_0.jpg_IN_192.jpg_tif,/home/panuwat/Pictures/Test-Cases/with_mask/face/images/test/tp_face_morphing_0.jpg_IN_192.jpg_tif.png,/home/panuwat/Pictures/Test-Cases/with_mask/face/annotations/test/tp_face_morphing_0.jpg_IN_192.jpg_tif.png,500,652,50.0,67707,862,576,256855,98.68179,99.335043,99.443268,99.720857,97.920312,98.94923,99.558896,0.334475,,,
v1.0.6,face,face/tp_face_morphing_0.jpg_IN_199.jpg_tif,/home/panuwat/Pictures/Test-Cases/with_mask/face/images/test/tp_face_morphing_0.jpg_IN_199.jpg_tif.png,/home/panuwat/Pictures/Test-Cases/with_mask/face/annotations/test/tp_face_morphing_0.jpg_IN_199.jpg_tif.png,500,652,50.0,69658,995,331,255016,98.807348,99.398936,99.482722,99.74069,98.131973,99.057181,99.593252,0.388655,,,
v1.0.6,face,face/tp_face_morphing_0.jpg_IN_31.jpg_tif,/home/panuwat/Pictures/Test-Cases/with_mask/face/images/test/tp_face_morphing_0.jpg_IN_31.jpg_tif.png,/home/panuwat/Pictures/Test-Cases/with_mask/face/annotations/test/tp_face_morphing_0.jpg_IN_31.jpg_tif.png,500,652,50.0,66235,664,551,258550,98.865468,99.428367,99.53227,99.765587,98.198666,99.091147,99.627301,0.256159,,,
v1.0.6,face,face/tp_face_morphing_0.jpg_IN_37.jpg_tif,/home/panuwat/Pictures/Test-Cases/with_mask/face/images/test/tp_face_morphing_0.jpg_IN_37.jpg_tif.png,/home/panuwat/Pictures/Test-Cases/with_mask/face/annotations/test/tp_face_morphing_0.jpg_IN_37.jpg_tif.png,500,652,50.0,71906,1034,436,252624,98.709047,99.349036,99.421474,99.709898,97.99662,98.988175,99.54908,0.407635,,,
v1.0.6,face,face/tp_face_morphing_0.jpg_IN_49.jpg_tif,/home/panuwat/Pictures/Test-Cases/with_mask/face/images/test/tp_face_morphing_0.jpg_IN_49.jpg_tif.png,/home/panuwat/Pictures/Test-Cases/with_mask/face/annotations/test/tp_face_morphing_0.jpg_IN_49.jpg_tif.png,500,652,50.0,67707,1707,167,256419,98.290602,99.13545,99.274467,99.635913,97.306736,98.634986,99.425153,0.661305,,,
v1.0.6,imd2020,imd2020/tp_imd2020_00064_fake_jpg,/home/panuwat/Pictures/Test-Cases/with_mask/imd2020/images/test/tp_imd2020_00064_fake_jpg.png,/home/panuwat/Pictures/Test-Cases/with_mask/imd2020/annotations/test/tp_imd2020_00064_fake_jpg.png,699,451,50.0,0,0,101044,214205,33.973938,40.457717,67.947876,80.915434,0.0,0.0,67.947876,0.0,,,
v1.0.6,imd2020,imd2020/tp_imd2020_00097_fake_jpg,/home/panuwat/Pictures/Test-Cases/with_mask/imd2020/images/test/tp_imd2020_00097_fake_jpg.png,/home/panuwat/Pictures/Test-Cases/with_mask/imd2020/annotations/test/tp_imd2020_00097_fake_jpg.png,383,274,50.0,1538,63319,689,39396,20.222775,29.880883,38.099106,55.176471,2.346444,4.585296,39.006308,61.645329,,,
v1.0.6,imd2020,imd2020/tp_imd2020_c8u0rrz_0_jpg,/home/panuwat/Pictures/Test-Cases/with_mask/imd2020/images/test/tp_imd2020_c8u0rrz_0_jpg.png,/home/panuwat/Pictures/Test-Cases/with_mask/imd2020/annotations/test/tp_imd2020_c8u0rrz_0_jpg.png,620,464,50.0,8069,116,24954,254541,57.691463,67.234439,91.033972,95.306579,24.348954,39.162299,91.285456,0.045551,,,
v1.0.6,imd2020,imd2020/tp_imd2020_c8u4gpd_0_jpg,/home/panuwat/Pictures/Test-Cases/with_mask/imd2020/images/test/tp_imd2020_c8u4gpd_0_jpg.png,/home/panuwat/Pictures/Test-Cases/with_mask/imd2020/annotations/test/tp_imd2020_c8u4gpd_0_jpg.png,501,409,50.0,0,0,130809,74100,18.081197,26.558283,36.162394,53.116566,0.0,0.0,36.162394,0.0,,,
v1.0.6,imd2020,imd2020/tp_imd2020_c8vgphr_0_jpg,/home/panuwat/Pictures/Test-Cases/with_mask/imd2020/images/test/tp_imd2020_c8vgphr_0_jpg.png,/home/panuwat/Pictures/Test-Cases/with_mask/imd2020/annotations/test/tp_imd2020_c8vgphr_0_jpg.png,375,500,50.0,0,0,9457,178043,47.478133,48.706445,94.956267,97.41289,0.0,0.0,94.956267,0.0,,,
v1.0.6,imd2020,imd2020/tp_imd2020_c8vkf28_0_jpg,/home/panuwat/Pictures/Test-Cases/with_mask/imd2020/images/test/tp_imd2020_c8vkf28_0_jpg.png,/home/panuwat/Pictures/Test-Cases/with_mask/imd2020/annotations/test/tp_imd2020_c8vkf28_0_jpg.png,1200,750,50.0,14668,754,11721,872857,76.31532,84.726909,98.590924,99.290463,54.039716,70.163354,98.613889,0.086308,,,
v1.0.6,imd2020,imd2020/tp_imd2020_c8vpmfd_0_jpg,/home/panuwat/Pictures/Test-Cases/with_mask/imd2020/images/test/tp_imd2020_c8vpmfd_0_jpg.png,/home/panuwat/Pictures/Test-Cases/with_mask/imd2020/annotations/test/tp_imd2020_c8vpmfd_0_jpg.png,1920,1200,50.0,40405,24390,3044,2236161,79.174085,87.022865,98.788034,99.390322,59.560135,74.655408,98.809288,1.07894,,,
v1.0.6,imd2020,imd2020/tp_imd2020_c8vqeqw_0_jpg,/home/panuwat/Pictures/Test-Cases/with_mask/imd2020/images/test/tp_imd2020_c8vqeqw_0_jpg.png,/home/panuwat/Pictures/Test-Cases/with_mask/imd2020/annotations/test/tp_imd2020_c8vqeqw_0_jpg.png,1920,1200,50.0,29820,21269,1170,2251741,78.037628,86.082958,99.013315,99.504211,57.061941,72.661704,99.026085,0.93572,,,
v1.0.6,imd2020,imd2020/tp_imd2020_c8w0r2r_0_jpg,/home/panuwat/Pictures/Test-Cases/with_mask/imd2020/images/test/tp_imd2020_c8w0r2r_0_jpg.png,/home/panuwat/Pictures/Test-Cases/with_mask/imd2020/annotations/test/tp_imd2020_c8w0r2r_0_jpg.png,1120,629,50.0,65910,14340,67388,556842,65.922191,77.445852,87.201403,93.163194,44.642978,61.728511,88.398819,2.510583,,,
v1.0.6,imd2020,imd2020/tp_imd2020_c8wvegs_0_jpg,/home/panuwat/Pictures/Test-Cases/with_mask/imd2020/images/test/tp_imd2020_c8wvegs_0_jpg.png,/home/panuwat/Pictures/Test-Cases/with_mask/imd2020/annotations/test/tp_imd2020_c8wvegs_0_jpg.png,953,953,50.0,0,6,3977,904226,49.780722,49.89012,99.561445,99.78024,0.0,0.0,99.561445,0.000664,,,
v1.0.6,imd2020,imd2020/tp_imd2020_c8xhzdr_0_jpg,/home/panuwat/Pictures/Test-Cases/with_mask/imd2020/images/test/tp_imd2020_c8xhzdr_0_jpg.png,/home/panuwat/Pictures/Test-Cases/with_mask/imd2020/annotations/test/tp_imd2020_c8xhzdr_0_jpg.png,650,366,50.0,4374,631,567,232328,88.993318,93.848897,99.486995,99.742838,78.499641,87.954957,99.496427,0.270863,,,
v1.0.6,imd2020,imd2020/tp_imd2020_c8xtrds_0_jpg,/home/panuwat/Pictures/Test-Cases/with_mask/imd2020/images/test/tp_imd2020_c8xtrds_0_jpg.png,/home/panuwat/Pictures/Test-Cases/with_mask/imd2020/annotations/test/tp_imd2020_c8xtrds_0_jpg.png,444,644,50.0,13272,2632,167,269865,90.778499,94.97259,98.973462,99.484083,82.583536,90.461098,99.02111,0.965882,,,
v1.0.6,imd2020,imd2020/tp_imd2020_c8yjv4u_0_jpg,/home/panuwat/Pictures/Test-Cases/with_mask/imd2020/images/test/tp_imd2020_c8yjv4u_0_jpg.png,/home/panuwat/Pictures/Test-Cases/with_mask/imd2020/annotations/test/tp_imd2020_c8yjv4u_0_jpg.png,549,732,50.0,13709,6054,315,381790,83.318945,90.161178,98.359178,99.172802,68.278713,81.149555,98.415151,1.560937,,,
v1.0.6,imd2020,imd2020/tp_imd2020_c8ynnae_0_jpg,/home/panuwat/Pictures/Test-Cases/with_mask/imd2020/images/test/tp_imd2020_c8ynnae_0_jpg.png,/home/panuwat/Pictures/Test-Cases/with_mask/imd2020/annotations/test/tp_imd2020_c8ynnae_0_jpg.png,453,604,50.0,5196,1685,0,266731,87.442262,92.866496,99.372243,99.685133,75.51228,86.04786,99.384164,0.627757,,,
v1.0.6,imd2020,imd2020/tp_imd2020_c8zefoe_0_jpg,/home/panuwat/Pictures/Test-Cases/with_mask/imd2020/images/test/tp_imd2020_c8zefoe_0_jpg.png,/home/panuwat/Pictures/Test-Cases/with_mask/imd2020/annotations/test/tp_imd2020_c8zefoe_0_jpg.png,1200,704,50.0,358,8194,43438,792810,47.28713,49.107096,93.885667,96.846423,0.688594,1.36777,93.888258,1.022966,,,
v1.0.6,inpainting,inpainting/tp_inpaint_0_000000000943_tif,/home/panuwat/Pictures/Test-Cases/with_mask/inpainting/images/test/tp_inpaint_0_000000000943_tif.png,/home/panuwat/Pictures/Test-Cases/with_mask/inpainting/annotations/test/tp_inpaint_0_000000000943_tif.png,640,360,50.0,3,0,15769,214628,46.587374,48.247319,93.155727,96.456604,0.019021,0.038035,93.155816,0.0,,,
v1.0.6,inpainting,inpainting/tp_inpaint_0_000000001596_tif,/home/panuwat/Pictures/Test-Cases/with_mask/inpainting/images/test/tp_inpaint_0_000000001596_tif.png,/home/panuwat/Pictures/Test-Cases/with_mask/inpainting/annotations/test/tp_inpaint_0_000000001596_tif.png,500,419,50.0,0,0,1124,208376,49.731742,49.86551,99.463484,99.731021,0.0,0.0,99.463484,0.0,,,
v1.0.6,inpainting,inpainting/tp_inpaint_0_000000002614_tif,/home/panuwat/Pictures/Test-Cases/with_mask/inpainting/images/test/tp_inpaint_0_000000002614_tif.png,/home/panuwat/Pictures/Test-Cases/with_mask/inpainting/annotations/test/tp_inpaint_0_000000002614_tif.png,640,427,50.0,9229,5056,1005,257990,79.032161,87.059687,97.70461,98.83898,60.359712,75.280395,97.782128,1.922097,,,
v1.0.6,inpainting,inpainting/tp_inpaint_0_000000003488_tif,/home/panuwat/Pictures/Test-Cases/with_mask/inpainting/images/test/tp_inpaint_0_000000003488_tif.png,/home/panuwat/Pictures/Test-Cases/with_mask/inpainting/annotations/test/tp_inpaint_0_000000003488_tif.png,500,333,50.0,1110,197,32,165161,91.379612,95.289983,99.861539,99.930722,82.897685,90.649245,99.862462,0.119135,,,
v1.0.6,inpainting,inpainting/tp_inpaint_0_000000005210_tif,/home/panuwat/Pictures/Test-Cases/with_mask/inpainting/images/test/tp_inpaint_0_000000005210_tif.png,/home/panuwat/Pictures/Test-Cases/with_mask/inpainting/annotations/test/tp_inpaint_0_000000005210_tif.png,640,426,50.0,0,3,274,272363,49.9492,49.974587,99.898401,99.949175,0.0,0.0,99.898401,0.001101,,,
v1.0.6,inpainting,inpainting/tp_inpaint_0_000000005699_tif,/home/panuwat/Pictures/Test-Cases/with_mask/inpainting/images/test/tp_inpaint_0_000000005699_tif.png,/home/panuwat/Pictures/Test-Cases/with_mask/inpainting/annotations/test/tp_inpaint_0_000000005699_tif.png,600,400,50.0,0,0,480,239520,49.9,49.94995,99.8,99.8999,0.0,0.0,99.8,0.0,,,
v1.0.6,inpainting,inpainting/tp_inpaint_0_000000008119_tif,/home/panuwat/Pictures/Test-Cases/with_mask/inpainting/images/test/tp_inpaint_0_000000008119_tif.png,/home/panuwat/Pictures/Test-Cases/with_mask/inpainting/annotations/test/tp_inpaint_0_000000008119_tif.png,640,480,50.0,0,0,320,306880,49.947917,49.973945,99.895833,99.94789,0.0,0.0,99.895833,0.0,,,
v1.0.6,inpainting,inpainting/tp_inpaint_0_000000009960_tif,/home/panuwat/Pictures/Test-Cases/with_mask/inpainting/images/test/tp_inpaint_0_000000009960_tif.png,/home/panuwat/Pictures/Test-Cases/with_mask/inpainting/annotations/test/tp_inpaint_0_000000009960_tif.png,640,427,50.0,0,0,454,272826,49.916935,49.958433,99.83387,99.916866,0.0,0.0,99.83387,0.0,,,
v1.0.6,inpainting,inpainting/tp_inpaint_0_000000010779_tif,/home/panuwat/Pictures/Test-Cases/with_mask/inpainting/images/test/tp_inpaint_0_000000010779_tif.png,/home/panuwat/Pictures/Test-Cases/with_mask/inpainting/annotations/test/tp_inpaint_0_000000010779_tif.png,532,640,50.0,15273,178,3848,321181,88.950417,93.865946,98.762019,99.377154,79.138815,88.354738,98.817552,0.05539,,,
v1.0.6,inpainting,inpainting/tp_inpaint_0_000000011075_tif,/home/panuwat/Pictures/Test-Cases/with_mask/inpainting/images/test/tp_inpaint_0_000000011075_tif.png,/home/panuwat/Pictures/Test-Cases/with_mask/inpainting/annotations/test/tp_inpaint_0_000000011075_tif.png,640,480,50.0,88932,2676,1578,214014,96.742978,98.340036,98.05102,99.01592,95.434937,97.664152,98.615234,1.234944,,,
v1.0.6,inpainting,inpainting/tp_inpaint_0_000000011831_tif,/home/panuwat/Pictures/Test-Cases/with_mask/inpainting/images/test/tp_inpaint_0_000000011831_tif.png,/home/panuwat/Pictures/Test-Cases/with_mask/inpainting/annotations/test/tp_inpaint_0_000000011831_tif.png,640,427,50.0,0,0,2658,270622,49.513686,49.755655,99.027371,99.511309,0.0,0.0,99.027371,0.0,,,
v1.0.6,inpainting,inpainting/tp_inpaint_0_000000012927_tif,/home/panuwat/Pictures/Test-Cases/with_mask/inpainting/images/test/tp_inpaint_0_000000012927_tif.png,/home/panuwat/Pictures/Test-Cases/with_mask/inpainting/annotations/test/tp_inpaint_0_000000012927_tif.png,640,425,50.0,6526,2382,2444,260648,77.834893,86.044326,98.18212,99.082722,57.487667,73.005929,98.225735,0.9056,,,
v1.0.6,inpainting,inpainting/tp_inpaint_0_000000016359_tif,/home/panuwat/Pictures/Test-Cases/with_mask/inpainting/images/test/tp_inpaint_0_000000016359_tif.png,/home/panuwat/Pictures/Test-Cases/with_mask/inpainting/annotations/test/tp_inpaint_0_000000016359_tif.png,640,383,50.0,2847,76,3366,238831,71.924403,80.804715,98.579289,99.284562,45.269518,62.324869,98.59579,0.031812,,,
v1.0.6,inpainting,inpainting/tp_inpaint_0_000000017474_tif,/home/panuwat/Pictures/Test-Cases/with_mask/inpainting/images/test/tp_inpaint_0_000000017474_tif.png,/home/panuwat/Pictures/Test-Cases/with_mask/inpainting/annotations/test/tp_inpaint_0_000000017474_tif.png,640,427,50.0,0,0,256,273024,49.953162,49.97657,99.906323,99.95314,0.0,0.0,99.906323,0.0,,,
v1.0.6,inpainting,inpainting/tp_inpaint_0_000000018290_tif,/home/panuwat/Pictures/Test-Cases/with_mask/inpainting/images/test/tp_inpaint_0_000000018290_tif.png,/home/panuwat/Pictures/Test-Cases/with_mask/inpainting/annotations/test/tp_inpaint_0_000000018290_tif.png,640,379,50.0,162,70,272,242056,66.000883,74.289027,99.85891,99.929405,32.142857,48.648649,99.859004,0.028911,,,
v1.0.6,splicing,splicing/tp_splice1_10007_000000130973_tif,/home/panuwat/Pictures/Test-Cases/with_mask/splicing/images/test/tp_splice1_10007_000000130973_tif.png,/home/panuwat/Pictures/Test-Cases/with_mask/splicing/annotations/test/tp_splice1_10007_000000130973_tif.png,640,427,50.0,3444,382,690,268764,87.93245,93.166814,99.602722,99.800965,76.262179,86.532663,99.607728,0.14193,,,
v1.0.6,splicing,splicing/tp_splice1_10046_000000517430_tif,/home/panuwat/Pictures/Test-Cases/with_mask/splicing/images/test/tp_splice1_10046_000000517430_tif.png,/home/panuwat/Pictures/Test-Cases/with_mask/splicing/annotations/test/tp_splice1_10046_000000517430_tif.png,640,480,50.0,258,1,341,306600,71.444289,80.042059,99.888578,99.944258,43.0,60.13986,99.888672,0.000326,,,
v1.0.6,splicing,splicing/tp_splice1_10059_000000578306_tif,/home/panuwat/Pictures/Test-Cases/with_mask/splicing/images/test/tp_splice1_10059_000000578306_tif.png,/home/panuwat/Pictures/Test-Cases/with_mask/splicing/annotations/test/tp_splice1_10059_000000578306_tif.png,640,427,50.0,1470,1675,209,269926,71.567567,80.298751,99.306869,99.652229,43.828265,60.945274,99.310597,0.616713,,,
v1.0.6,splicing,splicing/tp_splice1_10102_000000389655_tif,/home/panuwat/Pictures/Test-Cases/with_mask/splicing/images/test/tp_splice1_10102_000000389655_tif.png,/home/panuwat/Pictures/Test-Cases/with_mask/splicing/annotations/test/tp_splice1_10102_000000389655_tif.png,640,428,50.0,5284,307,180,268149,95.689984,97.752014,99.818714,99.909275,91.561255,95.594754,99.822211,0.114358,,,
v1.0.6,splicing,splicing/tp_splice1_10147_000000365623_tif,/home/panuwat/Pictures/Test-Cases/with_mask/splicing/images/test/tp_splice1_10147_000000365623_tif.png,/home/panuwat/Pictures/Test-Cases/with_mask/splicing/annotations/test/tp_splice1_10147_000000365623_tif.png,640,480,50.0,8900,490,125,297685,96.665176,98.27857,99.793832,99.896809,93.536521,96.660331,99.799805,0.164333,,,
v1.0.6,splicing,splicing/tp_splice1_10176_000000008547_tif,/home/panuwat/Pictures/Test-Cases/with_mask/splicing/images/test/tp_splice1_10176_000000008547_tif.png,/home/panuwat/Pictures/Test-Cases/with_mask/splicing/annotations/test/tp_splice1_10176_000000008547_tif.png,640,419,50.0,2530,145,122,265363,95.176771,97.468757,99.899484,99.949717,90.454058,94.987798,99.900433,0.054612,,,
v1.0.6,splicing,splicing/tp_splice1_10267_000000553552_tif,/home/panuwat/Pictures/Test-Cases/with_mask/splicing/images/test/tp_splice1_10267_000000553552_tif.png,/home/panuwat/Pictures/Test-Cases/with_mask/splicing/annotations/test/tp_splice1_10267_000000553552_tif.png,640,430,50.0,1502,287,96,273315,89.770881,94.311021,99.860065,99.929983,79.681698,88.692058,99.860828,0.104897,,,
v1.0.6,splicing,splicing/tp_splice1_1028_000000424348_tif,/home/panuwat/Pictures/Test-Cases/with_mask/splicing/images/test/tp_splice1_1028_000000424348_tif.png,/home/panuwat/Pictures/Test-Cases/with_mask/splicing/annotations/test/tp_splice1_1028_000000424348_tif.png,640,512,50.0,3603,210,236,323631,94.423656,97.0513,99.862378,99.931142,88.984935,94.171458,99.863892,0.064847,,,
v1.0.6,splicing,splicing/tp_splice1_10311_000000553908_tif,/home/panuwat/Pictures/Test-Cases/with_mask/splicing/images/test/tp_splice1_10311_000000553908_tif.png,/home/panuwat/Pictures/Test-Cases/with_mask/splicing/annotations/test/tp_splice1_10311_000000553908_tif.png,497,640,50.0,588,876,82,316534,68.865948,77.47834,99.69826,99.848902,38.033635,55.107779,99.698818,0.275984,,,
v1.0.6,splicing,splicing/tp_splice1_10314_000000269103_tif,/home/panuwat/Pictures/Test-Cases/with_mask/splicing/images/test/tp_splice1_10314_000000269103_tif.png,/home/panuwat/Pictures/Test-Cases/with_mask/splicing/annotations/test/tp_splice1_10314_000000269103_tif.png,640,480,50.0,986,200,8,306006,91.255819,95.21237,99.932074,99.966025,82.579564,90.458716,99.932292,0.065316,,,
v1.0.6,splicing,splicing/tp_splice1_1032_000000410356_tif,/home/panuwat/Pictures/Test-Cases/with_mask/splicing/images/test/tp_splice1_1032_000000410356_tif.png,/home/panuwat/Pictures/Test-Cases/with_mask/splicing/annotations/test/tp_splice1_1032_000000410356_tif.png,640,360,50.0,4420,365,78,225537,95.347181,97.564861,99.803965,99.901886,90.890397,95.227836,99.807726,0.161574,,,
v1.0.6,splicing,splicing/tp_splice1_10380_000000465395_tif,/home/panuwat/Pictures/Test-Cases/with_mask/splicing/images/test/tp_splice1_10380_000000465395_tif.png,/home/panuwat/Pictures/Test-Cases/with_mask/splicing/annotations/test/tp_splice1_10380_000000465395_tif.png,640,429,50.0,614,76,96,273774,89.027131,93.841441,99.937214,99.968597,78.117048,87.714286,99.937354,0.027752,,,
v1.0.6,splicing,splicing/tp_splice1_10386_000000480983_tif,/home/panuwat/Pictures/Test-Cases/with_mask/splicing/images/test/tp_splice1_10386_000000480983_tif.png,/home/panuwat/Pictures/Test-Cases/with_mask/splicing/annotations/test/tp_splice1_10386_000000480983_tif.png,640,426,50.0,3948,324,305,268063,93.011638,96.252258,99.765903,99.882814,86.257374,92.621701,99.769293,0.120721,,,
v1.0.6,splicing,splicing/tp_splice1_10397_000000032562_tif,/home/panuwat/Pictures/Test-Cases/with_mask/splicing/images/test/tp_splice1_10397_000000032562_tif.png,/home/panuwat/Pictures/Test-Cases/with_mask/splicing/annotations/test/tp_splice1_10397_000000032562_tif.png,640,427,50.0,5763,325,424,266768,94.109088,96.87899,99.720018,99.859813,88.498157,93.898167,99.725922,0.12168,,,
v1.0.6,splicing,splicing/tp_splice1_10450_000000031497_tif,/home/panuwat/Pictures/Test-Cases/with_mask/splicing/images/test/tp_splice1_10450_000000031497_tif.png,/home/panuwat/Pictures/Test-Cases/with_mask/splicing/annotations/test/tp_splice1_10450_000000031497_tif.png,640,412,50.0,2797,299,18,260566,94.849328,97.288163,99.87849,99.939208,89.820167,94.637117,99.879779,0.114619,,,
v1.0.7,authentic,authentic/au_usb_000000000036_jpg,/home/panuwat/Pictures/Test-Cases/with_mask/authentic/images/test/au_usb_000000000036_jpg.png,/home/panuwat/Pictures/Test-Cases/with_mask/authentic/annotations/test/au_usb_000000000036_jpg.png,481,640,50.0,0,0,0,307840,100.0,100.0,100.0,100.0,,,100.0,0.0,,,
v1.0.7,authentic,authentic/au_usb_000000000092_jpg,/home/panuwat/Pictures/Test-Cases/with_mask/authentic/images/test/au_usb_000000000092_jpg.png,/home/panuwat/Pictures/Test-Cases/with_mask/authentic/annotations/test/au_usb_000000000092_jpg.png,640,427,50.0,0,205,0,273075,49.962493,49.981239,99.924985,99.962479,0.0,0.0,99.924985,0.075015,,,
v1.0.7,authentic,authentic/au_usb_000000000247_jpg,/home/panuwat/Pictures/Test-Cases/with_mask/authentic/images/test/au_usb_000000000247_jpg.png,/home/panuwat/Pictures/Test-Cases/with_mask/authentic/annotations/test/au_usb_000000000247_jpg.png,640,424,50.0,0,0,0,271360,100.0,100.0,100.0,100.0,,,100.0,0.0,,,
v1.0.7,authentic,authentic/au_usb_000000000263_jpg,/home/panuwat/Pictures/Test-Cases/with_mask/authentic/images/test/au_usb_000000000263_jpg.png,/home/panuwat/Pictures/Test-Cases/with_mask/authentic/annotations/test/au_usb_000000000263_jpg.png,591,640,50.0,0,121,0,378119,49.984005,49.992001,99.96801,99.984002,0.0,0.0,99.96801,0.03199,,,
v1.0.7,authentic,authentic/au_usb_000000000322_jpg,/home/panuwat/Pictures/Test-Cases/with_mask/authentic/images/test/au_usb_000000000322_jpg.png,/home/panuwat/Pictures/Test-Cases/with_mask/authentic/annotations/test/au_usb_000000000322_jpg.png,640,481,50.0,0,357,0,307483,49.942015,49.970991,99.884031,99.941982,0.0,0.0,99.884031,0.115969,,,
v1.0.7,authentic,authentic/au_usb_000000000359_jpg,/home/panuwat/Pictures/Test-Cases/with_mask/authentic/images/test/au_usb_000000000359_jpg.png,/home/panuwat/Pictures/Test-Cases/with_mask/authentic/annotations/test/au_usb_000000000359_jpg.png,500,332,50.0,0,0,0,166000,100.0,100.0,100.0,100.0,,,100.0,0.0,,,
v1.0.7,authentic,authentic/au_usb_000000000360_jpg,/home/panuwat/Pictures/Test-Cases/with_mask/authentic/images/test/au_usb_000000000360_jpg.png,/home/panuwat/Pictures/Test-Cases/with_mask/authentic/annotations/test/au_usb_000000000360_jpg.png,500,375,50.0,0,0,0,187500,100.0,100.0,100.0,100.0,,,100.0,0.0,,,
v1.0.7,authentic,authentic/au_usb_000000000488_jpg,/home/panuwat/Pictures/Test-Cases/with_mask/authentic/images/test/au_usb_000000000488_jpg.png,/home/panuwat/Pictures/Test-Cases/with_mask/authentic/annotations/test/au_usb_000000000488_jpg.png,640,406,50.0,0,26,0,259814,49.994997,49.997498,99.989994,99.994997,0.0,0.0,99.989994,0.010006,,,
v1.0.7,authentic,authentic/au_usb_000000000529_jpg,/home/panuwat/Pictures/Test-Cases/with_mask/authentic/images/test/au_usb_000000000529_jpg.png,/home/panuwat/Pictures/Test-Cases/with_mask/authentic/annotations/test/au_usb_000000000529_jpg.png,427,640,50.0,0,0,0,273280,100.0,100.0,100.0,100.0,,,100.0,0.0,,,
v1.0.7,authentic,authentic/au_usb_000000000532_jpg,/home/panuwat/Pictures/Test-Cases/with_mask/authentic/images/test/au_usb_000000000532_jpg.png,/home/panuwat/Pictures/Test-Cases/with_mask/authentic/annotations/test/au_usb_000000000532_jpg.png,640,480,50.0,0,0,0,307200,100.0,100.0,100.0,100.0,,,100.0,0.0,,,
v1.0.7,authentic,authentic/au_usb_000000000612_jpg,/home/panuwat/Pictures/Test-Cases/with_mask/authentic/images/test/au_usb_000000000612_jpg.png,/home/panuwat/Pictures/Test-Cases/with_mask/authentic/annotations/test/au_usb_000000000612_jpg.png,640,480,50.0,0,4370,0,302830,49.288737,49.641821,98.577474,99.283642,0.0,0.0,98.577474,1.422526,,,
v1.0.7,authentic,authentic/au_usb_000000000650_jpg,/home/panuwat/Pictures/Test-Cases/with_mask/authentic/images/test/au_usb_000000000650_jpg.png,/home/panuwat/Pictures/Test-Cases/with_mask/authentic/annotations/test/au_usb_000000000650_jpg.png,640,427,50.0,0,0,0,273280,100.0,100.0,100.0,100.0,,,100.0,0.0,,,
v1.0.7,authentic,authentic/au_usb_000000000656_jpg,/home/panuwat/Pictures/Test-Cases/with_mask/authentic/images/test/au_usb_000000000656_jpg.png,/home/panuwat/Pictures/Test-Cases/with_mask/authentic/annotations/test/au_usb_000000000656_jpg.png,640,472,50.0,0,0,0,302080,100.0,100.0,100.0,100.0,,,100.0,0.0,,,
v1.0.7,authentic,authentic/au_usb_000000000693_jpg,/home/panuwat/Pictures/Test-Cases/with_mask/authentic/images/test/au_usb_000000000693_jpg.png,/home/panuwat/Pictures/Test-Cases/with_mask/authentic/annotations/test/au_usb_000000000693_jpg.png,640,428,50.0,0,954,0,272966,49.825862,49.912779,99.651723,99.825558,0.0,0.0,99.651723,0.348277,,,
v1.0.7,authentic,authentic/au_usb_000000000801_jpg,/home/panuwat/Pictures/Test-Cases/with_mask/authentic/images/test/au_usb_000000000801_jpg.png,/home/panuwat/Pictures/Test-Cases/with_mask/authentic/annotations/test/au_usb_000000000801_jpg.png,640,360,50.0,0,1775,0,228625,49.6148,49.806655,99.229601,99.613311,0.0,0.0,99.229601,0.770399,,,
v1.0.7,casia,casia/tp_casia_Tp_D_CNN_M_N_txt00054_txt00050_10375_tif,/home/panuwat/Pictures/Test-Cases/with_mask/casia/images/test/tp_casia_Tp_D_CNN_M_N_txt00054_txt00050_10375_tif.png,/home/panuwat/Pictures/Test-Cases/with_mask/casia/annotations/test/tp_casia_Tp_D_CNN_M_N_txt00054_txt00050_10375_tif.png,384,256,50.0,50165,16494,3209,28436,65.435144,78.927509,59.070608,74.26967,71.799679,83.585347,79.957072,36.710438,,,
v1.0.7,casia,casia/tp_casia_Tp_D_CNN_S_B_txt00055_txt00047_11328_jpg,/home/panuwat/Pictures/Test-Cases/with_mask/casia/images/test/tp_casia_Tp_D_CNN_S_B_txt00055_txt00047_11328_jpg.png,/home/panuwat/Pictures/Test-Cases/with_mask/casia/annotations/test/tp_casia_Tp_D_CNN_S_B_txt00055_txt00047_11328_jpg.png,384,256,50.0,8435,4511,3768,81590,70.627188,81.125821,90.787702,95.17144,50.466675,67.080202,91.578166,5.239196,,,
v1.0.7,casia,casia/tp_casia_Tp_D_CNN_S_N_art00001_ani00074_10442_tif,/home/panuwat/Pictures/Test-Cases/with_mask/casia/images/test/tp_casia_Tp_D_CNN_S_N_art00001_ani00074_10442_tif.png,/home/panuwat/Pictures/Test-Cases/with_mask/casia/annotations/test/tp_casia_Tp_D_CNN_S_N_art00001_ani00074_10442_tif.png,384,256,50.0,52304,4933,3024,38043,84.748973,91.731711,82.702174,90.532228,86.795772,92.931195,91.905721,11.4785,,,
v1.0.7,casia,casia/tp_casia_Tp_D_CNN_S_N_art00011_art00014_11841_jpg,/home/panuwat/Pictures/Test-Cases/with_mask/casia/images/test/tp_casia_Tp_D_CNN_S_N_art00011_art00014_11841_jpg.png,/home/panuwat/Pictures/Test-Cases/with_mask/casia/annotations/test/tp_casia_Tp_D_CNN_S_N_art00011_art00014_11841_jpg.png,384,256,50.0,21309,1321,1516,74158,92.282994,95.940878,96.315345,98.123094,88.250642,93.758662,97.114054,1.750156,,,
v1.0.7,casia,casia/tp_casia_Tp_D_CNN_S_N_cha00044_cha00043_00364_tif,/home/panuwat/Pictures/Test-Cases/with_mask/casia/images/test/tp_casia_Tp_D_CNN_S_N_cha00044_cha00043_00364_tif.png,/home/panuwat/Pictures/Test-Cases/with_mask/casia/annotations/test/tp_casia_Tp_D_CNN_S_N_cha00044_cha00043_00364_tif.png,384,256,50.0,3110,3387,20024,71783,43.56681,53.485518,75.407063,85.979506,11.726556,20.991529,76.185099,4.505787,,,
v1.0.7,casia,casia/tp_casia_Tp_D_CNN_S_N_cha10122_nat10124_12167_jpg,/home/panuwat/Pictures/Test-Cases/with_mask/casia/images/test/tp_casia_Tp_D_CNN_S_N_cha10122_nat10124_12167_jpg.png,/home/panuwat/Pictures/Test-Cases/with_mask/casia/annotations/test/tp_casia_Tp_D_CNN_S_N_cha10122_nat10124_12167_jpg.png,518,800,50.0,117501,6094,75613,215192,65.731972,79.122838,72.479867,84.044437,58.984077,74.201238,80.28306,2.753902,,,
v1.0.7,casia,casia/tp_casia_Tp_D_CNN_S_N_cha10122_nat10139_12166_jpg,/home/panuwat/Pictures/Test-Cases/with_mask/casia/images/test/tp_casia_Tp_D_CNN_S_N_cha10122_nat10139_12166_jpg.png,/home/panuwat/Pictures/Test-Cases/with_mask/casia/annotations/test/tp_casia_Tp_D_CNN_S_N_cha10122_nat10139_12166_jpg.png,518,800,50.0,155333,6920,52893,199254,74.555515,85.402382,76.91215,86.94954,72.198879,83.855225,85.566361,3.356388,,,
v1.0.7,casia,casia/tp_casia_Tp_D_CNN_S_N_txt00051_txt00051_10376_tif,/home/panuwat/Pictures/Test-Cases/with_mask/casia/images/test/tp_casia_Tp_D_CNN_S_N_txt00051_txt00051_10376_tif.png,/home/panuwat/Pictures/Test-Cases/with_mask/casia/annotations/test/tp_casia_Tp_D_CNN_S_N_txt00051_txt00051_10376_tif.png,384,256,50.0,39357,13311,5323,40313,68.12799,81.042722,68.388552,81.22708,67.867428,80.858364,81.044515,24.822841,,,
v1.0.7,casia,casia/tp_casia_Tp_D_CRD_M_N_nat00048_nat00049_11067_jpg,/home/panuwat/Pictures/Test-Cases/with_mask/casia/images/test/tp_casia_Tp_D_CRD_M_N_nat00048_nat00049_11067_jpg.png,/home/panuwat/Pictures/Test-Cases/with_mask/casia/annotations/test/tp_casia_Tp_D_CRD_M_N_nat00048_nat00049_11067_jpg.png,384,256,50.0,41116,415,3595,53178,92.050905,95.858464,92.988039,96.366635,91.11377,95.350293,95.920817,0.774355,,,
v1.0.7,casia,casia/tp_casia_Tp_D_CRD_S_N_ind00029_ind00088_00444_tif,/home/panuwat/Pictures/Test-Cases/with_mask/casia/images/test/tp_casia_Tp_D_CRD_S_N_ind00029_ind00088_00444_tif.png,/home/panuwat/Pictures/Test-Cases/with_mask/casia/annotations/test/tp_casia_Tp_D_CRD_S_N_ind00029_ind00088_00444_tif.png,384,256,50.0,3337,2143,488,92336,76.572222,85.160102,97.229564,98.595324,55.914879,71.724879,97.323608,2.268229,,,
v1.0.7,casia,casia/tp_casia_Tp_D_CRN_M_N_ani10112_ani00100_11648_jpg,/home/panuwat/Pictures/Test-Cases/with_mask/casia/images/test/tp_casia_Tp_D_CRN_M_N_ani10112_ani00100_11648_jpg.png,/home/panuwat/Pictures/Test-Cases/with_mask/casia/annotations/test/tp_casia_Tp_D_CRN_M_N_ani10112_ani00100_11648_jpg.png,384,256,50.0,0,0,62131,36173,18.398539,26.899024,36.797078,53.798047,0.0,0.0,36.797078,0.0,,,
v1.0.7,casia,casia/tp_casia_Tp_D_CRN_M_N_ani10117_ani00100_11642_jpg,/home/panuwat/Pictures/Test-Cases/with_mask/casia/images/test/tp_casia_Tp_D_CRN_M_N_ani10117_ani00100_11642_jpg.png,/home/panuwat/Pictures/Test-Cases/with_mask/casia/annotations/test/tp_casia_Tp_D_CRN_M_N_ani10117_ani00100_11642_jpg.png,384,256,50.0,9611,1900,32245,54548,41.733511,56.090532,61.502035,76.162551,21.964988,36.018513,65.26591,3.36593,,,
v1.0.7,casia,casia/tp_casia_Tp_D_CRN_M_N_arc00008_nat10122_11773_jpg,/home/panuwat/Pictures/Test-Cases/with_mask/casia/images/test/tp_casia_Tp_D_CRN_M_N_arc00008_nat10122_11773_jpg.png,/home/panuwat/Pictures/Test-Cases/with_mask/casia/annotations/test/tp_casia_Tp_D_CRN_M_N_arc00008_nat10122_11773_jpg.png,384,256,50.0,40422,4072,2502,51308,87.326993,93.229556,88.64241,93.979302,86.011575,92.47981,93.312581,7.352835,,,
v1.0.7,casia,casia/tp_casia_Tp_D_CRN_M_N_cha10108_cha00027_11666_jpg,/home/panuwat/Pictures/Test-Cases/with_mask/casia/images/test/tp_casia_Tp_D_CRN_M_N_cha10108_cha00027_11666_jpg.png,/home/panuwat/Pictures/Test-Cases/with_mask/casia/annotations/test/tp_casia_Tp_D_CRN_M_N_cha10108_cha00027_11666_jpg.png,384,256,50.0,0,0,39698,58606,29.808553,37.350073,59.617106,74.700147,0.0,0.0,59.617106,0.0,,,
v1.0.7,casia,casia/tp_casia_Tp_D_CRN_M_N_cha10108_cha00040_11665_jpg,/home/panuwat/Pictures/Test-Cases/with_mask/casia/images/test/tp_casia_Tp_D_CRN_M_N_cha10108_cha00040_11665_jpg.png,/home/panuwat/Pictures/Test-Cases/with_mask/casia/annotations/test/tp_casia_Tp_D_CRN_M_N_cha10108_cha00040_11665_jpg.png,384,256,50.0,0,0,38202,60102,30.569458,37.941745,61.138916,75.883489,0.0,0.0,61.138916,0.0,,,
v1.0.7,copymove,copymove/tp_copymove_0_000000001596_tif,/home/panuwat/Pictures/Test-Cases/with_mask/copymove/images/test/tp_copymove_0_000000001596_tif.png,/home/panuwat/Pictures/Test-Cases/with_mask/copymove/annotations/test/tp_copymove_0_000000001596_tif.png,500,419,50.0,927,27,79,208467,94.843902,97.28321,99.949178,99.974583,89.738625,94.591837,99.949403,0.01295,,,
v1.0.7,copymove,copymove/tp_copymove_0_000000001697_tif,/home/panuwat/Pictures/Test-Cases/with_mask/copymove/images/test/tp_copymove_0_000000001697_tif.png,/home/panuwat/Pictures/Test-Cases/with_mask/copymove/annotations/test/tp_copymove_0_000000001697_tif.png,500,375,50.0,2549,374,300,184277,89.361693,94.070198,99.635579,99.817457,79.087806,88.322938,99.640533,0.202544,,,
v1.0.7,copymove,copymove/tp_copymove_0_000000003693_tif,/home/panuwat/Pictures/Test-Cases/with_mask/copymove/images/test/tp_copymove_0_000000003693_tif.png,/home/panuwat/Pictures/Test-Cases/with_mask/copymove/annotations/test/tp_copymove_0_000000003693_tif.png,640,428,50.0,0,209,527,273184,49.865654,49.932737,99.731308,99.865473,0.0,0.0,99.731308,0.076447,,,
v1.0.7,copymove,copymove/tp_copymove_0_000000004051_tif,/home/panuwat/Pictures/Test-Cases/with_mask/copymove/images/test/tp_copymove_0_000000004051_tif.png,/home/panuwat/Pictures/Test-Cases/with_mask/copymove/annotations/test/tp_copymove_0_000000004051_tif.png,480,640,50.0,0,397,777,306026,49.808919,49.904277,99.617839,99.808553,0.0,0.0,99.617839,0.129559,,,
v1.0.7,copymove,copymove/tp_copymove_0_000000006363_tif,/home/panuwat/Pictures/Test-Cases/with_mask/copymove/images/test/tp_copymove_0_000000006363_tif.png,/home/panuwat/Pictures/Test-Cases/with_mask/copymove/annotations/test/tp_copymove_0_000000006363_tif.png,640,480,50.0,9536,1109,552,296003,92.303829,95.854415,99.441988,99.720214,85.165669,91.988617,99.45931,0.37326,,,
v1.0.7,copymove,copymove/tp_copymove_0_000000006432_tif,/home/panuwat/Pictures/Test-Cases/with_mask/copymove/images/test/tp_copymove_0_000000006432_tif.png,/home/panuwat/Pictures/Test-Cases/with_mask/copymove/annotations/test/tp_copymove_0_000000006432_tif.png,491,640,50.0,0,0,9344,304896,48.513238,49.2454,97.026477,98.4908,0.0,0.0,97.026477,0.0,,,
v1.0.7,copymove,copymove/tp_copymove_0_000000008119_tif,/home/panuwat/Pictures/Test-Cases/with_mask/copymove/images/test/tp_copymove_0_000000008119_tif.png,/home/panuwat/Pictures/Test-Cases/with_mask/copymove/annotations/test/tp_copymove_0_000000008119_tif.png,640,480,50.0,317,540,11,306332,68.170595,76.706128,99.820453,99.910146,36.520737,53.50211,99.820638,0.175969,,,
v1.0.7,copymove,copymove/tp_copymove_0_000000009170_tif,/home/panuwat/Pictures/Test-Cases/with_mask/copymove/images/test/tp_copymove_0_000000009170_tif.png,/home/panuwat/Pictures/Test-Cases/with_mask/copymove/annotations/test/tp_copymove_0_000000009170_tif.png,640,383,50.0,21185,1573,571,221791,94.926151,97.351262,99.042579,99.518987,90.809722,95.183538,99.125326,0.704232,,,
v1.0.7,copymove,copymove/tp_copymove_0_000000009960_tif,/home/panuwat/Pictures/Test-Cases/with_mask/copymove/images/test/tp_copymove_0_000000009960_tif.png,/home/panuwat/Pictures/Test-Cases/with_mask/copymove/annotations/test/tp_copymove_0_000000009960_tif.png,640,427,50.0,24,0,370,272886,52.977983,55.707753,99.864596,99.932252,6.091371,11.483254,99.864608,0.0,,,
v1.0.7,copymove,copymove/tp_copymove_0_000000011075_tif,/home/panuwat/Pictures/Test-Cases/with_mask/copymove/images/test/tp_copymove_0_000000011075_tif.png,/home/panuwat/Pictures/Test-Cases/with_mask/copymove/annotations/test/tp_copymove_0_000000011075_tif.png,640,480,50.0,27072,10993,4622,264513,78.92277,87.374383,94.425763,97.132974,63.419777,77.615792,94.916992,3.990113,,,
v1.0.7,copymove,copymove/tp_copymove_0_000000011701_tif,/home/panuwat/Pictures/Test-Cases/with_mask/copymove/images/test/tp_copymove_0_000000011701_tif.png,/home/panuwat/Pictures/Test-Cases/with_mask/copymove/annotations/test/tp_copymove_0_000000011701_tif.png,612,612,50.0,39765,3123,5149,326507,90.154528,94.663953,97.529116,98.749104,82.77994,90.578802,97.791448,0.947426,,,
v1.0.7,copymove,copymove/tp_copymove_0_000000012711_tif,/home/panuwat/Pictures/Test-Cases/with_mask/copymove/images/test/tp_copymove_0_000000012711_tif.png,/home/panuwat/Pictures/Test-Cases/with_mask/copymove/annotations/test/tp_copymove_0_000000012711_tif.png,640,480,50.0,2373,254,128,304445,93.004492,96.244002,99.874683,99.937302,86.134301,92.550702,99.875651,0.083361,,,
v1.0.7,copymove,copymove/tp_copymove_0_000000012881_tif,/home/panuwat/Pictures/Test-Cases/with_mask/copymove/images/test/tp_copymove_0_000000012881_tif.png,/home/panuwat/Pictures/Test-Cases/with_mask/copymove/annotations/test/tp_copymove_0_000000012881_tif.png,640,428,50.0,7116,513,303,265988,94.703357,97.212099,99.694158,99.846845,89.712557,94.577352,99.702103,0.192495,,,
v1.0.7,copymove,copymove/tp_copymove_0_000000012953_tif,/home/panuwat/Pictures/Test-Cases/with_mask/copymove/images/test/tp_copymove_0_000000012953_tif.png,/home/panuwat/Pictures/Test-Cases/with_mask/copymove/annotations/test/tp_copymove_0_000000012953_tif.png,640,433,50.0,0,11300,12906,252914,45.632578,47.716562,91.265156,95.433123,0.0,0.0,91.265156,4.276836,,,
v1.0.7,copymove,copymove/tp_copymove_0_000000013202_tif,/home/panuwat/Pictures/Test-Cases/with_mask/copymove/images/test/tp_copymove_0_000000013202_tif.png,/home/panuwat/Pictures/Test-Cases/with_mask/copymove/annotations/test/tp_copymove_0_000000013202_tif.png,427,640,50.0,0,0,9363,263917,48.286922,49.128532,96.573844,98.257064,0.0,0.0,96.573844,0.0,,,
v1.0.7,face,face/tp_face_morphing_0.jpg_IN_100.jpg_tif,/home/panuwat/Pictures/Test-Cases/with_mask/face/images/test/tp_face_morphing_0.jpg_IN_100.jpg_tif.png,/home/panuwat/Pictures/Test-Cases/with_mask/face/annotations/test/tp_face_morphing_0.jpg_IN_100.jpg_tif.png,500,652,50.0,64301,13222,839,247638,88.341694,93.691629,94.627033,97.239352,82.056354,90.143906,95.68681,5.068619,,,
v1.0.7,face,face/tp_face_morphing_0.jpg_IN_110.jpg_tif,/home/panuwat/Pictures/Test-Cases/with_mask/face/images/test/tp_face_morphing_0.jpg_IN_110.jpg_tif.png,/home/panuwat/Pictures/Test-Cases/with_mask/face/annotations/test/tp_face_morphing_0.jpg_IN_110.jpg_tif.png,500,652,50.0,66355,1658,405,257582,98.095083,99.03521,99.205454,99.601142,96.984712,98.469278,99.367178,0.639562,,,
v1.0.7,face,face/tp_face_morphing_0.jpg_IN_112.jpg_tif,/home/panuwat/Pictures/Test-Cases/with_mask/face/images/test/tp_face_morphing_0.jpg_IN_112.jpg_tif.png,/home/panuwat/Pictures/Test-Cases/with_mask/face/annotations/test/tp_face_morphing_0.jpg_IN_112.jpg_tif.png,500,652,50.0,69195,738,295,255772,99.063413,99.528779,99.597749,99.798469,98.529077,99.259089,99.683129,0.287708,,,
v1.0.7,face,face/tp_face_morphing_0.jpg_IN_127.jpg_tif,/home/panuwat/Pictures/Test-Cases/with_mask/face/images/test/tp_face_morphing_0.jpg_IN_127.jpg_tif.png,/home/panuwat/Pictures/Test-Cases/with_mask/face/annotations/test/tp_face_morphing_0.jpg_IN_127.jpg_tif.png,500,652,50.0,62365,2334,403,260898,97.378825,98.66549,98.961822,99.478203,95.795828,97.852778,99.160429,0.88667,,,
v1.0.7,face,face/tp_face_morphing_0.jpg_IN_131.jpg_tif,/home/panuwat/Pictures/Test-Cases/with_mask/face/images/test/tp_face_morphing_0.jpg_IN_131.jpg_tif.png,/home/panuwat/Pictures/Test-Cases/with_mask/face/annotations/test/tp_face_morphing_0.jpg_IN_131.jpg_tif.png,500,652,50.0,88629,1822,802,234747,98.009518,98.992736,98.894557,99.444207,97.124478,98.541266,99.195092,0.770177,,,
v1.0.7,face,face/tp_face_morphing_0.jpg_IN_132.jpg_tif,/home/panuwat/Pictures/Test-Cases/with_mask/face/images/test/tp_face_morphing_0.jpg_IN_132.jpg_tif.png,/home/panuwat/Pictures/Test-Cases/with_mask/face/annotations/test/tp_face_morphing_0.jpg_IN_132.jpg_tif.png,500,652,50.0,86421,1629,552,237398,98.314042,99.148312,99.089653,99.542745,97.53843,98.753878,99.330982,0.681513,,,
v1.0.7,face,face/tp_face_morphing_0.jpg_IN_170.jpg_tif,/home/panuwat/Pictures/Test-Cases/with_mask/face/images/test/tp_face_morphing_0.jpg_IN_170.jpg_tif.png,/home/panuwat/Pictures/Test-Cases/with_mask/face/annotations/test/tp_face_morphing_0.jpg_IN_170.jpg_tif.png,500,652,50.0,70351,2395,588,252666,97.382738,98.668545,98.833166,99.413159,95.93231,97.923931,99.084969,0.938991,,,
v1.0.7,face,face/tp_face_morphing_0.jpg_IN_171.jpg_tif,/home/panuwat/Pictures/Test-Cases/with_mask/face/images/test/tp_face_morphing_0.jpg_IN_171.jpg_tif.png,/home/panuwat/Pictures/Test-Cases/with_mask/face/annotations/test/tp_face_morphing_0.jpg_IN_171.jpg_tif.png,500,652,50.0,60867,744,517,263872,98.747354,99.368192,99.52439,99.761628,97.970319,98.974755,99.61319,0.281162,,,
v1.0.7,face,face/tp_face_morphing_0.jpg_IN_177.jpg_tif,/home/panuwat/Pictures/Test-Cases/with_mask/face/images/test/tp_face_morphing_0.jpg_IN_177.jpg_tif.png,/home/panuwat/Pictures/Test-Cases/with_mask/face/annotations/test/tp_face_morphing_0.jpg_IN_177.jpg_tif.png,500,652,50.0,72931,4616,523,247930,95.693387,97.78548,97.969329,98.974249,93.417446,96.596711,98.42362,1.827786,,,
v1.0.7,face,face/tp_face_morphing_0.jpg_IN_190.jpg_tif,/home/panuwat/Pictures/Test-Cases/with_mask/face/images/test/tp_face_morphing_0.jpg_IN_190.jpg_tif.png,/home/panuwat/Pictures/Test-Cases/with_mask/face/annotations/test/tp_face_morphing_0.jpg_IN_190.jpg_tif.png,500,652,50.0,66193,16501,480,242826,86.523879,92.626474,93.463994,96.621591,79.583764,88.631358,94.791104,6.363009,,,
v1.0.7,face,face/tp_face_morphing_0.jpg_IN_192.jpg_tif,/home/panuwat/Pictures/Test-Cases/with_mask/face/images/test/tp_face_morphing_0.jpg_IN_192.jpg_tif.png,/home/panuwat/Pictures/Test-Cases/with_mask/face/annotations/test/tp_face_morphing_0.jpg_IN_192.jpg_tif.png,500,652,50.0,67474,653,809,257064,98.656839,99.322336,99.434486,99.716441,97.879192,98.928231,99.551534,0.253379,,,
v1.0.7,face,face/tp_face_morphing_0.jpg_IN_199.jpg_tif,/home/panuwat/Pictures/Test-Cases/with_mask/face/images/test/tp_face_morphing_0.jpg_IN_199.jpg_tif.png,/home/panuwat/Pictures/Test-Cases/with_mask/face/annotations/test/tp_face_morphing_0.jpg_IN_199.jpg_tif.png,500,652,50.0,69488,973,501,255038,98.6741,99.331186,99.425368,99.711856,97.922832,98.950516,99.547853,0.380062,,,
v1.0.7,face,face/tp_face_morphing_0.jpg_IN_31.jpg_tif,/home/panuwat/Pictures/Test-Cases/with_mask/face/images/test/tp_face_morphing_0.jpg_IN_31.jpg_tif.png,/home/panuwat/Pictures/Test-Cases/with_mask/face/annotations/test/tp_face_morphing_0.jpg_IN_31.jpg_tif.png,500,652,50.0,66074,5257,712,253957,94.709124,97.258377,97.703577,98.838452,91.71467,95.678302,98.169018,2.028054,,,
v1.0.7,face,face/tp_face_morphing_0.jpg_IN_37.jpg_tif,/home/panuwat/Pictures/Test-Cases/with_mask/face/images/test/tp_face_morphing_0.jpg_IN_37.jpg_tif.png,/home/panuwat/Pictures/Test-Cases/with_mask/face/annotations/test/tp_face_morphing_0.jpg_IN_37.jpg_tif.png,500,652,50.0,71865,12392,477,241266,89.874314,94.592251,94.936156,97.402306,84.812472,91.782195,96.052454,4.885318,,,
v1.0.7,face,face/tp_face_morphing_0.jpg_IN_49.jpg_tif,/home/panuwat/Pictures/Test-Cases/with_mask/face/images/test/tp_face_morphing_0.jpg_IN_49.jpg_tif.png,/home/panuwat/Pictures/Test-Cases/with_mask/face/annotations/test/tp_face_morphing_0.jpg_IN_49.jpg_tif.png,500,652,50.0,67548,1757,326,256369,98.101282,99.03847,99.194048,99.595393,97.008516,98.481546,99.361043,0.680675,,,
v1.0.7,imd2020,imd2020/tp_imd2020_00064_fake_jpg,/home/panuwat/Pictures/Test-Cases/with_mask/imd2020/images/test/tp_imd2020_00064_fake_jpg.png,/home/panuwat/Pictures/Test-Cases/with_mask/imd2020/annotations/test/tp_imd2020_00064_fake_jpg.png,699,451,50.0,6604,0,94440,214205,37.968753,47.103539,69.40174,81.937458,6.535767,12.26962,70.042728,0.0,,,
v1.0.7,imd2020,imd2020/tp_imd2020_00097_fake_jpg,/home/panuwat/Pictures/Test-Cases/with_mask/imd2020/images/test/tp_imd2020_00097_fake_jpg.png,/home/panuwat/Pictures/Test-Cases/with_mask/imd2020/annotations/test/tp_imd2020_00097_fake_jpg.png,383,274,50.0,1663,68270,564,34445,17.855186,27.314766,33.351407,50.020331,2.358966,4.609202,34.407578,66.465463,,,
v1.0.7,imd2020,imd2020/tp_imd2020_c8u0rrz_0_jpg,/home/panuwat/Pictures/Test-Cases/with_mask/imd2020/images/test/tp_imd2020_c8u0rrz_0_jpg.png,/home/panuwat/Pictures/Test-Cases/with_mask/imd2020/annotations/test/tp_imd2020_c8u0rrz_0_jpg.png,620,464,50.0,11438,212,21585,254445,63.26249,73.550174,92.109455,95.892683,34.415526,51.207665,92.423179,0.083249,,,
v1.0.7,imd2020,imd2020/tp_imd2020_c8u4gpd_0_jpg,/home/panuwat/Pictures/Test-Cases/with_mask/imd2020/images/test/tp_imd2020_c8u4gpd_0_jpg.png,/home/panuwat/Pictures/Test-Cases/with_mask/imd2020/annotations/test/tp_imd2020_c8u4gpd_0_jpg.png,501,409,50.0,0,0,130809,74100,18.081197,26.558283,36.162394,53.116566,0.0,0.0,36.162394,0.0,,,
v1.0.7,imd2020,imd2020/tp_imd2020_c8vgphr_0_jpg,/home/panuwat/Pictures/Test-Cases/with_mask/imd2020/images/test/tp_imd2020_c8vgphr_0_jpg.png,/home/panuwat/Pictures/Test-Cases/with_mask/imd2020/annotations/test/tp_imd2020_c8vgphr_0_jpg.png,375,500,50.0,0,0,9457,178043,47.478133,48.706445,94.956267,97.41289,0.0,0.0,94.956267,0.0,,,
v1.0.7,imd2020,imd2020/tp_imd2020_c8vkf28_0_jpg,/home/panuwat/Pictures/Test-Cases/with_mask/imd2020/images/test/tp_imd2020_c8vkf28_0_jpg.png,/home/panuwat/Pictures/Test-Cases/with_mask/imd2020/annotations/test/tp_imd2020_c8vkf28_0_jpg.png,1200,750,50.0,0,8089,26389,865522,48.084556,49.023575,96.169111,98.04715,0.0,0.0,96.169111,0.925927,,,
v1.0.7,imd2020,imd2020/tp_imd2020_c8vpmfd_0_jpg,/home/panuwat/Pictures/Test-Cases/with_mask/imd2020/images/test/tp_imd2020_c8vpmfd_0_jpg.png,/home/panuwat/Pictures/Test-Cases/with_mask/imd2020/annotations/test/tp_imd2020_c8vpmfd_0_jpg.png,1920,1200,50.0,42583,17095,866,2243456,84.769868,91.092454,99.205763,99.601298,70.333972,82.58361,99.220443,0.756232,,,
v1.0.7,imd2020,imd2020/tp_imd2020_c8vqeqw_0_jpg,/home/panuwat/Pictures/Test-Cases/with_mask/imd2020/images/test/tp_imd2020_c8vqeqw_0_jpg.png,/home/panuwat/Pictures/Test-Cases/with_mask/imd2020/annotations/test/tp_imd2020_c8vqeqw_0_jpg.png,1920,1200,50.0,28878,22855,2112,2250155,76.267164,84.633414,98.902608,99.448277,53.631721,69.818551,98.916363,1.005495,,,
v1.0.7,imd2020,imd2020/tp_imd2020_c8w0r2r_0_jpg,/home/panuwat/Pictures/Test-Cases/with_mask/imd2020/images/test/tp_imd2020_c8w0r2r_0_jpg.png,/home/panuwat/Pictures/Test-Cases/with_mask/imd2020/annotations/test/tp_imd2020_c8w0r2r_0_jpg.png,1120,629,50.0,116471,5681,16827,565501,89.988457,94.61881,96.172167,98.048738,83.804747,91.188882,96.805019,0.994604,,,
v1.0.7,imd2020,imd2020/tp_imd2020_c8wvegs_0_jpg,/home/panuwat/Pictures/Test-Cases/with_mask/imd2020/images/test/tp_imd2020_c8wvegs_0_jpg.png,/home/panuwat/Pictures/Test-Cases/with_mask/imd2020/annotations/test/tp_imd2020_c8wvegs_0_jpg.png,953,953,50.0,0,8122,3977,896110,49.333909,49.664721,98.667818,99.329442,0.0,0.0,98.667818,0.898221,,,
v1.0.7,imd2020,imd2020/tp_imd2020_c8xhzdr_0_jpg,/home/panuwat/Pictures/Test-Cases/with_mask/imd2020/images/test/tp_imd2020_c8xhzdr_0_jpg.png,/home/panuwat/Pictures/Test-Cases/with_mask/imd2020/annotations/test/tp_imd2020_c8xhzdr_0_jpg.png,650,366,50.0,4321,1193,620,231766,84.833624,91.134706,99.223817,99.610397,70.44343,82.659015,99.237915,0.512107,,,
v1.0.7,imd2020,imd2020/tp_imd2020_c8xtrds_0_jpg,/home/panuwat/Pictures/Test-Cases/with_mask/imd2020/images/test/tp_imd2020_c8xtrds_0_jpg.png,/home/panuwat/Pictures/Test-Cases/with_mask/imd2020/annotations/test/tp_imd2020_c8xtrds_0_jpg.png,444,644,50.0,13344,1879,95,270618,93.19452,96.374718,99.275841,99.636605,87.1132,93.112832,99.309636,0.689549,,,
v1.0.7,imd2020,imd2020/tp_imd2020_c8yjv4u_0_jpg,/home/panuwat/Pictures/Test-Cases/with_mask/imd2020/images/test/tp_imd2020_c8yjv4u_0_jpg.png,/home/panuwat/Pictures/Test-Cases/with_mask/imd2020/annotations/test/tp_imd2020_c8yjv4u_0_jpg.png,549,732,50.0,13312,4136,712,383708,86.028134,91.984033,98.752303,99.372235,73.303965,84.595831,98.793634,1.066408,,,
v1.0.7,imd2020,imd2020/tp_imd2020_c8ynnae_0_jpg,/home/panuwat/Pictures/Test-Cases/with_mask/imd2020/images/test/tp_imd2020_c8ynnae_0_jpg.png,/home/panuwat/Pictures/Test-Cases/with_mask/imd2020/annotations/test/tp_imd2020_c8ynnae_0_jpg.png,453,604,50.0,5196,1245,0,267171,90.103436,94.534456,99.536168,99.767545,80.670703,89.301366,99.544976,0.463832,,,
v1.0.7,imd2020,imd2020/tp_imd2020_c8zefoe_0_jpg,/home/panuwat/Pictures/Test-Cases/with_mask/imd2020/images/test/tp_imd2020_c8zefoe_0_jpg.png,/home/panuwat/Pictures/Test-Cases/with_mask/imd2020/annotations/test/tp_imd2020_c8zefoe_0_jpg.png,1200,704,50.0,177,4591,43619,796413,47.328964,48.895578,94.292128,97.062222,0.365801,0.728935,94.293324,0.573156,,,
v1.0.7,inpainting,inpainting/tp_inpaint_0_000000000943_tif,/home/panuwat/Pictures/Test-Cases/with_mask/inpainting/images/test/tp_inpaint_0_000000000943_tif.png,/home/panuwat/Pictures/Test-Cases/with_mask/inpainting/annotations/test/tp_inpaint_0_000000000943_tif.png,640,360,50.0,12700,2030,3072,212598,84.498353,91.043769,97.656408,98.81431,71.340299,83.273228,97.78559,0.945823,,,
v1.0.7,inpainting,inpainting/tp_inpaint_0_000000001596_tif,/home/panuwat/Pictures/Test-Cases/with_mask/inpainting/images/test/tp_inpaint_0_000000001596_tif.png,/home/panuwat/Pictures/Test-Cases/with_mask/inpainting/annotations/test/tp_inpaint_0_000000001596_tif.png,500,419,50.0,0,0,1124,208376,49.731742,49.86551,99.463484,99.731021,0.0,0.0,99.463484,0.0,,,
v1.0.7,inpainting,inpainting/tp_inpaint_0_000000002614_tif,/home/panuwat/Pictures/Test-Cases/with_mask/inpainting/images/test/tp_inpaint_0_000000002614_tif.png,/home/panuwat/Pictures/Test-Cases/with_mask/inpainting/annotations/test/tp_inpaint_0_000000002614_tif.png,640,427,50.0,8782,6028,1452,257018,75.587599,84.349143,97.172001,98.56572,54.003198,70.132567,97.262881,2.291614,,,
v1.0.7,inpainting,inpainting/tp_inpaint_0_000000003488_tif,/home/panuwat/Pictures/Test-Cases/with_mask/inpainting/images/test/tp_inpaint_0_000000003488_tif.png,/home/panuwat/Pictures/Test-Cases/with_mask/inpainting/annotations/test/tp_inpaint_0_000000003488_tif.png,500,333,50.0,1104,155,38,165203,92.501408,95.951652,99.88331,99.941621,85.119507,91.961683,99.884084,0.093736,,,
v1.0.7,inpainting,inpainting/tp_inpaint_0_000000005210_tif,/home/panuwat/Pictures/Test-Cases/with_mask/inpainting/images/test/tp_inpaint_0_000000005210_tif.png,/home/panuwat/Pictures/Test-Cases/with_mask/inpainting/annotations/test/tp_inpaint_0_000000005210_tif.png,640,426,50.0,0,0,274,272366,49.949751,49.974863,99.899501,99.949725,0.0,0.0,99.899501,0.0,,,
v1.0.7,inpainting,inpainting/tp_inpaint_0_000000005699_tif,/home/panuwat/Pictures/Test-Cases/with_mask/inpainting/images/test/tp_inpaint_0_000000005699_tif.png,/home/panuwat/Pictures/Test-Cases/with_mask/inpainting/annotations/test/tp_inpaint_0_000000005699_tif.png,600,400,50.0,0,550,480,238970,49.785417,49.892478,99.570833,99.784955,0.0,0.0,99.570833,0.229626,,,
v1.0.7,inpainting,inpainting/tp_inpaint_0_000000008119_tif,/home/panuwat/Pictures/Test-Cases/with_mask/inpainting/images/test/tp_inpaint_0_000000008119_tif.png,/home/panuwat/Pictures/Test-Cases/with_mask/inpainting/annotations/test/tp_inpaint_0_000000008119_tif.png,640,480,50.0,0,4,320,306876,49.947266,49.973619,99.894531,99.947238,0.0,0.0,99.894531,0.001303,,,
v1.0.7,inpainting,inpainting/tp_inpaint_0_000000009960_tif,/home/panuwat/Pictures/Test-Cases/with_mask/inpainting/images/test/tp_inpaint_0_000000009960_tif.png,/home/panuwat/Pictures/Test-Cases/with_mask/inpainting/annotations/test/tp_inpaint_0_000000009960_tif.png,640,427,50.0,0,0,454,272826,49.916935,49.958433,99.83387,99.916866,0.0,0.0,99.83387,0.0,,,
v1.0.7,inpainting,inpainting/tp_inpaint_0_000000010779_tif,/home/panuwat/Pictures/Test-Cases/with_mask/inpainting/images/test/tp_inpaint_0_000000010779_tif.png,/home/panuwat/Pictures/Test-Cases/with_mask/inpainting/annotations/test/tp_inpaint_0_000000010779_tif.png,532,640,50.0,16404,587,2717,320772,91.10786,95.169159,98.980486,99.487631,83.235234,90.850687,99.029605,0.182662,,,
v1.0.7,inpainting,inpainting/tp_inpaint_0_000000011075_tif,/home/panuwat/Pictures/Test-Cases/with_mask/inpainting/images/test/tp_inpaint_0_000000011075_tif.png,/home/panuwat/Pictures/Test-Cases/with_mask/inpainting/annotations/test/tp_inpaint_0_000000011075_tif.png,640,480,50.0,87499,3363,3011,213327,95.15438,97.506858,97.098784,98.52804,93.209975,96.485676,97.92513,1.551987,,,
v1.0.7,inpainting,inpainting/tp_inpaint_0_000000011831_tif,/home/panuwat/Pictures/Test-Cases/with_mask/inpainting/images/test/tp_inpaint_0_000000011831_tif.png,/home/panuwat/Pictures/Test-Cases/with_mask/inpainting/annotations/test/tp_inpaint_0_000000011831_tif.png,640,427,50.0,0,0,2658,270622,49.513686,49.755655,99.027371,99.511309,0.0,0.0,99.027371,0.0,,,
v1.0.7,inpainting,inpainting/tp_inpaint_0_000000012927_tif,/home/panuwat/Pictures/Test-Cases/with_mask/inpainting/images/test/tp_inpaint_0_000000012927_tif.png,/home/panuwat/Pictures/Test-Cases/with_mask/inpainting/annotations/test/tp_inpaint_0_000000012927_tif.png,640,425,50.0,6851,2425,2119,260605,79.204554,87.115814,98.286247,99.135717,60.122861,75.095911,98.329412,0.921948,,,
v1.0.7,inpainting,inpainting/tp_inpaint_0_000000016359_tif,/home/panuwat/Pictures/Test-Cases/with_mask/inpainting/images/test/tp_inpaint_0_000000016359_tif.png,/home/panuwat/Pictures/Test-Cases/with_mask/inpainting/annotations/test/tp_inpaint_0_000000016359_tif.png,640,383,50.0,3024,262,3189,238645,72.638618,81.476005,98.574532,99.28215,46.702703,63.66986,98.592118,0.109666,,,
v1.0.7,inpainting,inpainting/tp_inpaint_0_000000017474_tif,/home/panuwat/Pictures/Test-Cases/with_mask/inpainting/images/test/tp_inpaint_0_000000017474_tif.png,/home/panuwat/Pictures/Test-Cases/with_mask/inpainting/annotations/test/tp_inpaint_0_000000017474_tif.png,640,427,50.0,0,0,256,273024,49.953162,49.97657,99.906323,99.95314,0.0,0.0,99.906323,0.0,,,
v1.0.7,inpainting,inpainting/tp_inpaint_0_000000018290_tif,/home/panuwat/Pictures/Test-Cases/with_mask/inpainting/images/test/tp_inpaint_0_000000018290_tif.png,/home/panuwat/Pictures/Test-Cases/with_mask/inpainting/annotations/test/tp_inpaint_0_000000018290_tif.png,640,379,50.0,115,249,319,241877,58.301601,64.352389,99.76572,99.882723,16.837482,28.822055,99.765831,0.102839,,,
v1.0.7,splicing,splicing/tp_splice1_10007_000000130973_tif,/home/panuwat/Pictures/Test-Cases/with_mask/splicing/images/test/tp_splice1_10007_000000130973_tif.png,/home/panuwat/Pictures/Test-Cases/with_mask/splicing/annotations/test/tp_splice1_10007_000000130973_tif.png,640,427,50.0,3526,324,608,268822,89.374132,94.076802,99.6545,99.826951,79.093764,88.326653,99.658958,0.120381,,,
v1.0.7,splicing,splicing/tp_splice1_10046_000000517430_tif,/home/panuwat/Pictures/Test-Cases/with_mask/splicing/images/test/tp_splice1_10046_000000517430_tif.png,/home/panuwat/Pictures/Test-Cases/with_mask/splicing/annotations/test/tp_splice1_10046_000000517430_tif.png,640,480,50.0,485,315,114,306286,76.461794,84.632628,99.860131,99.930016,53.063457,69.335239,99.860352,0.102739,,,
v1.0.7,splicing,splicing/tp_splice1_10059_000000578306_tif,/home/panuwat/Pictures/Test-Cases/with_mask/splicing/images/test/tp_splice1_10059_000000578306_tif.png,/home/panuwat/Pictures/Test-Cases/with_mask/splicing/annotations/test/tp_splice1_10059_000000578306_tif.png,640,427,50.0,1504,109,175,271492,92.005917,95.660375,99.895502,99.947724,84.116331,91.373026,99.896077,0.040132,,,
v1.0.7,splicing,splicing/tp_splice1_10102_000000389655_tif,/home/panuwat/Pictures/Test-Cases/with_mask/splicing/images/test/tp_splice1_10102_000000389655_tif.png,/home/panuwat/Pictures/Test-Cases/with_mask/splicing/annotations/test/tp_splice1_10102_000000389655_tif.png,640,428,50.0,5202,506,262,267950,93.424938,96.491283,99.714199,99.856895,87.135678,93.125671,99.719626,0.188485,,,
v1.0.7,splicing,splicing/tp_splice1_10147_000000365623_tif,/home/panuwat/Pictures/Test-Cases/with_mask/splicing/images/test/tp_splice1_10147_000000365623_tif.png,/home/panuwat/Pictures/Test-Cases/with_mask/splicing/annotations/test/tp_splice1_10147_000000365623_tif.png,640,480,50.0,8789,325,236,297850,96.906002,98.406565,99.812004,99.905914,94.0,96.907216,99.817383,0.108996,,,
v1.0.7,splicing,splicing/tp_splice1_10176_000000008547_tif,/home/panuwat/Pictures/Test-Cases/with_mask/splicing/images/test/tp_splice1_10176_000000008547_tif.png,/home/panuwat/Pictures/Test-Cases/with_mask/splicing/annotations/test/tp_splice1_10176_000000008547_tif.png,640,419,50.0,2554,140,98,265368,95.693019,97.751625,99.910394,99.955177,91.475645,95.548073,99.911247,0.052729,,,
v1.0.7,splicing,splicing/tp_splice1_10267_000000553552_tif,/home/panuwat/Pictures/Test-Cases/with_mask/splicing/images/test/tp_splice1_10267_000000553552_tif.png,/home/panuwat/Pictures/Test-Cases/with_mask/splicing/annotations/test/tp_splice1_10267_000000553552_tif.png,640,430,50.0,1515,377,83,273225,88.270392,93.367688,99.831924,99.915891,76.708861,86.819484,99.832849,0.137791,,,
v1.0.7,splicing,splicing/tp_splice1_1028_000000424348_tif,/home/panuwat/Pictures/Test-Cases/with_mask/splicing/images/test/tp_splice1_1028_000000424348_tif.png,/home/panuwat/Pictures/Test-Cases/with_mask/splicing/annotations/test/tp_splice1_1028_000000424348_tif.png,640,512,50.0,3597,301,242,323540,93.358254,96.448965,99.83245,99.916155,86.884058,92.981776,99.83429,0.092947,,,
v1.0.7,splicing,splicing/tp_splice1_10311_000000553908_tif,/home/panuwat/Pictures/Test-Cases/with_mask/splicing/images/test/tp_splice1_10311_000000553908_tif.png,/home/panuwat/Pictures/Test-Cases/with_mask/splicing/annotations/test/tp_splice1_10311_000000553908_tif.png,497,640,50.0,0,26,670,317384,49.890594,49.945237,99.781187,99.890474,0.0,0.0,99.781187,0.008191,,,
v1.0.7,splicing,splicing/tp_splice1_10314_000000269103_tif,/home/panuwat/Pictures/Test-Cases/with_mask/splicing/images/test/tp_splice1_10314_000000269103_tif.png,/home/panuwat/Pictures/Test-Cases/with_mask/splicing/annotations/test/tp_splice1_10314_000000269103_tif.png,640,480,50.0,990,187,4,306019,91.882445,95.585507,99.937625,99.968803,83.827265,91.202211,99.937826,0.06107,,,
v1.0.7,splicing,splicing/tp_splice1_1032_000000410356_tif,/home/panuwat/Pictures/Test-Cases/with_mask/splicing/images/test/tp_splice1_1032_000000410356_tif.png,/home/panuwat/Pictures/Test-Cases/with_mask/splicing/annotations/test/tp_splice1_1032_000000410356_tif.png,640,360,50.0,4404,460,94,225442,94.290501,96.979871,99.754863,99.877281,88.82614,94.082461,99.759549,0.203628,,,
v1.0.7,splicing,splicing/tp_splice1_10380_000000465395_tif,/home/panuwat/Pictures/Test-Cases/with_mask/splicing/images/test/tp_splice1_10380_000000465395_tif.png,/home/panuwat/Pictures/Test-Cases/with_mask/splicing/annotations/test/tp_splice1_10380_000000465395_tif.png,640,429,50.0,567,227,143,273623,80.188617,87.665685,99.86496,99.932434,60.512273,75.398936,99.865239,0.082892,,,
v1.0.7,splicing,splicing/tp_splice1_10386_000000480983_tif,/home/panuwat/Pictures/Test-Cases/with_mask/splicing/images/test/tp_splice1_10386_000000480983_tif.png,/home/panuwat/Pictures/Test-Cases/with_mask/splicing/annotations/test/tp_splice1_10386_000000480983_tif.png,640,426,50.0,3765,410,488,267977,90.204014,94.588884,99.666016,99.832729,80.742012,89.34504,99.670628,0.152764,,,
v1.0.7,splicing,splicing/tp_splice1_10397_000000032562_tif,/home/panuwat/Pictures/Test-Cases/with_mask/splicing/images/test/tp_splice1_10397_000000032562_tif.png,/home/panuwat/Pictures/Test-Cases/with_mask/splicing/annotations/test/tp_splice1_10397_000000032562_tif.png,640,427,50.0,5851,482,336,266611,93.714209,96.656641,99.694124,99.846828,87.734293,93.466454,99.700673,0.180461,,,
v1.0.7,splicing,splicing/tp_splice1_10450_000000031497_tif,/home/panuwat/Pictures/Test-Cases/with_mask/splicing/images/test/tp_splice1_10450_000000031497_tif.png,/home/panuwat/Pictures/Test-Cases/with_mask/splicing/annotations/test/tp_splice1_10450_000000031497_tif.png,640,412,50.0,2794,450,21,260415,92.696867,96.068045,99.819461,99.909649,85.574273,92.22644,99.821374,0.172503,,,
